AvgMonthlyCharge,AvgTenure,Churn,ChurnedCustomers,ChurnFlag,ChurnRate,Contract,customerID,Dependents,DeviceProtection,gender,TotalCustomers,Sum of TotalCharges,TenureGroup,Sum of tenure,TechSupport,StreamingTV,StreamingMovies,Sum of SeniorCitizen,PhoneService,PaymentMethod,Partner,PaperlessBilling,OnlineSecurity,OnlineBackup,MultipleLines,Sum of MonthlyCharges,InternetService,MRR_At_Risk
59.9,9,No,,0,,Month-to-month,0003-MKNFE,No,No,Male,1,542.4,0-12,9,No,No,Yes,0,Yes,Mailed check,No,No,No,No,Yes,59.9,DSL,
69.4,9,No,,0,,Month-to-month,0013-MHZWF,Yes,No,Female,1,571.45,0-12,9,Yes,Yes,Yes,0,Yes,Credit card (automatic),No,Yes,No,No,No,69.4,DSL,
48.2,7,No,,0,,Month-to-month,0015-UOCOJ,No,No,Female,1,340.35,0-12,7,No,No,No,1,Yes,Electronic check,No,Yes,Yes,No,No,48.2,DSL,
68.95,5,No,,0,,Month-to-month,0018-NYROU,No,No,Female,1,351.5,0-12,5,No,No,No,0,Yes,Electronic check,Yes,Yes,No,No,No,68.95,Fiber optic,
72.1,1,No,,0,,Month-to-month,0021-IKXGC,No,No,Female,1,72.1,0-12,1,No,No,No,1,Yes,Electronic check,No,Yes,No,No,Yes,72.1,Fiber optic,
83.75,23,No,,0,,Month-to-month,0027-KWYKW,Yes,No,Female,1,1849.95,13-24,23,No,Yes,No,0,Yes,Electronic check,Yes,Yes,No,No,Yes,83.75,Fiber optic,
19.85,3,No,,0,,Month-to-month,0030-FNXPP,No,No,Female,1,57.2,0-12,3,No,No,No,0,Yes,Mailed check,No,No,No,No,No,19.85,No,
89.8,55,No,,0,,Month-to-month,0058-EVZWM,No,No,Female,1,4959.6,49-60,55,No,Yes,No,0,Yes,Bank transfer (automatic),Yes,Yes,Yes,No,Yes,89.8,Fiber optic,
94.75,59,No,,0,,Month-to-month,0060-FUALY,No,No,Female,1,5597.65,49-60,59,No,Yes,No,0,Yes,Electronic check,Yes,Yes,Yes,Yes,Yes,94.75,Fiber optic,
75.75,27,No,,0,,Month-to-month,0064-YIJGF,Yes,No,Male,1,1929,25-36,27,No,No,No,0,Yes,Bank transfer (automatic),Yes,Yes,No,No,Yes,75.75,Fiber optic,
45,29,No,,0,,Month-to-month,0076-LVEPS,Yes,Yes,Male,1,1242.45,25-36,29,Yes,No,No,0,No,Mailed check,No,Yes,Yes,Yes,No phone service,45,DSL,
44.3,1,No,,0,,Month-to-month,0082-LDZUE,No,No,Male,1,44.3,0-12,1,No,No,No,0,Yes,Mailed check,No,Yes,No,No,No,44.3,DSL,
94.2,29,No,,0,,Month-to-month,0082-OQIQY,No,No,Male,1,2607.6,25-36,29,Yes,Yes,Yes,0,Yes,Electronic check,No,Yes,No,No,No,94.2,Fiber optic,
99.95,39,No,,0,,Month-to-month,0089-IIQKO,Yes,No,Female,1,3767.4,37-48,39,Yes,Yes,Yes,0,Yes,Credit card (automatic),Yes,Yes,No,No,Yes,99.95,Fiber optic,
91.55,40,No,,0,,Month-to-month,0093-EXYQL,No,No,Female,1,3673.6,37-48,40,No,Yes,Yes,1,Yes,Electronic check,No,Yes,No,No,No,91.55,Fiber optic,
50.35,6,No,,0,,Month-to-month,0096-BXERS,No,No,Female,1,314.55,0-12,6,No,No,No,0,Yes,Electronic check,Yes,No,No,No,Yes,50.35,DSL,
64.5,30,No,,0,,Month-to-month,0096-FCPUF,No,No,Male,1,1888.45,25-36,30,No,No,Yes,0,Yes,Mailed check,No,Yes,Yes,No,Yes,64.5,DSL,
19.4,27,No,,0,,Month-to-month,0098-BOWSO,No,No,Male,1,529.8,25-36,27,No,No,No,0,Yes,Electronic check,No,Yes,No,No,No,19.4,No,
71.4,16,No,,0,,Month-to-month,0106-GHRQR,No,Yes,Male,1,1212.1,13-24,16,No,No,Yes,0,Yes,Bank transfer (automatic),No,Yes,No,Yes,Yes,71.4,DSL,
93.95,32,No,,0,,Month-to-month,0111-KLBQG,Yes,No,Male,1,2861.45,25-36,32,No,Yes,Yes,1,Yes,Mailed check,Yes,Yes,No,Yes,No,93.95,Fiber optic,
90.8,16,No,,0,,Month-to-month,0112-QAWRZ,Yes,Yes,Male,1,1442.2,13-24,16,No,Yes,No,0,Yes,Bank transfer (automatic),Yes,Yes,No,No,Yes,90.8,Fiber optic,
107.55,33,No,,0,,Month-to-month,0114-PEGZZ,No,Yes,Female,1,3645.5,25-36,33,No,Yes,Yes,0,Yes,Electronic check,No,No,No,Yes,Yes,107.55,Fiber optic,
19.95,10,No,,0,,Month-to-month,0114-RSRRW,No,No,Female,1,187.75,0-12,10,No,No,No,0,Yes,Bank transfer (automatic),Yes,Yes,No,No,No,19.95,No,
85.8,26,No,,0,,Month-to-month,0118-JPNOY,No,No,Female,1,2193.65,25-36,26,No,Yes,No,1,Yes,Credit card (automatic),No,Yes,Yes,No,No,85.8,Fiber optic,
45.8,26,No,,0,,Month-to-month,0128-MKWSG,Yes,No,Female,1,1147,25-36,26,Yes,No,Yes,0,No,Mailed check,No,No,Yes,No,No phone service,45.8,DSL,
94.65,72,No,,0,,Month-to-month,0129-KPTWJ,No,Yes,Male,1,6747.35,61+,72,No,Yes,Yes,0,Yes,Electronic check,Yes,Yes,No,No,No,94.65,Fiber optic,
89.4,66,No,,0,,Month-to-month,0130-SXOUN,No,No,Male,1,5976.9,61+,66,No,No,Yes,0,Yes,Credit card (automatic),No,No,No,Yes,Yes,89.4,Fiber optic,
90.35,2,No,,0,,Month-to-month,0139-IVFJG,No,No,Female,1,190.5,0-12,2,No,Yes,No,0,Yes,Electronic check,Yes,No,Yes,Yes,No,90.35,Fiber optic,
86.45,27,No,,0,,Month-to-month,0141-YEAYS,No,Yes,Female,1,2401.05,25-36,27,No,No,No,1,Yes,Bank transfer (automatic),No,Yes,No,Yes,Yes,86.45,Fiber optic,
20.3,26,No,,0,,Month-to-month,0142-GVYSN,No,No,Male,1,511.25,25-36,26,No,No,No,0,Yes,Electronic check,No,Yes,No,No,No,20.3,No,
101.25,39,No,,0,,Month-to-month,0147-ESWWR,No,No,Female,1,3949.15,37-48,39,Yes,Yes,Yes,1,Yes,Electronic check,Yes,Yes,No,No,Yes,101.25,Fiber optic,
86.85,19,No,,0,,Month-to-month,0168-XZKBB,No,No,Female,1,1564.4,13-24,19,No,Yes,No,0,Yes,Electronic check,Yes,Yes,No,No,Yes,86.85,Fiber optic,
109.9,33,No,,0,,Month-to-month,0177-PXBAT,No,Yes,Male,1,3694.7,25-36,33,Yes,Yes,Yes,1,Yes,Bank transfer (automatic),Yes,Yes,Yes,No,Yes,109.9,Fiber optic,
19.95,3,No,,0,,Month-to-month,0178-CIIKR,No,No,Female,1,58,0-12,3,No,No,No,0,Yes,Mailed check,No,No,No,No,No,19.95,No,
87.2,47,No,,0,,Month-to-month,0178-SZBHO,Yes,No,Male,1,4017.45,37-48,47,No,Yes,No,0,Yes,Electronic check,Yes,No,No,Yes,Yes,87.2,Fiber optic,
89,7,No,,0,,Month-to-month,0187-QSXOE,No,No,Male,1,605.45,0-12,7,No,Yes,Yes,1,Yes,Electronic check,Yes,Yes,No,No,No,89,Fiber optic,
74.4,27,No,,0,,Month-to-month,0187-WZNAB,Yes,No,Female,1,1972.35,25-36,27,No,No,No,0,Yes,Mailed check,Yes,No,Yes,No,No,74.4,Fiber optic,
20.05,2,No,,0,,Month-to-month,0188-GWFLE,No,No,Male,1,33.7,0-12,2,No,No,No,0,Yes,Mailed check,No,No,No,No,No,20.05,No,
74.75,30,No,,0,,Month-to-month,0191-ZHSKZ,No,No,Male,1,2111.3,25-36,30,No,Yes,Yes,1,Yes,Electronic check,No,Yes,Yes,Yes,No,74.75,DSL,
75.2,9,No,,0,,Month-to-month,0196-JTUQI,No,No,Female,1,633.85,0-12,9,No,No,No,0,Yes,Credit card (automatic),No,Yes,No,No,Yes,75.2,Fiber optic,
19.4,12,No,,0,,Month-to-month,0208-BPQEJ,Yes,No,Female,1,198.1,0-12,12,No,No,No,0,Yes,Bank transfer (automatic),Yes,No,No,No,No,19.4,No,
50.35,22,No,,0,,Month-to-month,0212-ISBBF,No,No,Female,1,1098.85,13-24,22,No,Yes,Yes,0,No,Electronic check,No,Yes,No,Yes,No phone service,50.35,DSL,
84.3,30,No,,0,,Month-to-month,0215-BQKGS,No,Yes,Male,1,2438.6,25-36,30,No,No,No,0,Yes,Credit card (automatic),No,Yes,Yes,Yes,No,84.3,Fiber optic,
75.35,4,No,,0,,Month-to-month,0221-WMXNQ,No,No,Male,1,273.4,0-12,4,No,No,No,1,Yes,Electronic check,No,No,Yes,No,No,75.35,Fiber optic,
48.8,52,No,,0,,Month-to-month,0222-CNVPT,No,No,Male,1,2555.05,49-60,52,No,Yes,Yes,1,No,Credit card (automatic),No,Yes,Yes,No,No phone service,48.8,DSL,
44.3,2,No,,0,,Month-to-month,0224-RLWWD,No,No,Female,1,89.3,0-12,2,No,No,No,1,Yes,Electronic check,No,Yes,No,No,No,44.3,DSL,
84.3,3,No,,0,,Month-to-month,0225-ZORZP,No,No,Male,1,235.05,0-12,3,No,No,Yes,0,Yes,Electronic check,No,No,No,Yes,No,84.3,Fiber optic,
59.55,19,No,,0,,Month-to-month,0228-MAUWC,No,Yes,Male,1,1144.6,13-24,19,Yes,No,No,0,Yes,Electronic check,No,No,No,No,Yes,59.55,DSL,
109.65,50,No,,0,,Month-to-month,0237-YFUTL,No,No,Female,1,5405.8,49-60,50,Yes,Yes,Yes,0,Yes,Bank transfer (automatic),Yes,Yes,Yes,Yes,Yes,109.65,Fiber optic,
84.25,46,No,,0,,Month-to-month,0239-OXEXL,No,No,Female,1,3847.6,37-48,46,No,No,No,0,Yes,Mailed check,No,No,Yes,Yes,Yes,84.25,Fiber optic,
19.7,1,No,,0,,Month-to-month,0247-SLUJI,Yes,No,Male,1,19.7,0-12,1,No,No,No,0,Yes,Mailed check,Yes,No,No,No,No,19.7,No,
50.1,1,No,,0,,Month-to-month,0248-IPDFW,No,No,Female,1,50.1,0-12,1,No,No,No,0,Yes,Electronic check,No,Yes,No,No,Yes,50.1,DSL,
62.45,32,No,,0,,Month-to-month,0257-KXZGU,Yes,Yes,Female,1,2045.55,25-36,32,No,No,No,0,Yes,Bank transfer (automatic),Yes,No,No,Yes,Yes,62.45,DSL,
90.4,3,No,,0,,Month-to-month,0258-NOKBL,No,Yes,Male,1,268.45,0-12,3,No,No,Yes,0,Yes,Electronic check,No,No,No,Yes,No,90.4,Fiber optic,
100.7,16,No,,0,,Month-to-month,0265-PSUAE,Yes,Yes,Female,1,1522.7,13-24,16,No,Yes,Yes,0,Yes,Bank transfer (automatic),Yes,No,Yes,No,No,100.7,Fiber optic,
58.85,7,No,,0,,Month-to-month,0274-JKUJR,Yes,Yes,Male,1,465.7,0-12,7,No,Yes,Yes,0,No,Mailed check,Yes,No,Yes,Yes,No phone service,58.85,DSL,
54.4,8,No,,0,,Month-to-month,0277-BKSQP,Yes,No,Male,1,475.1,0-12,8,No,Yes,No,0,Yes,Electronic check,Yes,Yes,No,No,No,54.4,DSL,
29.3,12,No,,0,,Month-to-month,0282-NVSJS,Yes,No,Female,1,355.9,0-12,12,Yes,No,No,1,No,Mailed check,Yes,Yes,No,No,No phone service,29.3,DSL,
54.75,27,No,,0,,Month-to-month,0285-INHLN,Yes,No,Male,1,1510.3,25-36,27,No,No,No,0,Yes,Credit card (automatic),Yes,Yes,Yes,Yes,No,54.75,DSL,
60.55,35,No,,0,,Month-to-month,0289-IVARM,No,Yes,Female,1,1982.6,25-36,35,No,No,No,0,Yes,Electronic check,No,No,Yes,Yes,No,60.55,DSL,
86.2,54,No,,0,,Month-to-month,0292-WEGCH,Yes,Yes,Female,1,4524.05,49-60,54,Yes,Yes,Yes,0,Yes,Electronic check,Yes,Yes,No,Yes,Yes,86.2,DSL,
63.95,5,No,,0,,Month-to-month,0295-QVKPB,No,Yes,Male,1,318.1,0-12,5,Yes,Yes,No,0,Yes,Credit card (automatic),No,Yes,No,No,No,63.95,DSL,
19.25,5,No,,0,,Month-to-month,0303-WMMRN,No,No,Male,1,86.05,0-12,5,No,No,No,0,Yes,Mailed check,No,Yes,No,No,No,19.25,No,
19.85,9,No,,0,,Month-to-month,0310-VQXAM,No,No,Male,1,178.8,0-12,9,No,No,No,0,Yes,Mailed check,No,No,No,No,No,19.85,No,
49.45,6,No,,0,,Month-to-month,0311-QYWSS,No,No,Female,1,314.6,0-12,6,No,No,No,0,Yes,Electronic check,No,Yes,Yes,No,No,49.45,DSL,
55.15,6,No,,0,,Month-to-month,0314-TKOSI,No,No,Female,1,322.9,0-12,6,No,No,No,0,Yes,Mailed check,No,No,Yes,Yes,No,55.15,DSL,
84.8,11,No,,0,,Month-to-month,0315-LVCRK,No,Yes,Male,1,888.75,0-12,11,No,No,Yes,0,Yes,Electronic check,No,No,No,No,No,84.8,Fiber optic,
58.7,3,No,,0,,Month-to-month,0319-QZTCO,Yes,No,Female,1,168.6,0-12,3,No,Yes,No,0,Yes,Credit card (automatic),Yes,Yes,No,Yes,No,58.7,DSL,
19.9,15,No,,0,,Month-to-month,0347-UBKUZ,No,No,Female,1,320.45,13-24,15,No,No,No,0,Yes,Mailed check,No,No,No,No,No,19.9,No,
45.9,11,No,,0,,Month-to-month,0356-ERHVT,No,No,Male,1,521.9,0-12,11,No,No,No,0,Yes,Bank transfer (automatic),Yes,Yes,No,No,No,45.9,DSL,
20.05,25,No,,0,,Month-to-month,0357-NVCRI,Yes,No,Female,1,471.7,25-36,25,No,No,No,0,Yes,Credit card (automatic),No,No,No,No,No,20.05,No,
102.55,17,No,,0,,Month-to-month,0365-BZUWY,No,Yes,Male,1,1742.5,13-24,17,No,Yes,Yes,0,Yes,Electronic check,Yes,Yes,No,Yes,Yes,102.55,Fiber optic,
78.2,18,No,,0,,Month-to-month,0365-GXEZS,No,Yes,Male,1,1468.75,13-24,18,Yes,No,No,0,Yes,Electronic check,Yes,No,No,No,No,78.2,Fiber optic,
91.2,37,No,,0,,Month-to-month,0365-TRTPY,No,Yes,Female,1,3382.3,37-48,37,No,No,No,0,Yes,Bank transfer (automatic),No,No,Yes,Yes,Yes,91.2,Fiber optic,
19.35,2,No,,0,,Month-to-month,0366-NQSHS,No,No,Male,1,46.35,0-12,2,No,No,No,0,Yes,Mailed check,No,No,No,No,No,19.35,No,
50.15,1,No,,0,,Month-to-month,0374-AACSZ,No,No,Female,1,50.15,0-12,1,No,No,No,0,Yes,Electronic check,No,No,Yes,No,No,50.15,DSL,
44.6,3,No,,0,,Month-to-month,0374-IOEGQ,No,No,Female,1,122.7,0-12,3,No,No,No,0,Yes,Electronic check,No,No,No,No,No,44.6,DSL,
93.6,36,No,,0,,Month-to-month,0376-OIWME,No,No,Male,1,3366.05,25-36,36,No,Yes,Yes,0,Yes,Electronic check,Yes,Yes,Yes,No,No,93.6,Fiber optic,
57.95,22,No,,0,,Month-to-month,0377-JBKKT,Yes,No,Male,1,1271.8,13-24,22,Yes,No,No,0,Yes,Mailed check,Yes,Yes,Yes,Yes,No,57.95,DSL,
20,10,No,,0,,Month-to-month,0380-ZCSBI,No,No,Male,1,198.7,0-12,10,No,No,No,0,Yes,Credit card (automatic),No,No,No,No,No,20,No,
64.4,20,No,,0,,Month-to-month,0384-RVBPI,No,Yes,Male,1,1398.6,13-24,20,No,No,Yes,0,Yes,Credit card (automatic),No,No,Yes,No,No,64.4,DSL,
19.3,2,No,,0,,Month-to-month,0396-HUJBP,No,No,Female,1,44.4,0-12,2,No,No,No,0,Yes,Mailed check,No,No,No,No,No,19.3,No,
55.3,23,No,,0,,Month-to-month,0396-UKGAI,Yes,No,Male,1,1284.2,13-24,23,Yes,No,No,0,Yes,Bank transfer (automatic),No,Yes,No,Yes,No,55.3,DSL,
95.4,36,No,,0,,Month-to-month,0396-YCHWO,No,No,Male,1,3474.2,25-36,36,No,Yes,Yes,0,Yes,Electronic check,Yes,Yes,No,No,Yes,95.4,Fiber optic,
83.85,31,No,,0,,Month-to-month,0410-IPFTY,No,No,Female,1,2674.15,25-36,31,No,No,Yes,0,Yes,Bank transfer (automatic),Yes,Yes,No,Yes,No,83.85,Fiber optic,
60.25,3,No,,0,,Month-to-month,0411-EZJZE,No,No,Female,1,170.5,0-12,3,No,Yes,No,0,Yes,Electronic check,No,Yes,No,No,Yes,60.25,DSL,
85.3,49,No,,0,,Month-to-month,0419-YAAPX,No,No,Male,1,4297.95,49-60,49,No,Yes,No,0,Yes,Credit card (automatic),Yes,Yes,No,Yes,No,85.3,Fiber optic,
99.75,39,No,,0,,Month-to-month,0420-HLGXF,No,Yes,Female,1,4036,37-48,39,No,Yes,Yes,1,Yes,Electronic check,No,Yes,No,No,Yes,99.75,Fiber optic,
49.2,9,No,,0,,Month-to-month,0423-UDIJQ,No,No,Male,1,447.9,0-12,9,Yes,No,No,1,Yes,Mailed check,No,No,No,No,No,49.2,DSL,
87,22,No,,0,,Month-to-month,0428-IKYCP,No,Yes,Male,1,1850.65,13-24,22,No,Yes,No,0,Yes,Bank transfer (automatic),Yes,Yes,No,No,No,87,Fiber optic,
49,15,No,,0,,Month-to-month,0430-IHCDJ,No,No,Male,1,749.25,13-24,15,No,No,No,0,Yes,Electronic check,No,Yes,No,No,Yes,49,DSL,
90.7,3,No,,0,,Month-to-month,0432-CAJZV,No,No,Male,1,237.65,0-12,3,No,Yes,Yes,0,Yes,Mailed check,No,No,No,No,No,90.7,Fiber optic,
100.5,47,No,,0,,Month-to-month,0434-CSFON,No,Yes,Female,1,4707.1,37-48,47,No,Yes,Yes,0,Yes,Electronic check,Yes,Yes,No,No,Yes,100.5,Fiber optic,
74.7,18,No,,0,,Month-to-month,0439-IFYUN,No,No,Female,1,1294.6,13-24,18,No,No,No,1,Yes,Electronic check,No,Yes,No,Yes,No,74.7,Fiber optic,
50.15,44,No,,0,,Month-to-month,0440-QEXBZ,No,No,Female,1,2139.1,37-48,44,No,No,No,0,Yes,Mailed check,No,Yes,No,No,Yes,50.15,DSL,
99.65,24,No,,0,,Month-to-month,0447-RXSGD,No,No,Male,1,2404.85,13-24,24,No,Yes,Yes,0,Yes,Bank transfer (automatic),No,Yes,No,Yes,Yes,99.65,Fiber optic,
69.55,3,No,,0,,Month-to-month,0455-XFASS,Yes,No,Female,1,200.2,0-12,3,No,No,No,0,Yes,Electronic check,Yes,Yes,No,No,No,69.55,Fiber optic,
20.75,3,No,,0,,Month-to-month,0463-WZZKO,No,No,Male,1,67.1,0-12,3,No,No,No,0,Yes,Credit card (automatic),No,Yes,No,No,No,20.75,No,
56.75,10,No,,0,,Month-to-month,0463-ZSDNT,No,No,Male,1,503.25,0-12,10,No,No,Yes,0,Yes,Bank transfer (automatic),No,Yes,No,No,No,56.75,DSL,
98.8,29,No,,0,,Month-to-month,0468-YRPXN,No,Yes,Male,1,2807.1,25-36,29,Yes,Yes,Yes,0,Yes,Credit card (automatic),No,Yes,No,No,No,98.8,Fiber optic,
96.8,19,No,,0,,Month-to-month,0480-BIXDE,No,Yes,Female,1,1743.05,13-24,19,No,Yes,Yes,0,Yes,Electronic check,Yes,Yes,No,No,No,96.8,Fiber optic,
25.25,41,No,,0,,Month-to-month,0484-JPBRU,No,No,Male,1,996.45,37-48,41,No,No,No,0,Yes,Bank transfer (automatic),No,Yes,No,No,Yes,25.25,No,
99.4,61,No,,0,,Month-to-month,0487-RPVUM,No,Yes,Male,1,5943.65,61+,61,Yes,Yes,No,0,Yes,Bank transfer (automatic),Yes,No,Yes,No,Yes,99.4,Fiber optic,
19.15,25,No,,0,,Month-to-month,0487-VVUVK,Yes,No,Male,1,477.6,25-36,25,No,No,No,0,Yes,Mailed check,Yes,Yes,No,No,No,19.15,No,
73.7,21,No,,0,,Month-to-month,0491-KAPQG,No,No,Male,1,1558.7,13-24,21,No,No,No,0,Yes,Electronic check,No,Yes,No,No,Yes,73.7,Fiber optic,
71.65,2,No,,0,,Month-to-month,0508-OOLTO,Yes,No,Female,1,135.75,0-12,2,No,No,No,0,Yes,Electronic check,Yes,Yes,No,No,No,71.65,Fiber optic,
20.3,24,No,,0,,Month-to-month,0516-QREYC,No,No,Female,1,459.95,13-24,24,No,No,No,1,Yes,Mailed check,No,Yes,No,No,No,20.3,No,
20.35,20,No,,0,,Month-to-month,0519-DRGTI,Yes,No,Female,1,442.6,13-24,20,No,No,No,0,Yes,Mailed check,Yes,No,No,No,No,20.35,No,
50.5,52,No,,0,,Month-to-month,0523-VNGTF,No,Yes,Female,1,2566.3,49-60,52,Yes,Yes,No,1,No,Electronic check,No,Yes,No,Yes,No phone service,50.5,DSL,
74,55,No,,0,,Month-to-month,0531-ZZJWQ,No,No,Male,1,4052.4,49-60,55,No,No,No,1,Yes,Electronic check,Yes,Yes,No,No,Yes,74,Fiber optic,
20.5,28,No,,0,,Month-to-month,0536-BGFMZ,No,No,Female,1,563.05,25-36,28,No,No,No,0,Yes,Mailed check,Yes,No,No,No,No,20.5,No,
79.85,24,No,,0,,Month-to-month,0537-QYZZN,Yes,No,Male,1,1857.75,13-24,24,No,No,No,1,Yes,Electronic check,Yes,Yes,Yes,No,Yes,79.85,Fiber optic,
62.15,2,No,,0,,Month-to-month,0541-FITGH,No,No,Female,1,113.1,0-12,2,No,No,Yes,0,Yes,Mailed check,Yes,Yes,Yes,No,No,62.15,DSL,
21.05,12,No,,0,,Month-to-month,0547-HURJB,Yes,No,Male,1,235.8,0-12,12,No,No,No,0,Yes,Credit card (automatic),No,No,No,No,No,21.05,No,
73.35,13,No,,0,,Month-to-month,0550-DCXLH,No,No,Male,1,931.55,13-24,13,Yes,Yes,Yes,0,Yes,Mailed check,No,No,No,Yes,No,73.35,DSL,
95.5,20,No,,0,,Month-to-month,0564-MUUQK,Yes,Yes,Female,1,1916.2,13-24,20,Yes,No,Yes,0,Yes,Bank transfer (automatic),Yes,Yes,No,No,Yes,95.5,Fiber optic,
61.4,7,No,,0,,Month-to-month,0567-GGCAC,No,Yes,Female,1,438.9,0-12,7,No,No,No,0,Yes,Electronic check,No,No,Yes,Yes,No,61.4,DSL,
80.55,9,No,,0,,Month-to-month,0570-BFQHT,No,Yes,Female,1,653.9,0-12,9,No,No,No,0,Yes,Electronic check,No,No,No,Yes,No,80.55,Fiber optic,
90.7,16,No,,0,,Month-to-month,0577-WHMEV,No,Yes,Female,1,1374.9,13-24,16,No,No,No,0,Yes,Electronic check,Yes,No,Yes,Yes,Yes,90.7,Fiber optic,
72.75,4,No,,0,,Month-to-month,0581-BXBUB,No,No,Female,1,317.75,0-12,4,No,No,No,1,Yes,Electronic check,No,No,No,Yes,No,72.75,Fiber optic,
88.95,24,No,,0,,Month-to-month,0581-MDMPW,No,Yes,Female,1,2072.75,13-24,24,No,Yes,No,0,Yes,Credit card (automatic),No,Yes,No,No,Yes,88.95,Fiber optic,
78.35,25,No,,0,,Month-to-month,0584-BJQGZ,No,Yes,Female,1,1837.9,25-36,25,Yes,Yes,No,0,Yes,Bank transfer (automatic),No,Yes,Yes,Yes,Yes,78.35,DSL,
80,40,No,,0,,Month-to-month,0585-EGDDA,No,Yes,Male,1,3168.75,37-48,40,No,No,No,0,Yes,Electronic check,Yes,Yes,No,Yes,No,80,Fiber optic,
19.85,13,No,,0,,Month-to-month,0594-UFTUL,Yes,No,Male,1,252,13-24,13,No,No,No,0,Yes,Mailed check,Yes,Yes,No,No,No,19.85,No,
91.8,64,No,,0,,Month-to-month,0595-ITUDF,Yes,Yes,Male,1,5960.5,61+,64,No,No,No,0,Yes,Electronic check,Yes,Yes,Yes,Yes,Yes,91.8,Fiber optic,
69.8,20,No,,0,,Month-to-month,0599-XNYDO,No,No,Female,1,1540.35,13-24,20,No,No,No,0,Yes,Bank transfer (automatic),Yes,Yes,No,No,No,69.8,Fiber optic,
69.85,12,No,,0,,Month-to-month,0603-OLQDC,Yes,No,Male,1,837.5,0-12,12,No,Yes,Yes,0,Yes,Mailed check,No,Yes,Yes,No,No,69.85,DSL,
81.9,13,No,,0,,Month-to-month,0620-DLSLK,No,No,Female,1,1028.9,13-24,13,No,Yes,No,0,Yes,Mailed check,No,Yes,No,No,No,81.9,Fiber optic,
18.85,4,No,,0,,Month-to-month,0620-XEFWH,Yes,No,Male,1,84.2,0-12,4,No,No,No,0,Yes,Mailed check,Yes,No,No,No,No,18.85,No,
81.55,63,No,,0,,Month-to-month,0621-HJWXJ,No,No,Female,1,5029.05,61+,63,No,No,No,0,Yes,Bank transfer (automatic),Yes,Yes,No,Yes,Yes,81.55,Fiber optic,
48.45,1,No,,0,,Month-to-month,0623-GDISB,No,No,Female,1,48.45,0-12,1,No,No,No,0,Yes,Bank transfer (automatic),No,Yes,Yes,No,No,48.45,DSL,
82.3,3,No,,0,,Month-to-month,0641-EVBOJ,No,No,Male,1,214.4,0-12,3,Yes,No,No,0,Yes,Mailed check,No,Yes,Yes,No,No,82.3,Fiber optic,
70.65,4,No,,0,,Month-to-month,0644-OQMDK,No,No,Male,1,293.85,0-12,4,No,No,No,1,Yes,Electronic check,No,Yes,No,No,No,70.65,Fiber optic,
73.55,18,No,,0,,Month-to-month,0650-BWOZN,No,No,Female,1,1359.45,13-24,18,No,No,No,1,Yes,Electronic check,No,Yes,No,Yes,No,73.55,Fiber optic,
48.95,29,No,,0,,Month-to-month,0655-YDGFJ,No,Yes,Male,1,1323.7,25-36,29,No,No,No,0,Yes,Bank transfer (automatic),No,No,No,No,No,48.95,DSL,
85.2,34,No,,0,,Month-to-month,0666-UXTJO,No,Yes,Male,1,2874.45,25-36,34,No,Yes,No,1,Yes,Credit card (automatic),Yes,Yes,No,No,No,85.2,Fiber optic,
28.5,21,No,,0,,Month-to-month,0668-OGMHD,No,No,Female,1,629.35,13-24,21,No,No,No,0,No,Electronic check,Yes,No,Yes,No,No phone service,28.5,DSL,
20.25,1,No,,0,,Month-to-month,0670-KDOMA,No,No,Female,1,20.25,0-12,1,No,No,No,0,Yes,Mailed check,No,Yes,No,No,No,20.25,No,
20.45,1,No,,0,,Month-to-month,0673-IGUQO,No,No,Male,1,20.45,0-12,1,No,No,No,0,Yes,Mailed check,No,No,No,No,No,20.45,No,
93.5,32,No,,0,,Month-to-month,0674-DGMAQ,No,Yes,Male,1,2970.8,25-36,32,No,No,Yes,1,Yes,Electronic check,Yes,Yes,No,Yes,Yes,93.5,Fiber optic,
54.65,1,No,,0,,Month-to-month,0674-EYYZV,No,No,Female,1,54.65,0-12,1,No,Yes,No,0,Yes,Electronic check,No,Yes,No,No,No,54.65,DSL,
86.05,21,No,,0,,Month-to-month,0682-USIXD,No,No,Female,1,1818.9,13-24,21,Yes,Yes,No,0,Yes,Electronic check,Yes,Yes,No,No,No,86.05,Fiber optic,
85.8,52,No,,0,,Month-to-month,0689-DSXGL,Yes,Yes,Female,1,4433.3,49-60,52,Yes,No,No,0,Yes,Bank transfer (automatic),Yes,No,No,Yes,No,85.8,Fiber optic,
19.65,4,No,,0,,Month-to-month,0690-SRQID,No,No,Male,1,67.55,0-12,4,No,No,No,0,Yes,Mailed check,No,Yes,No,No,No,19.65,No,
54.15,23,No,,0,,Month-to-month,0696-UKTOX,Yes,No,Male,1,1312.45,13-24,23,Yes,No,No,0,Yes,Electronic check,No,No,No,Yes,No,54.15,DSL,
58.75,57,No,,0,,Month-to-month,0699-NDKJM,No,Yes,Female,1,3437.45,49-60,57,No,Yes,Yes,0,No,Bank transfer (automatic),Yes,Yes,Yes,Yes,No phone service,58.75,DSL,
95.4,49,No,,0,,Month-to-month,0701-RFGFI,Yes,No,Female,1,4613.95,49-60,49,No,Yes,Yes,0,Yes,Bank transfer (automatic),Yes,Yes,No,No,Yes,95.4,Fiber optic,
68.25,9,No,,0,,Month-to-month,0701-TJSEF,No,Yes,Male,1,576.95,0-12,9,Yes,No,Yes,0,Yes,Bank transfer (automatic),No,Yes,Yes,No,No,68.25,DSL,
65.85,13,No,,0,,Month-to-month,0708-LGSMF,No,No,Male,1,902.25,13-24,13,No,No,Yes,0,Yes,Electronic check,Yes,Yes,Yes,No,Yes,65.85,DSL,
65,34,No,,0,,Month-to-month,0708-SJDIS,No,No,Female,1,2157.5,25-36,34,Yes,Yes,No,0,Yes,Mailed check,No,No,No,No,Yes,65,DSL,
100.4,7,No,,0,,Month-to-month,0722-SVSFK,No,Yes,Female,1,715,0-12,7,Yes,Yes,Yes,0,Yes,Electronic check,No,Yes,No,No,No,100.4,Fiber optic,
94.3,30,No,,0,,Month-to-month,0730-KOAVE,No,No,Male,1,2679.7,25-36,30,No,No,Yes,0,Yes,Credit card (automatic),No,Yes,Yes,Yes,Yes,94.3,Fiber optic,
70.7,3,No,,0,,Month-to-month,0734-OXWBT,Yes,No,Male,1,225.65,0-12,3,Yes,Yes,Yes,0,Yes,Mailed check,No,No,No,No,No,70.7,DSL,
86.8,64,No,,0,,Month-to-month,0744-GKNGE,Yes,No,Female,1,5327.25,61+,64,Yes,No,No,0,Yes,Bank transfer (automatic),Yes,Yes,Yes,No,Yes,86.8,Fiber optic,
45.3,13,No,,0,,Month-to-month,0749-IRGQE,No,No,Female,1,528.45,13-24,13,No,Yes,Yes,1,No,Electronic check,Yes,No,No,No,No phone service,45.3,DSL,
20.75,7,No,,0,,Month-to-month,0750-EKNGL,No,No,Male,1,141.1,0-12,7,No,No,No,0,Yes,Mailed check,No,No,No,No,No,20.75,No,
112.95,16,No,,0,,Month-to-month,0771-WLCLA,Yes,Yes,Female,1,1882.55,13-24,16,Yes,Yes,Yes,0,Yes,Electronic check,Yes,Yes,Yes,No,Yes,112.95,Fiber optic,
65.15,11,No,,0,,Month-to-month,0774-IFUVM,Yes,No,Male,1,723.35,0-12,11,No,Yes,No,0,Yes,Bank transfer (automatic),Yes,Yes,Yes,No,Yes,65.15,DSL,
20.6,16,No,,0,,Month-to-month,0787-LHDYT,No,No,Male,1,330.25,13-24,16,No,No,No,0,Yes,Credit card (automatic),No,Yes,No,No,No,20.6,No,
80.15,4,No,,0,,Month-to-month,0793-TWELN,No,No,Female,1,319.85,0-12,4,No,No,No,0,Yes,Electronic check,No,Yes,Yes,No,Yes,80.15,Fiber optic,
46.3,15,No,,0,,Month-to-month,0799-DDIHE,Yes,No,Female,1,639.45,13-24,15,No,No,No,0,Yes,Electronic check,Yes,No,No,No,No,46.3,DSL,
25.2,11,No,,0,,Month-to-month,0804-XBFBV,Yes,No,Female,1,321.05,0-12,11,No,No,No,0,No,Electronic check,No,No,No,No,No phone service,25.2,DSL,
30.15,13,No,,0,,Month-to-month,0811-GSDTP,Yes,No,Female,1,382.2,13-24,13,No,No,No,0,No,Electronic check,No,No,No,Yes,No phone service,30.15,DSL,
20.75,2,No,,0,,Month-to-month,0816-TSPHQ,No,No,Male,1,44.2,0-12,2,No,No,No,0,Yes,Mailed check,No,No,No,No,No,20.75,No,
75.5,1,No,,0,,Month-to-month,0817-HSUSE,No,Yes,Male,1,75.5,0-12,1,Yes,Yes,Yes,0,Yes,Electronic check,No,Yes,No,No,No,75.5,DSL,
66.7,17,No,,0,,Month-to-month,0820-FNRNX,Yes,Yes,Male,1,1077.05,13-24,17,Yes,No,No,0,Yes,Mailed check,Yes,Yes,No,Yes,Yes,66.7,DSL,
83.85,27,No,,0,,Month-to-month,0822-QGCXA,No,Yes,Female,1,2310.2,25-36,27,Yes,Yes,Yes,1,Yes,Electronic check,Yes,No,No,Yes,Yes,83.85,DSL,
89.4,20,No,,0,,Month-to-month,0829-XXPLX,No,Yes,Female,1,1871.15,13-24,20,No,Yes,No,0,Yes,Bank transfer (automatic),No,Yes,Yes,No,No,89.4,Fiber optic,
75.35,7,No,,0,,Month-to-month,0840-DFEZH,No,No,Female,1,564.65,0-12,7,No,No,No,0,Yes,Electronic check,No,Yes,No,No,Yes,75.35,Fiber optic,
44.95,46,No,,0,,Month-to-month,0842-IWYCP,No,No,Female,1,2168.9,37-48,46,No,No,No,0,Yes,Bank transfer (automatic),No,No,No,No,No,44.95,DSL,
94.65,16,No,,0,,Month-to-month,0848-ZGQIJ,No,No,Female,1,1461.15,13-24,16,No,Yes,Yes,0,Yes,Bank transfer (automatic),Yes,Yes,No,Yes,No,94.65,Fiber optic,
58.95,15,No,,0,,Month-to-month,0851-DFJKB,No,Yes,Female,1,955.15,13-24,15,Yes,No,No,0,Yes,Electronic check,No,No,Yes,No,No,58.95,DSL,
60.9,6,No,,0,,Month-to-month,0856-NAOES,No,Yes,Male,1,414.1,0-12,6,No,Yes,No,0,Yes,Mailed check,No,No,No,No,No,60.9,DSL,
75.15,5,No,,0,,Month-to-month,0867-LDTTC,No,Yes,Male,1,392.65,0-12,5,Yes,Yes,Yes,0,Yes,Bank transfer (automatic),No,No,No,No,No,75.15,DSL,
85.7,26,No,,0,,Month-to-month,0869-PAPRP,No,Yes,Female,1,2067,25-36,26,No,Yes,No,1,Yes,Credit card (automatic),Yes,Yes,No,No,No,85.7,Fiber optic,
20.05,2,No,,0,,Month-to-month,0871-OPBXW,No,No,Female,1,39.25,0-12,2,No,No,No,0,Yes,Mailed check,No,Yes,No,No,No,20.05,No,
65.75,17,No,,0,,Month-to-month,0872-JCPIB,No,No,Male,1,1111.2,13-24,17,No,No,Yes,0,Yes,Bank transfer (automatic),No,No,Yes,No,Yes,65.75,DSL,
86.4,56,No,,0,,Month-to-month,0880-FVFWF,No,No,Male,1,4922.4,49-60,56,No,No,No,0,Yes,Electronic check,No,Yes,Yes,Yes,Yes,86.4,Fiber optic,
100.85,34,No,,0,,Month-to-month,0899-LIIBW,No,Yes,Male,1,3527.3,25-36,34,No,Yes,Yes,0,Yes,Electronic check,Yes,No,No,No,Yes,100.85,Fiber optic,
105.35,56,No,,0,,Month-to-month,0899-WZRSD,No,No,Male,1,5794.45,49-60,56,Yes,Yes,Yes,0,Yes,Mailed check,No,Yes,Yes,No,Yes,105.35,Fiber optic,
29.8,7,No,,0,,Month-to-month,0909-SDHNU,Yes,No,Female,1,201.95,0-12,7,No,No,No,0,No,Mailed check,No,No,Yes,No,No phone service,29.8,DSL,
85.5,55,No,,0,,Month-to-month,0913-XWSCN,Yes,No,Male,1,4713.4,49-60,55,No,No,Yes,0,Yes,Bank transfer (automatic),Yes,No,No,No,Yes,85.5,Fiber optic,
95.8,14,No,,0,,Month-to-month,0916-QOFDP,Yes,No,Female,1,1346.3,13-24,14,No,Yes,Yes,1,Yes,Electronic check,Yes,Yes,No,No,Yes,95.8,Fiber optic,
83.05,22,No,,0,,Month-to-month,0921-OHLVP,No,No,Male,1,1799.3,13-24,22,No,No,Yes,0,Yes,Electronic check,No,No,No,No,Yes,83.05,Fiber optic,
89.45,60,No,,0,,Month-to-month,0924-BJCRC,No,No,Female,1,5294.6,49-60,60,No,No,Yes,1,Yes,Electronic check,Yes,No,No,Yes,Yes,89.45,Fiber optic,
19.55,1,No,,0,,Month-to-month,0927-CNGRH,Yes,No,Male,1,19.55,0-12,1,No,No,No,0,Yes,Mailed check,No,No,No,No,No,19.55,No,
29.9,4,No,,0,,Month-to-month,0928-JMXNP,No,Yes,Male,1,118.25,0-12,4,No,No,No,1,No,Electronic check,Yes,Yes,No,No,No phone service,29.9,DSL,
80.5,13,No,,0,,Month-to-month,0928-XUTSN,No,No,Female,1,1011.8,13-24,13,No,No,Yes,0,Yes,Electronic check,No,Yes,No,No,No,80.5,Fiber optic,
50.15,3,No,,0,,Month-to-month,0929-HYQEW,No,No,Male,1,160.85,0-12,3,No,No,No,0,Yes,Mailed check,No,Yes,Yes,No,No,50.15,DSL,
89.6,63,No,,0,,Month-to-month,0929-PECLO,No,Yes,Female,1,5538.8,61+,63,No,No,Yes,1,Yes,Bank transfer (automatic),No,Yes,No,No,Yes,89.6,Fiber optic,
53.45,13,No,,0,,Month-to-month,0939-EREMR,Yes,Yes,Female,1,718.1,13-24,13,Yes,No,No,0,Yes,Mailed check,No,No,No,No,No,53.45,DSL,
92.95,44,No,,0,,Month-to-month,0943-ZQPXH,Yes,Yes,Male,1,4122.9,37-48,44,No,Yes,Yes,0,Yes,Bank transfer (automatic),Yes,Yes,No,No,No,92.95,Fiber optic,
35.5,12,No,,0,,Month-to-month,0953-LGOVU,Yes,No,Male,1,432.25,0-12,12,Yes,No,No,0,No,Mailed check,Yes,No,No,Yes,No phone service,35.5,DSL,
69.9,7,No,,0,,Month-to-month,0958-YHXGP,No,No,Female,1,497.3,0-12,7,No,No,No,0,Yes,Mailed check,No,Yes,No,No,No,69.9,Fiber optic,
19.65,1,No,,0,,Month-to-month,0970-QXPXW,No,No,Female,1,19.65,0-12,1,No,No,No,0,Yes,Mailed check,No,No,No,No,No,19.65,No,
29.2,3,No,,0,,Month-to-month,0975-VOOVL,No,No,Female,1,98.5,0-12,3,No,No,No,0,No,Mailed check,No,No,No,Yes,No phone service,29.2,DSL,
50.85,40,No,,0,,Month-to-month,0980-PVMRC,Yes,No,Female,1,2036.55,37-48,40,No,Yes,Yes,0,No,Electronic check,Yes,Yes,No,Yes,No phone service,50.85,DSL,
54.2,3,No,,0,,Month-to-month,0988-JRWWP,No,No,Female,1,140.4,0-12,3,No,Yes,No,0,Yes,Electronic check,No,Yes,No,No,No,54.2,DSL,
48.8,19,No,,0,,Month-to-month,0997-YTLNY,Yes,No,Female,1,953.65,13-24,19,Yes,No,No,0,Yes,Mailed check,No,No,No,No,No,48.8,DSL,
45.75,7,No,,0,,Month-to-month,0999-QXNSA,Yes,No,Male,1,344.2,0-12,7,No,No,No,1,Yes,Mailed check,No,Yes,No,No,No,45.75,DSL,
100.8,66,No,,0,,Month-to-month,1013-QCWAM,No,No,Female,1,6690.75,61+,66,No,Yes,Yes,1,Yes,Electronic check,Yes,Yes,No,Yes,Yes,100.8,Fiber optic,
19.05,1,No,,0,,Month-to-month,1015-OWJKI,No,No,Male,1,19.05,0-12,1,No,No,No,0,Yes,Mailed check,No,No,No,No,No,19.05,No,
69.7,8,No,,0,,Month-to-month,1016-DJTSV,No,No,Male,1,572.85,0-12,8,No,No,No,1,Yes,Electronic check,No,Yes,No,No,No,69.7,Fiber optic,
90.55,56,No,,0,,Month-to-month,1020-JPQOW,No,Yes,Female,1,5116.6,49-60,56,Yes,No,No,0,Yes,Electronic check,Yes,No,No,Yes,Yes,90.55,Fiber optic,
69.05,26,No,,0,,Month-to-month,1025-FALIX,No,No,Female,1,1815.65,25-36,26,No,No,No,0,Yes,Credit card (automatic),No,Yes,No,No,No,69.05,Fiber optic,
101.5,30,No,,0,,Month-to-month,1028-FFNJK,No,No,Male,1,2917.65,25-36,30,Yes,Yes,Yes,1,Yes,Electronic check,Yes,Yes,No,No,Yes,101.5,Fiber optic,
103.5,63,No,,0,,Month-to-month,1035-IPQPU,No,Yes,Female,1,6479.4,61+,63,No,Yes,Yes,1,Yes,Electronic check,Yes,Yes,No,Yes,Yes,103.5,Fiber optic,
79.05,60,No,,0,,Month-to-month,1036-GUDCL,Yes,No,Male,1,4663.4,49-60,60,Yes,Yes,Yes,0,Yes,Credit card (automatic),Yes,Yes,Yes,Yes,No,79.05,DSL,
20.6,19,No,,0,,Month-to-month,1038-RQOST,Yes,No,Male,1,414.95,13-24,19,No,No,No,0,Yes,Mailed check,Yes,No,No,No,No,20.6,No,
21.05,8,No,,0,,Month-to-month,1045-LTCYT,Yes,No,Female,1,139.75,0-12,8,No,No,No,0,Yes,Credit card (automatic),Yes,No,No,No,No,21.05,No,
70.55,20,No,,0,,Month-to-month,1047-NNCBF,No,No,Male,1,1493.55,13-24,20,No,No,No,0,Yes,Credit card (automatic),No,No,No,No,No,70.55,Fiber optic,
35.65,17,No,,0,,Month-to-month,1049-FYSYG,No,Yes,Female,1,646.05,13-24,17,No,No,No,0,No,Credit card (automatic),Yes,Yes,No,Yes,No phone service,35.65,DSL,
19.6,44,No,,0,,Month-to-month,1051-EQPZR,Yes,No,Female,1,780.25,37-48,44,No,No,No,0,Yes,Mailed check,Yes,No,No,No,No,19.6,No,
19.5,2,No,,0,,Month-to-month,1051-GEJLJ,No,No,Female,1,27.55,0-12,2,No,No,No,0,Yes,Mailed check,No,No,No,No,No,19.5,No,
19.65,18,No,,0,,Month-to-month,1057-FOGLZ,No,No,Female,1,391.7,13-24,18,No,No,No,0,Yes,Mailed check,No,No,No,No,No,19.65,No,
109.6,56,No,,0,,Month-to-month,1061-PNTHC,Yes,Yes,Female,1,5953,49-60,56,Yes,Yes,Yes,0,Yes,Mailed check,Yes,Yes,Yes,No,Yes,109.6,Fiber optic,
108.25,53,No,,0,,Month-to-month,1074-AMIOH,Yes,Yes,Female,1,5935.1,49-60,53,Yes,Yes,Yes,0,Yes,Bank transfer (automatic),Yes,Yes,No,Yes,No,108.25,Fiber optic,
71.05,7,No,,0,,Month-to-month,1077-HUUJM,Yes,No,Female,1,472.65,0-12,7,No,No,No,0,Yes,Electronic check,No,Yes,No,No,No,71.05,Fiber optic,
30.75,3,No,,0,,Month-to-month,1078-TDCRN,No,No,Female,1,82.85,0-12,3,No,No,No,1,No,Electronic check,Yes,Yes,No,Yes,No phone service,30.75,DSL,
54.55,11,No,,0,,Month-to-month,1089-HDMKP,Yes,No,Male,1,601.25,0-12,11,Yes,No,No,1,Yes,Electronic check,No,Yes,No,Yes,No,54.55,DSL,
54.55,42,No,,0,,Month-to-month,1097-FSPVW,No,Yes,Female,1,2455.05,37-48,42,No,No,No,0,Yes,Credit card (automatic),No,No,Yes,No,No,54.55,DSL,
19.25,1,No,,0,,Month-to-month,1098-TDVUQ,No,No,Female,1,19.25,0-12,1,No,No,No,0,Yes,Bank transfer (automatic),No,Yes,No,No,No,19.25,No,
49.8,17,No,,0,,Month-to-month,1100-DDVRV,No,No,Male,1,836.35,13-24,17,No,Yes,Yes,0,No,Mailed check,Yes,Yes,No,Yes,No phone service,49.8,DSL,
51.1,15,No,,0,,Month-to-month,1101-SSWAG,No,No,Female,1,711.15,13-24,15,No,No,No,0,Yes,Electronic check,Yes,Yes,No,No,Yes,51.1,DSL,
64.4,28,No,,0,,Month-to-month,1104-FEJAM,Yes,No,Male,1,1802.15,25-36,28,No,No,Yes,0,Yes,Electronic check,Yes,No,No,Yes,Yes,64.4,DSL,
105.8,28,No,,0,,Month-to-month,1104-TNLZA,No,No,Male,1,2998,25-36,28,Yes,Yes,Yes,1,Yes,Electronic check,Yes,Yes,No,Yes,Yes,105.8,Fiber optic,
108.25,63,No,,0,,Month-to-month,1110-KYLGQ,No,Yes,Female,1,6780.1,61+,63,No,Yes,Yes,0,Yes,Credit card (automatic),No,No,Yes,Yes,Yes,108.25,Fiber optic,
43.8,49,No,,0,,Month-to-month,1125-SNVCK,No,No,Female,1,2106.05,49-60,49,No,No,No,1,Yes,Mailed check,No,No,No,No,No,43.8,DSL,
53.8,27,No,,0,,Month-to-month,1134-YWTYF,No,No,Male,1,1389.85,25-36,27,Yes,No,No,0,Yes,Electronic check,Yes,Yes,No,Yes,No,53.8,DSL,
19.85,1,No,,0,,Month-to-month,1135-LMECX,No,No,Female,1,19.85,0-12,1,No,No,No,0,Yes,Mailed check,No,No,No,No,No,19.85,No,
24.8,17,No,,0,,Month-to-month,1140-UKVZG,No,No,Female,1,475.25,13-24,17,No,No,No,0,Yes,Mailed check,No,No,No,No,Yes,24.8,No,
19.75,1,No,,0,,Month-to-month,1156-ZFYDO,No,No,Female,1,19.75,0-12,1,No,No,No,0,Yes,Electronic check,No,No,No,No,No,19.75,No,
20.4,16,No,,0,,Month-to-month,1159-WFSGR,Yes,No,Female,1,321.4,13-24,16,No,No,No,0,Yes,Electronic check,Yes,No,No,No,No,20.4,No,
74.55,41,No,,0,,Month-to-month,1163-ONYEY,Yes,Yes,Male,1,3023.55,37-48,41,No,Yes,No,0,Yes,Credit card (automatic),Yes,Yes,Yes,Yes,Yes,74.55,DSL,
88.8,19,No,,0,,Month-to-month,1169-WCVAK,No,No,Male,1,1672.35,13-24,19,Yes,No,No,0,Yes,Credit card (automatic),Yes,Yes,Yes,Yes,Yes,88.8,Fiber optic,
85.4,69,No,,0,,Month-to-month,1170-SASML,No,Yes,Female,1,5869.4,61+,69,No,No,No,0,Yes,Bank transfer (automatic),Yes,Yes,No,Yes,Yes,85.4,Fiber optic,
25.4,47,No,,0,,Month-to-month,1171-TYKUR,No,No,Male,1,1139.2,37-48,47,No,No,No,0,Yes,Electronic check,Yes,No,No,No,Yes,25.4,No,
90.15,27,No,,0,,Month-to-month,1173-NOEYG,No,Yes,Female,1,2423.4,25-36,27,No,No,Yes,0,Yes,Bank transfer (automatic),Yes,No,No,No,Yes,90.15,Fiber optic,
89.2,11,No,,0,,Month-to-month,1173-XZPYF,No,Yes,Female,1,990.3,0-12,11,No,Yes,No,0,Yes,Electronic check,No,Yes,No,No,Yes,89.2,Fiber optic,
95,27,No,,0,,Month-to-month,1194-HVAIF,No,No,Female,1,2462.55,25-36,27,No,Yes,Yes,0,Yes,Credit card (automatic),Yes,No,No,No,Yes,95,Fiber optic,
19.65,1,No,,0,,Month-to-month,1194-SPVSP,No,No,Male,1,19.65,0-12,1,No,No,No,0,Yes,Bank transfer (automatic),No,No,No,No,No,19.65,No,
74.45,4,No,,0,,Month-to-month,1197-BVMVG,No,No,Female,1,294.45,0-12,4,No,No,No,1,Yes,Electronic check,No,Yes,No,No,Yes,74.45,Fiber optic,
85.2,8,No,,0,,Month-to-month,1200-TUZHR,No,No,Female,1,695.75,0-12,8,No,No,Yes,1,Yes,Electronic check,No,No,No,No,Yes,85.2,Fiber optic,
54.2,12,No,,0,,Month-to-month,1202-KKGFU,No,No,Female,1,690.5,0-12,12,Yes,No,No,0,Yes,Bank transfer (automatic),Yes,No,Yes,No,No,54.2,DSL,
49.6,20,No,,0,,Month-to-month,1208-NBVFH,Yes,Yes,Male,1,939.8,13-24,20,No,No,No,0,Yes,Electronic check,Yes,Yes,No,No,No,49.6,DSL,
86.05,3,No,,0,,Month-to-month,1212-GLHMD,No,No,Male,1,244.85,0-12,3,No,No,Yes,0,Yes,Mailed check,No,Yes,Yes,No,No,86.05,Fiber optic,
89.9,60,No,,0,,Month-to-month,1215-FIGMP,No,No,Male,1,5450.7,49-60,60,No,Yes,No,0,Yes,Bank transfer (automatic),No,Yes,No,Yes,Yes,89.9,Fiber optic,
48.25,4,No,,0,,Month-to-month,1215-VFYVK,No,Yes,Female,1,202.25,0-12,4,Yes,No,Yes,0,No,Mailed check,No,No,Yes,No,No phone service,48.25,DSL,
108.45,45,No,,0,,Month-to-month,1216-BGTSP,No,Yes,Male,1,4964.7,37-48,45,Yes,Yes,Yes,0,Yes,Credit card (automatic),No,Yes,Yes,No,Yes,108.45,Fiber optic,
75.5,25,No,,0,,Month-to-month,1216-JWVUX,Yes,No,Male,1,1901.05,25-36,25,No,No,No,0,Yes,Electronic check,Yes,Yes,No,Yes,No,75.5,Fiber optic,
76.85,9,No,,0,,Month-to-month,1219-NNDDO,No,No,Female,1,663.55,0-12,9,No,No,No,0,Yes,Electronic check,No,Yes,No,No,Yes,76.85,Fiber optic,
20.4,40,No,,0,,Month-to-month,1222-KJNZD,Yes,No,Male,1,745.3,37-48,40,No,No,No,0,Yes,Bank transfer (automatic),Yes,Yes,No,No,No,20.4,No,
26.35,6,No,,0,,Month-to-month,1222-LRYKO,Yes,No,Male,1,184.05,0-12,6,No,No,No,0,Yes,Mailed check,No,No,No,No,Yes,26.35,No,
78.75,16,No,,0,,Month-to-month,1226-IENZN,No,No,Male,1,1218.25,13-24,16,No,No,Yes,1,Yes,Electronic check,No,Yes,No,No,No,78.75,Fiber optic,
75.3,21,No,,0,,Month-to-month,1228-ZLNBX,No,No,Male,1,1570.7,13-24,21,No,No,No,0,Yes,Mailed check,No,No,No,No,Yes,75.3,Fiber optic,
65.25,3,No,,0,,Month-to-month,1230-QAJDW,No,No,Male,1,209.9,0-12,3,Yes,Yes,No,0,Yes,Mailed check,No,Yes,No,No,Yes,65.25,DSL,
19.55,18,No,,0,,Month-to-month,1237-WIYYZ,No,No,Female,1,389.25,13-24,18,No,No,No,0,Yes,Mailed check,No,Yes,No,No,No,19.55,No,
50.2,43,No,,0,,Month-to-month,1247-QBVSH,Yes,No,Female,1,2169.4,37-48,43,No,No,No,0,Yes,Mailed check,Yes,No,No,Yes,No,50.2,DSL,
80.25,4,No,,0,,Month-to-month,1251-STYSZ,No,No,Female,1,303.7,0-12,4,No,No,No,1,Yes,Electronic check,No,Yes,Yes,No,Yes,80.25,Fiber optic,
19.45,5,No,,0,,Month-to-month,1257-SXUXQ,Yes,No,Male,1,86.05,0-12,5,No,No,No,0,Yes,Mailed check,Yes,No,No,No,No,19.45,No,
34.65,23,No,,0,,Month-to-month,1261-FWTTE,No,No,Male,1,768.45,13-24,23,No,No,Yes,1,No,Bank transfer (automatic),No,Yes,No,No,No phone service,34.65,DSL,
89.95,20,No,,0,,Month-to-month,1302-UHBDD,No,No,Male,1,1648.45,13-24,20,No,Yes,Yes,1,Yes,Electronic check,No,No,No,No,No,89.95,Fiber optic,
70.05,9,No,,0,,Month-to-month,1304-BCCFO,No,Yes,Male,1,564.4,0-12,9,No,Yes,Yes,0,Yes,Mailed check,Yes,Yes,No,No,No,70.05,DSL,
89.55,24,No,,0,,Month-to-month,1307-ATKGB,No,Yes,Male,1,2187.15,13-24,24,No,No,Yes,0,Yes,Electronic check,No,Yes,No,Yes,No,89.55,Fiber optic,
79.35,42,No,,0,,Month-to-month,1307-TVUFB,No,No,Male,1,3344.1,37-48,42,No,No,No,1,Yes,Bank transfer (automatic),No,Yes,No,Yes,Yes,79.35,Fiber optic,
50.3,18,No,,0,,Month-to-month,1310-QRITU,No,No,Female,1,913.3,13-24,18,No,No,No,0,Yes,Electronic check,No,Yes,No,No,Yes,50.3,DSL,
84.6,12,No,,0,,Month-to-month,1319-YLZJG,No,Yes,Male,1,959.9,0-12,12,No,No,No,0,Yes,Electronic check,Yes,Yes,Yes,Yes,No,84.6,Fiber optic,
110.75,52,No,,0,,Month-to-month,1320-REHCS,No,Yes,Male,1,5832,49-60,52,Yes,Yes,Yes,1,Yes,Electronic check,No,Yes,No,Yes,Yes,110.75,Fiber optic,
25.05,7,No,,0,,Month-to-month,1329-VHWNP,No,No,Female,1,189.95,0-12,7,No,No,No,0,No,Bank transfer (automatic),No,No,No,No,No phone service,25.05,DSL,
24.95,9,No,,0,,Month-to-month,1335-NTIUC,No,No,Male,1,190.25,0-12,9,No,No,No,0,No,Electronic check,No,Yes,No,No,No phone service,24.95,DSL,
20.05,4,No,,0,,Month-to-month,1336-EZFZY,No,No,Female,1,83.3,0-12,4,No,No,No,0,Yes,Mailed check,No,No,No,No,No,20.05,No,
19.55,6,No,,0,,Month-to-month,1345-GKDZZ,Yes,No,Male,1,128.6,0-12,6,No,No,No,0,Yes,Mailed check,No,No,No,No,No,19.55,No,
94.15,61,No,,0,,Month-to-month,1346-PJWTK,No,Yes,Male,1,5731.85,61+,61,Yes,No,Yes,0,Yes,Credit card (automatic),Yes,No,No,Yes,No,94.15,Fiber optic,
80,13,No,,0,,Month-to-month,1346-UFHAX,No,No,Female,1,1029.35,13-24,13,No,No,No,0,Yes,Credit card (automatic),No,Yes,Yes,No,Yes,80,Fiber optic,
71.6,27,No,,0,,Month-to-month,1352-VHKAJ,Yes,No,Male,1,1957.1,25-36,27,Yes,Yes,Yes,0,Yes,Bank transfer (automatic),Yes,No,No,No,Yes,71.6,DSL,
60.9,11,No,,0,,Month-to-month,1353-LJWEM,No,Yes,Male,1,688.5,0-12,11,Yes,No,No,0,Yes,Electronic check,No,Yes,No,Yes,No,60.9,DSL,
48.8,7,No,,0,,Month-to-month,1355-KUSBG,Yes,No,Female,1,349.8,0-12,7,No,No,No,0,Yes,Electronic check,Yes,No,No,No,Yes,48.8,DSL,
78.65,6,No,,0,,Month-to-month,1356-MKYSK,No,Yes,Male,1,483.3,0-12,6,Yes,Yes,Yes,0,Yes,Credit card (automatic),No,No,Yes,No,No,78.65,DSL,
59.65,11,No,,0,,Month-to-month,1357-MVDOZ,Yes,Yes,Male,1,683.25,0-12,11,No,Yes,No,0,Yes,Bank transfer (automatic),Yes,Yes,No,No,No,59.65,DSL,
30.35,23,No,,0,,Month-to-month,1360-RCYRT,Yes,No,Male,1,678.75,13-24,23,Yes,No,No,0,No,Bank transfer (automatic),Yes,Yes,No,No,No phone service,30.35,DSL,
48.8,30,No,,0,,Month-to-month,1376-HHBDV,No,No,Female,1,1536.75,25-36,30,No,No,No,0,Yes,Mailed check,No,Yes,Yes,No,No,48.8,DSL,
91,15,No,,0,,Month-to-month,1379-FRVEB,Yes,No,Male,1,1430.05,13-24,15,No,Yes,No,0,Yes,Electronic check,No,Yes,No,Yes,Yes,91,Fiber optic,
80.55,16,No,,0,,Month-to-month,1384-RCUXW,No,No,Male,1,1248.9,13-24,16,No,No,No,0,Yes,Mailed check,No,Yes,No,Yes,Yes,80.55,Fiber optic,
20.45,9,No,,0,,Month-to-month,1385-TQOZW,No,No,Female,1,147.55,0-12,9,No,No,No,0,Yes,Credit card (automatic),No,Yes,No,No,No,20.45,No,
18.95,7,No,,0,,Month-to-month,1386-ZIKUV,No,No,Male,1,130.55,0-12,7,No,No,No,0,Yes,Mailed check,No,Yes,No,No,No,18.95,No,
72.9,11,No,,0,,Month-to-month,1391-UBDAR,No,Yes,Male,1,818.45,0-12,11,No,No,No,0,Yes,Electronic check,No,No,No,No,No,72.9,Fiber optic,
95.85,1,No,,0,,Month-to-month,1393-IMKZG,No,No,Female,1,95.85,0-12,1,Yes,Yes,Yes,0,Yes,Electronic check,No,Yes,No,No,No,95.85,Fiber optic,
85.15,44,No,,0,,Month-to-month,1394-SUIUH,No,No,Female,1,3670.5,37-48,44,Yes,No,No,1,Yes,Electronic check,Yes,Yes,Yes,Yes,No,85.15,Fiber optic,
29.3,43,No,,0,,Month-to-month,1395-OFUWC,Yes,No,Male,1,1224.05,37-48,43,No,No,No,0,No,Credit card (automatic),Yes,No,No,Yes,No phone service,29.3,DSL,
69.35,11,No,,0,,Month-to-month,1399-UBQIU,No,Yes,Male,1,712.25,0-12,11,No,Yes,Yes,0,Yes,Electronic check,No,Yes,No,No,No,69.35,DSL,
49.9,1,No,,0,,Month-to-month,1406-PUQVY,Yes,No,Male,1,49.9,0-12,1,No,No,No,0,Yes,Electronic check,No,Yes,No,Yes,No,49.9,DSL,
71.35,7,No,,0,,Month-to-month,1410-RSCMR,Yes,Yes,Male,1,515.75,0-12,7,Yes,No,Yes,0,Yes,Credit card (automatic),Yes,Yes,Yes,No,No,71.35,DSL,
105.7,30,No,,0,,Month-to-month,1421-HCERK,No,Yes,Male,1,3181.8,25-36,30,Yes,Yes,No,1,Yes,Bank transfer (automatic),Yes,Yes,Yes,Yes,Yes,105.7,Fiber optic,
19,1,No,,0,,Month-to-month,1423-BMPBQ,Yes,No,Female,1,19,0-12,1,No,No,No,0,Yes,Mailed check,Yes,Yes,No,No,No,19,No,
98.7,56,No,,0,,Month-to-month,1427-VERSM,No,Yes,Female,1,5669.5,49-60,56,Yes,Yes,Yes,0,Yes,Electronic check,Yes,Yes,No,No,No,98.7,Fiber optic,
19.05,22,No,,0,,Month-to-month,1431-CYWMH,Yes,No,Female,1,454.05,13-24,22,No,No,No,0,Yes,Bank transfer (automatic),Yes,No,No,No,No,19.05,No,
67.8,10,No,,0,,Month-to-month,1436-ZMJAN,No,Yes,Female,1,653.15,0-12,10,No,Yes,Yes,0,Yes,Credit card (automatic),Yes,Yes,No,No,No,67.8,DSL,
29.15,13,No,,0,,Month-to-month,1442-BQPVU,No,No,Female,1,357.15,13-24,13,No,No,No,0,No,Electronic check,No,No,No,Yes,No phone service,29.15,DSL,
89.1,22,No,,0,,Month-to-month,1452-KIOVK,Yes,No,Male,1,1949.4,13-24,22,No,Yes,No,0,Yes,Credit card (automatic),No,Yes,No,Yes,Yes,89.1,Fiber optic,
75.1,1,No,,0,,Month-to-month,1452-VOQCH,No,No,Male,1,75.1,0-12,1,No,No,No,0,Yes,Electronic check,No,Yes,No,No,Yes,75.1,Fiber optic,
51.05,39,No,,0,,Month-to-month,1452-XRSJV,Yes,No,Female,1,2066,37-48,39,No,No,No,0,Yes,Credit card (automatic),Yes,No,Yes,No,No,51.05,DSL,
49.9,1,No,,0,,Month-to-month,1453-RZFON,Yes,No,Female,1,49.9,0-12,1,No,No,No,0,Yes,Mailed check,No,No,Yes,No,No,49.9,DSL,
49.25,4,No,,0,,Month-to-month,1456-TWCGB,No,No,Male,1,208.45,0-12,4,No,No,No,0,Yes,Mailed check,No,No,No,Yes,No,49.25,DSL,
64.4,8,No,,0,,Month-to-month,1465-LNTLJ,No,Yes,Male,1,581.7,0-12,8,Yes,No,Yes,1,Yes,Credit card (automatic),Yes,Yes,No,No,No,64.4,DSL,
19.65,3,No,,0,,Month-to-month,1465-WCZVT,Yes,No,Female,1,60.65,0-12,3,No,No,No,0,Yes,Mailed check,Yes,No,No,No,No,19.65,No,
105.2,66,No,,0,,Month-to-month,1469-LBJQJ,No,Yes,Female,1,6936.85,61+,66,No,Yes,Yes,0,Yes,Electronic check,Yes,Yes,No,Yes,Yes,105.2,Fiber optic,
49.95,1,No,,0,,Month-to-month,1471-GIQKQ,No,No,Female,1,49.95,0-12,1,No,No,No,0,Yes,Electronic check,No,No,No,Yes,No,49.95,DSL,
94.7,36,No,,0,,Month-to-month,1472-TNCWL,Yes,No,Male,1,3512.5,25-36,36,No,Yes,Yes,0,Yes,Electronic check,No,Yes,No,Yes,No,94.7,Fiber optic,
74.9,7,No,,0,,Month-to-month,1475-VWVDO,No,Yes,Male,1,490.55,0-12,7,No,No,No,0,Yes,Electronic check,No,Yes,No,No,No,74.9,Fiber optic,
43.8,1,No,,0,,Month-to-month,1478-VPOAD,No,No,Female,1,43.8,0-12,1,No,No,No,0,Yes,Electronic check,No,No,No,No,No,43.8,DSL,
100.4,30,No,,0,,Month-to-month,1482-OXZSY,No,No,Male,1,2936.25,25-36,30,No,Yes,Yes,0,Yes,Bank transfer (automatic),No,Yes,Yes,No,Yes,100.4,Fiber optic,
93.25,52,No,,0,,Month-to-month,1485-YDHMM,Yes,No,Male,1,4631.7,49-60,52,Yes,No,Yes,0,Yes,Bank transfer (automatic),Yes,Yes,No,Yes,Yes,93.25,Fiber optic,
20.65,31,No,,0,,Month-to-month,1488-SYSFC,Yes,No,Male,1,702.05,25-36,31,No,No,No,0,Yes,Electronic check,Yes,Yes,No,No,No,20.65,No,
85.7,53,No,,0,,Month-to-month,1492-QGCLU,Yes,Yes,Male,1,4616.1,49-60,53,Yes,Yes,Yes,0,Yes,Electronic check,Yes,No,Yes,No,Yes,85.7,DSL,
19.85,29,No,,0,,Month-to-month,1498-DQNRX,No,No,Female,1,573.05,25-36,29,No,No,No,0,Yes,Mailed check,Yes,No,No,No,No,19.85,No,
81.45,12,No,,0,,Month-to-month,1508-DFXCU,No,No,Male,1,912,0-12,12,No,Yes,No,0,Yes,Electronic check,No,Yes,No,No,No,81.45,Fiber optic,
44.55,33,No,,0,,Month-to-month,1518-OMDIK,No,No,Male,1,1462.6,25-36,33,No,No,No,0,Yes,Credit card (automatic),Yes,Yes,No,No,No,44.55,DSL,
40.65,49,No,,0,,Month-to-month,1530-ZTDOZ,No,No,Female,1,2070.75,49-60,49,No,Yes,No,0,No,Bank transfer (automatic),Yes,No,Yes,No,No phone service,40.65,DSL,
49.9,1,No,,0,,Month-to-month,1536-HBSWP,No,No,Female,1,49.9,0-12,1,Yes,No,No,0,Yes,Electronic check,No,Yes,No,No,No,49.9,DSL,
20.4,12,No,,0,,Month-to-month,1539-LNKHM,No,No,Female,1,266.6,0-12,12,No,No,No,0,Yes,Mailed check,No,No,No,No,No,20.4,No,
58.5,4,No,,0,,Month-to-month,1548-ARAGG,Yes,No,Female,1,224.85,0-12,4,Yes,No,No,0,Yes,Mailed check,Yes,Yes,No,Yes,Yes,58.5,DSL,
106.2,61,No,,0,,Month-to-month,1548-FEHVL,No,No,Male,1,6375.2,61+,61,No,Yes,Yes,0,Yes,Electronic check,Yes,Yes,Yes,Yes,Yes,106.2,Fiber optic,
104.35,31,No,,0,,Month-to-month,1550-EENBN,No,No,Female,1,3205.6,25-36,31,No,Yes,Yes,0,Yes,Electronic check,No,No,Yes,Yes,Yes,104.35,Fiber optic,
106.4,30,No,,0,,Month-to-month,1552-AAGRX,No,No,Female,1,3211.9,25-36,30,Yes,Yes,Yes,0,Yes,Bank transfer (automatic),No,No,Yes,No,Yes,106.4,Fiber optic,
20,55,No,,0,,Month-to-month,1552-CZCLL,Yes,No,Female,1,1087.25,49-60,55,No,No,No,0,Yes,Credit card (automatic),Yes,No,No,No,No,20,No,
20.35,42,No,,0,,Month-to-month,1552-TKMXS,No,No,Female,1,869.9,37-48,42,No,No,No,0,Yes,Credit card (automatic),Yes,No,No,No,No,20.35,No,
25.15,19,No,,0,,Month-to-month,1559-DTODC,No,No,Male,1,468.35,13-24,19,No,No,No,0,No,Bank transfer (automatic),No,Yes,No,No,No phone service,25.15,DSL,
19.7,12,No,,0,,Month-to-month,1563-IWQEX,No,No,Female,1,220.35,0-12,12,No,No,No,0,Yes,Mailed check,No,No,No,No,No,19.7,No,
63.75,4,No,,0,,Month-to-month,1564-HJUVY,No,No,Male,1,226.2,0-12,4,Yes,Yes,No,0,Yes,Bank transfer (automatic),No,Yes,No,Yes,No,63.75,DSL,
55.2,4,No,,0,,Month-to-month,1575-KRZZE,No,No,Female,1,220.65,0-12,4,No,No,No,0,Yes,Electronic check,No,No,Yes,Yes,No,55.2,DSL,
87.3,19,No,,0,,Month-to-month,1580-BMCMR,No,No,Male,1,1637.3,13-24,19,No,No,Yes,1,Yes,Electronic check,No,Yes,Yes,No,No,87.3,Fiber optic,
51.1,11,No,,0,,Month-to-month,1596-OQSPS,No,No,Female,1,531.15,0-12,11,No,No,No,0,Yes,Electronic check,No,No,No,Yes,No,51.1,DSL,
45,12,No,,0,,Month-to-month,1600-DILPE,No,No,Female,1,524.35,0-12,12,No,No,No,0,Yes,Bank transfer (automatic),No,Yes,No,No,No,45,DSL,
93.9,45,No,,0,,Month-to-month,1608-GMEWB,No,No,Male,1,4200.25,37-48,45,No,Yes,Yes,1,Yes,Bank transfer (automatic),No,Yes,No,No,Yes,93.9,Fiber optic,
20.7,8,No,,0,,Month-to-month,1614-JBEBI,No,No,Female,1,137.6,0-12,8,No,No,No,0,Yes,Mailed check,No,Yes,No,No,No,20.7,No,
19.55,1,No,,0,,Month-to-month,1622-HSHSF,No,No,Female,1,19.55,0-12,1,No,No,No,0,Yes,Mailed check,No,Yes,No,No,No,19.55,No,
85,1,No,,0,,Month-to-month,1628-BIZYP,No,No,Male,1,85,0-12,1,No,No,Yes,0,Yes,Electronic check,No,Yes,No,Yes,No,85,Fiber optic,
50.1,14,No,,0,,Month-to-month,1629-DQQVB,No,No,Female,1,709.5,13-24,14,No,No,No,0,Yes,Bank transfer (automatic),No,No,Yes,No,No,50.1,DSL,
44.05,5,No,,0,,Month-to-month,1635-FJFCC,No,No,Female,1,202.15,0-12,5,No,No,No,0,Yes,Credit card (automatic),No,Yes,No,No,No,44.05,DSL,
50.95,4,No,,0,,Month-to-month,1636-NTNCO,No,No,Male,1,207.35,0-12,4,No,Yes,Yes,1,No,Credit card (automatic),No,Yes,No,Yes,No phone service,50.95,DSL,
70.25,1,No,,0,,Month-to-month,1640-PLFMP,No,No,Female,1,70.25,0-12,1,No,No,No,0,Yes,Electronic check,No,Yes,No,No,No,70.25,Fiber optic,
20.2,6,No,,0,,Month-to-month,1641-BYBTK,Yes,No,Male,1,98.35,0-12,6,No,No,No,0,Yes,Mailed check,No,Yes,No,No,No,20.2,No,
100.4,32,No,,0,,Month-to-month,1641-RQDAY,Yes,No,Female,1,3217.65,25-36,32,No,Yes,Yes,1,Yes,Electronic check,Yes,Yes,No,Yes,Yes,100.4,Fiber optic,
109.85,63,No,,0,,Month-to-month,1656-DRSMG,No,Yes,Female,1,7002.95,61+,63,Yes,Yes,Yes,0,Yes,Credit card (automatic),No,Yes,No,Yes,Yes,109.85,Fiber optic,
74.1,6,No,,0,,Month-to-month,1658-TJVOA,No,No,Female,1,450.9,0-12,6,No,No,No,1,Yes,Electronic check,No,Yes,Yes,No,No,74.1,Fiber optic,
88.75,59,No,,0,,Month-to-month,1658-XUHBX,Yes,Yes,Female,1,5348.65,49-60,59,No,No,Yes,1,Yes,Credit card (automatic),Yes,Yes,No,No,Yes,88.75,Fiber optic,
19.2,1,No,,0,,Month-to-month,1663-MHLHE,No,No,Male,1,19.2,0-12,1,No,No,No,0,Yes,Mailed check,No,No,No,No,No,19.2,No,
100.05,37,No,,0,,Month-to-month,1666-JXLKU,No,Yes,Female,1,3810.55,37-48,37,No,Yes,Yes,0,Yes,Electronic check,No,Yes,No,No,Yes,100.05,Fiber optic,
49,27,No,,0,,Month-to-month,1666-JZPZT,No,No,Male,1,1291.35,25-36,27,No,No,No,0,Yes,Mailed check,No,No,No,No,Yes,49,DSL,
69.5,23,No,,0,,Month-to-month,1684-FLBGS,Yes,No,Female,1,1652.1,13-24,23,Yes,Yes,No,0,Yes,Credit card (automatic),Yes,Yes,No,Yes,Yes,69.5,DSL,
93.4,40,No,,0,,Month-to-month,1685-BQULA,No,Yes,Female,1,3756.4,37-48,40,No,Yes,No,0,Yes,Bank transfer (automatic),No,Yes,No,Yes,Yes,93.4,Fiber optic,
45.2,11,No,,0,,Month-to-month,1685-VAYJF,No,No,Male,1,492,0-12,11,No,No,No,0,Yes,Credit card (automatic),No,No,No,No,No,45.2,DSL,
76.6,12,No,,0,,Month-to-month,1689-YQBYY,Yes,No,Female,1,893,0-12,12,No,No,No,0,Yes,Electronic check,No,Yes,No,No,Yes,76.6,Fiber optic,
66.8,58,No,,0,,Month-to-month,1697-BCSHV,Yes,No,Female,1,3970.4,49-60,58,No,Yes,No,0,Yes,Bank transfer (automatic),Yes,Yes,No,Yes,Yes,66.8,DSL,
66.4,19,No,,0,,Month-to-month,1697-NVVGY,No,Yes,Male,1,1286.05,13-24,19,No,Yes,No,1,Yes,Bank transfer (automatic),Yes,No,Yes,No,No,66.4,DSL,
61.35,52,No,,0,,Month-to-month,1702-CCFNJ,No,No,Male,1,3169.55,49-60,52,Yes,No,No,0,Yes,Bank transfer (automatic),Yes,No,No,Yes,Yes,61.35,DSL,
69,17,No,,0,,Month-to-month,1703-MGIAB,No,Yes,Female,1,1108,13-24,17,Yes,Yes,No,0,Yes,Mailed check,No,Yes,No,No,Yes,69,DSL,
19.3,1,No,,0,,Month-to-month,1724-IQWNM,Yes,No,Male,1,19.3,0-12,1,No,No,No,0,Yes,Mailed check,No,Yes,No,No,No,19.3,No,
44.45,2,No,,0,,Month-to-month,1728-BQDMA,No,No,Female,1,82.7,0-12,2,No,No,No,0,Yes,Electronic check,No,No,No,No,No,44.45,DSL,
94.25,64,No,,0,,Month-to-month,1728-CXQBE,No,Yes,Male,1,6081.4,61+,64,No,No,Yes,1,Yes,Electronic check,Yes,Yes,No,Yes,Yes,94.25,Fiber optic,
50.2,34,No,,0,,Month-to-month,1730-VFMWO,No,No,Female,1,1815.3,25-36,34,Yes,No,No,0,Yes,Bank transfer (automatic),Yes,No,No,No,No,50.2,DSL,
79.5,32,No,,0,,Month-to-month,1730-ZMAME,No,No,Female,1,2665,25-36,32,No,No,Yes,1,Yes,Electronic check,No,Yes,No,No,No,79.5,Fiber optic,
19.35,8,No,,0,,Month-to-month,1735-XMJVH,Yes,No,Male,1,152.6,0-12,8,No,No,No,0,Yes,Mailed check,Yes,Yes,No,No,No,19.35,No,
24.7,34,No,,0,,Month-to-month,1744-JHKYS,No,No,Female,1,780.2,25-36,34,No,No,No,0,Yes,Electronic check,Yes,No,No,No,Yes,24.7,No,
75.35,1,No,,0,,Month-to-month,1746-TGTWV,No,Yes,Male,1,75.35,0-12,1,No,No,No,0,Yes,Credit card (automatic),Yes,No,No,No,No,75.35,Fiber optic,
98.85,46,No,,0,,Month-to-month,1751-NCDLI,No,Yes,Male,1,4564.9,37-48,46,No,Yes,Yes,1,Yes,Electronic check,Yes,Yes,No,No,Yes,98.85,Fiber optic,
89.75,22,No,,0,,Month-to-month,1754-GKYPY,No,No,Male,1,1938.9,13-24,22,No,Yes,Yes,1,Yes,Bank transfer (automatic),Yes,Yes,No,No,No,89.75,Fiber optic,
20.3,2,No,,0,,Month-to-month,1755-RMCXH,Yes,No,Male,1,40.25,0-12,2,No,No,No,0,Yes,Mailed check,Yes,No,No,No,No,20.3,No,
20.8,25,No,,0,,Month-to-month,1760-CAZHT,Yes,No,Male,1,460.2,25-36,25,No,No,No,0,Yes,Mailed check,No,No,No,No,No,20.8,No,
50.5,3,No,,0,,Month-to-month,1763-WQFUK,No,No,Male,1,147.75,0-12,3,Yes,No,No,0,Yes,Mailed check,No,Yes,No,No,No,50.5,DSL,
84.9,29,No,,0,,Month-to-month,1766-GKNMI,No,No,Male,1,2516.2,25-36,29,No,No,Yes,0,Yes,Electronic check,No,Yes,No,No,Yes,84.9,Fiber optic,
45.45,8,No,,0,,Month-to-month,1767-TGTKO,Yes,No,Female,1,411.75,0-12,8,No,No,No,0,Yes,Electronic check,Yes,Yes,No,No,No,45.45,DSL,
70.05,45,No,,0,,Month-to-month,1768-HNVGJ,No,No,Female,1,3062.45,37-48,45,Yes,No,Yes,1,Yes,Electronic check,No,Yes,Yes,No,Yes,70.05,DSL,
71.1,18,No,,0,,Month-to-month,1769-GRUIK,No,No,Female,1,1247.75,13-24,18,No,No,No,0,Yes,Electronic check,No,Yes,No,No,No,71.1,Fiber optic,
24.3,2,No,,0,,Month-to-month,1777-JYQPJ,No,No,Male,1,38.45,0-12,2,No,No,No,0,No,Mailed check,No,No,No,No,No phone service,24.3,DSL,
20.55,10,No,,0,,Month-to-month,1784-BXEFA,No,No,Female,1,187.35,0-12,10,No,No,No,0,Yes,Mailed check,No,Yes,No,No,No,20.55,No,
85.45,28,No,,0,,Month-to-month,1785-BPHTP,Yes,Yes,Male,1,2289.9,25-36,28,No,Yes,No,0,Yes,Electronic check,Yes,No,No,No,No,85.45,Fiber optic,
61.2,2,No,,0,,Month-to-month,1791-PQHBB,Yes,No,Female,1,125.95,0-12,2,No,No,Yes,0,Yes,Credit card (automatic),No,Yes,Yes,No,No,61.2,DSL,
59.65,15,No,,0,,Month-to-month,1794-SWWKL,Yes,Yes,Male,1,867.1,13-24,15,Yes,No,No,0,Yes,Bank transfer (automatic),Yes,Yes,No,No,Yes,59.65,DSL,
19.95,2,No,,0,,Month-to-month,1796-JANOW,No,No,Female,1,38.15,0-12,2,No,No,No,0,Yes,Mailed check,No,No,No,No,No,19.95,No,
54.3,12,No,,0,,Month-to-month,1803-BGNBD,No,No,Female,1,654.5,0-12,12,Yes,No,No,0,Yes,Electronic check,No,Yes,No,Yes,No,54.3,DSL,
67.6,30,No,,0,,Month-to-month,1810-MVMAI,Yes,Yes,Male,1,2000.2,25-36,30,Yes,No,No,0,Yes,Electronic check,Yes,No,Yes,Yes,Yes,67.6,DSL,
25.45,5,No,,0,,Month-to-month,1814-DKOLC,No,No,Female,1,134.75,0-12,5,No,No,No,0,Yes,Mailed check,No,No,No,No,Yes,25.45,No,
29.15,1,No,,0,,Month-to-month,1816-FLZDK,No,No,Male,1,29.15,0-12,1,Yes,No,No,0,No,Mailed check,No,No,No,No,No phone service,29.15,DSL,
89.2,27,No,,0,,Month-to-month,1818-ESQMW,No,Yes,Female,1,2383.6,25-36,27,Yes,No,Yes,0,Yes,Electronic check,No,Yes,No,No,No,89.2,Fiber optic,
107.75,45,No,,0,,Month-to-month,1833-TCXKK,No,Yes,Male,1,4882.8,37-48,45,No,Yes,Yes,0,Yes,Bank transfer (automatic),Yes,Yes,No,Yes,Yes,107.75,Fiber optic,
85.35,22,No,,0,,Month-to-month,1845-CSBRZ,Yes,No,Female,1,1961.6,13-24,22,No,Yes,No,1,Yes,Bank transfer (automatic),Yes,No,No,No,Yes,85.35,Fiber optic,
50.15,1,No,,0,,Month-to-month,1845-ZLLIG,No,No,Male,1,50.15,0-12,1,No,No,No,0,Yes,Mailed check,No,Yes,No,Yes,No,50.15,DSL,
50.3,7,No,,0,,Month-to-month,1848-LBZHY,No,No,Female,1,355.1,0-12,7,No,No,No,0,Yes,Bank transfer (automatic),Yes,Yes,Yes,No,No,50.3,DSL,
60,8,No,,0,,Month-to-month,1849-RJYIG,No,No,Female,1,487.75,0-12,8,No,Yes,No,0,Yes,Electronic check,No,Yes,Yes,No,No,60,DSL,
20.35,8,No,,0,,Month-to-month,1850-AKQEP,Yes,No,Male,1,178.7,0-12,8,No,No,No,0,Yes,Mailed check,No,No,No,No,No,20.35,No,
65.05,22,No,,0,,Month-to-month,1852-XEMDW,No,Yes,Male,1,1427.55,13-24,22,No,No,No,0,Yes,Mailed check,No,No,Yes,Yes,Yes,65.05,DSL,
50.35,26,No,,0,,Month-to-month,1853-ARAAQ,No,Yes,Female,1,1277.5,25-36,26,No,Yes,Yes,0,No,Credit card (automatic),No,Yes,No,No,No phone service,50.35,DSL,
20.05,4,No,,0,,Month-to-month,1855-CFULU,No,No,Female,1,91.45,0-12,4,No,No,No,1,Yes,Mailed check,No,No,No,No,No,20.05,No,
74.6,1,No,,0,,Month-to-month,1866-OBPNR,Yes,No,Male,1,74.6,0-12,1,No,No,No,0,Yes,Credit card (automatic),Yes,No,No,Yes,No,74.6,Fiber optic,
20.5,21,No,,0,,Month-to-month,1866-ZSLJM,No,No,Male,1,402.85,13-24,21,No,No,No,0,Yes,Credit card (automatic),No,No,No,No,No,20.5,No,
79.8,58,No,,0,,Month-to-month,1867-TJHTS,No,No,Female,1,4526.85,49-60,58,No,No,No,0,Yes,Bank transfer (automatic),No,Yes,Yes,No,Yes,79.8,Fiber optic,
43.95,1,No,,0,,Month-to-month,1895-QTKDO,No,No,Female,1,43.95,0-12,1,No,No,No,0,Yes,Credit card (automatic),No,No,No,No,No,43.95,DSL,
19.5,1,No,,0,,Month-to-month,1905-OEILC,No,No,Female,1,19.5,0-12,1,No,No,No,0,Yes,Mailed check,No,No,No,No,No,19.5,No,
66.7,8,No,,0,,Month-to-month,1907-YLNYW,No,Yes,Male,1,579,0-12,8,No,No,Yes,0,Yes,Electronic check,No,Yes,Yes,No,No,66.7,DSL,
80.4,36,No,,0,,Month-to-month,1910-FMXJM,No,No,Female,1,2937.65,25-36,36,No,No,Yes,0,Yes,Electronic check,Yes,No,No,No,No,80.4,Fiber optic,
44.75,7,No,,0,,Month-to-month,1919-RTPQD,Yes,No,Male,1,333.65,0-12,7,No,No,No,0,Yes,Electronic check,Yes,No,No,No,No,44.75,DSL,
20.55,5,No,,0,,Month-to-month,1925-GMVBW,No,No,Female,1,96.1,0-12,5,No,No,No,0,Yes,Credit card (automatic),No,No,No,No,No,20.55,No,
61.15,1,No,,0,,Month-to-month,1928-BXYIV,No,No,Male,1,61.15,0-12,1,No,No,No,0,Yes,Electronic check,No,No,Yes,Yes,Yes,61.15,DSL,
92.85,58,No,,0,,Month-to-month,1930-WNXSB,Yes,No,Male,1,5305.05,49-60,58,No,Yes,Yes,0,Yes,Electronic check,Yes,Yes,No,Yes,No,92.85,Fiber optic,
100.6,33,No,,0,,Month-to-month,1932-UEDCX,No,No,Male,1,3270.25,25-36,33,No,Yes,Yes,1,Yes,Bank transfer (automatic),Yes,Yes,No,Yes,Yes,100.6,Fiber optic,
89.7,56,No,,0,,Month-to-month,1935-IMVBB,No,No,Male,1,4952.95,49-60,56,No,Yes,Yes,0,Yes,Mailed check,Yes,No,No,No,No,89.7,Fiber optic,
90.1,1,No,,0,,Month-to-month,1941-HOSAM,Yes,No,Male,1,90.1,0-12,1,No,Yes,Yes,0,Yes,Electronic check,Yes,Yes,No,No,No,90.1,Fiber optic,
44,1,No,,0,,Month-to-month,1942-OQFRW,No,No,Male,1,44,0-12,1,No,No,No,0,Yes,Electronic check,No,No,No,No,No,44,DSL,
49.9,30,No,,0,,Month-to-month,1958-RNRKS,No,No,Male,1,1441.95,25-36,30,No,No,No,0,Yes,Electronic check,Yes,No,No,No,Yes,49.9,DSL,
95.25,10,No,,0,,Month-to-month,1960-UYCNN,No,Yes,Male,1,1021.55,0-12,10,No,No,Yes,0,Yes,Electronic check,No,Yes,No,Yes,Yes,95.25,Fiber optic,
34.2,7,No,,0,,Month-to-month,1976-AZZPJ,No,No,Male,1,256.6,0-12,7,No,No,No,0,No,Mailed check,Yes,No,Yes,Yes,No phone service,34.2,DSL,
25.15,29,No,,0,,Month-to-month,1984-GPTEH,No,No,Female,1,702,25-36,29,No,No,No,0,Yes,Electronic check,No,No,No,No,Yes,25.15,No,
58.4,18,No,,0,,Month-to-month,1986-PHGZF,No,No,Male,1,964.9,13-24,18,No,No,No,1,Yes,Credit card (automatic),No,Yes,Yes,Yes,Yes,58.4,DSL,
19.05,9,No,,0,,Month-to-month,1991-VOPLL,No,No,Female,1,157.65,0-12,9,No,No,No,0,Yes,Mailed check,No,No,No,No,No,19.05,No,
70.65,48,No,,0,,Month-to-month,1996-DBMUS,No,No,Female,1,3545.05,37-48,48,No,No,No,1,Yes,Bank transfer (automatic),Yes,Yes,No,No,No,70.65,Fiber optic,
103.1,9,No,,0,,Month-to-month,2018-PZKMU,Yes,Yes,Male,1,970.45,0-12,9,Yes,Yes,Yes,0,Yes,Electronic check,Yes,No,No,No,No,103.1,Fiber optic,
81.05,1,No,,0,,Month-to-month,2018-QKYGT,Yes,No,Male,1,81.05,0-12,1,No,No,Yes,0,Yes,Electronic check,Yes,Yes,No,No,No,81.05,Fiber optic,
19,18,No,,0,,Month-to-month,2023-VQFDL,No,No,Male,1,348.8,13-24,18,No,No,No,0,Yes,Electronic check,No,No,No,No,No,19,No,
85.6,18,No,,0,,Month-to-month,2027-CWDNU,Yes,No,Male,1,1601.5,13-24,18,Yes,No,Yes,0,Yes,Electronic check,Yes,Yes,No,No,No,85.6,Fiber optic,
108.75,63,No,,0,,Month-to-month,2027-WKXMW,No,Yes,Female,1,6871.7,61+,63,Yes,Yes,Yes,0,Yes,Electronic check,Yes,Yes,No,Yes,Yes,108.75,Fiber optic,
103.85,48,No,,0,,Month-to-month,2038-LLMLM,No,Yes,Female,1,4946.05,37-48,48,Yes,Yes,Yes,0,Yes,Electronic check,No,Yes,No,No,Yes,103.85,Fiber optic,
86.05,4,No,,0,,Month-to-month,2038-OEQZH,No,Yes,Male,1,308.1,0-12,4,No,No,Yes,0,Yes,Electronic check,No,No,No,No,No,86.05,Fiber optic,
67.45,29,No,,0,,Month-to-month,2038-YSEZE,No,No,Female,1,1801.1,25-36,29,Yes,No,No,0,Yes,Mailed check,No,No,Yes,Yes,Yes,67.45,DSL,
100.85,49,No,,0,,Month-to-month,2040-VZIKE,No,No,Female,1,4847.35,49-60,49,No,Yes,Yes,0,Yes,Mailed check,Yes,Yes,Yes,No,Yes,100.85,Fiber optic,
64,5,No,,0,,Month-to-month,2041-JIJCI,No,No,Female,1,370.25,0-12,5,No,No,Yes,0,Yes,Electronic check,No,Yes,No,Yes,Yes,64,DSL,
55.7,1,No,,0,,Month-to-month,2043-WVTQJ,No,Yes,Male,1,55.7,0-12,1,No,No,No,0,Yes,Mailed check,Yes,No,Yes,No,No,55.7,DSL,
59.45,33,No,,0,,Month-to-month,2045-BMBTJ,No,Yes,Female,1,1884.65,25-36,33,No,Yes,Yes,1,No,Bank transfer (automatic),No,Yes,Yes,Yes,No phone service,59.45,DSL,
35.9,1,No,,0,,Month-to-month,2049-BAFNW,No,Yes,Female,1,35.9,0-12,1,Yes,No,No,0,No,Mailed check,No,No,No,No,No phone service,35.9,DSL,
51.65,55,No,,0,,Month-to-month,2055-SIFSS,No,No,Female,1,2838.55,49-60,55,No,No,No,1,Yes,Bank transfer (automatic),Yes,No,No,No,Yes,51.65,DSL,
19.5,37,No,,0,,Month-to-month,2061-VVFST,No,No,Female,1,805.2,37-48,37,No,No,No,0,Yes,Bank transfer (automatic),Yes,No,No,No,No,19.5,No,
111.15,64,No,,0,,Month-to-month,2067-QYTCF,No,Yes,Female,1,6953.4,61+,64,Yes,Yes,Yes,0,Yes,Electronic check,Yes,Yes,No,Yes,Yes,111.15,Fiber optic,
79.35,23,No,,0,,Month-to-month,2070-XYMFH,No,Yes,Female,1,1835.3,13-24,23,No,No,No,1,Yes,Mailed check,No,Yes,No,No,Yes,79.35,Fiber optic,
92.7,17,No,,0,,Month-to-month,2074-GUHPQ,Yes,Yes,Female,1,1556.85,13-24,17,Yes,No,No,0,Yes,Credit card (automatic),No,Yes,No,Yes,Yes,92.7,Fiber optic,
49.4,5,No,,0,,Month-to-month,2075-RMJIK,Yes,No,Female,1,232.55,0-12,5,No,No,No,0,Yes,Mailed check,Yes,Yes,Yes,No,No,49.4,DSL,
75.4,7,No,,0,,Month-to-month,2077-MPJQO,No,No,Male,1,533.05,0-12,7,No,No,No,1,Yes,Electronic check,Yes,Yes,No,No,Yes,75.4,Fiber optic,
104.4,41,No,,0,,Month-to-month,2080-CAZNM,No,Yes,Female,1,4133.95,37-48,41,No,Yes,Yes,1,Yes,Electronic check,No,Yes,No,Yes,Yes,104.4,Fiber optic,
74.95,2,No,,0,,Month-to-month,2080-GKCWQ,No,No,Male,1,151.75,0-12,2,No,No,No,0,Yes,Electronic check,No,No,No,Yes,No,74.95,Fiber optic,
25.4,1,No,,0,,Month-to-month,2080-SRCDE,Yes,No,Female,1,25.4,0-12,1,No,No,No,0,Yes,Mailed check,No,No,No,No,Yes,25.4,No,
20.25,1,No,,0,,Month-to-month,2081-KJSQF,No,No,Male,1,20.25,0-12,1,No,No,No,0,Yes,Mailed check,No,Yes,No,No,No,20.25,No,
107.95,3,No,,0,,Month-to-month,2081-VEYEH,No,Yes,Male,1,318.6,0-12,3,Yes,Yes,Yes,0,Yes,Electronic check,No,Yes,No,Yes,No,107.95,Fiber optic,
20.35,37,No,,0,,Month-to-month,2085-JVGAD,No,No,Male,1,697.65,37-48,37,No,No,No,0,Yes,Bank transfer (automatic),Yes,No,No,No,No,20.35,No,
54.7,22,No,,0,,Month-to-month,2087-QAREY,No,Yes,Female,1,1178.75,13-24,22,No,No,No,0,Yes,Mailed check,Yes,Yes,No,Yes,No,54.7,DSL,
19.35,16,No,,0,,Month-to-month,2096-XOTMO,Yes,No,Female,1,275.9,13-24,16,No,No,No,0,Yes,Mailed check,Yes,No,No,No,No,19.35,No,
73.1,55,No,,0,,Month-to-month,2101-RANCD,No,No,Female,1,4144.9,49-60,55,No,No,No,0,Yes,Electronic check,No,Yes,No,No,Yes,73.1,Fiber optic,
50.75,1,No,,0,,Month-to-month,2103-ZRXFN,No,No,Male,1,50.75,0-12,1,No,No,No,0,Yes,Mailed check,No,No,No,No,Yes,50.75,DSL,
95,33,No,,0,,Month-to-month,2105-PHWON,No,Yes,Female,1,3008.15,25-36,33,Yes,No,Yes,0,Yes,Credit card (automatic),Yes,Yes,No,No,Yes,95,Fiber optic,
104.1,30,No,,0,,Month-to-month,2107-FBPTK,No,Yes,Female,1,3121.1,25-36,30,No,Yes,Yes,1,Yes,Electronic check,No,Yes,No,Yes,Yes,104.1,Fiber optic,
55.55,25,No,,0,,Month-to-month,2108-GLPQB,No,Yes,Male,1,1405.3,25-36,25,No,No,No,0,Yes,Credit card (automatic),Yes,No,No,No,Yes,55.55,DSL,
21.1,1,No,,0,,Month-to-month,2111-DWYHN,No,No,Male,1,21.1,0-12,1,No,No,No,0,Yes,Mailed check,No,No,No,No,No,21.1,No,
20.15,25,No,,0,,Month-to-month,2120-SMPEX,No,No,Male,1,536.35,25-36,25,No,No,No,0,Yes,Mailed check,No,Yes,No,No,No,20.15,No,
75.4,18,No,,0,,Month-to-month,2122-YWVYA,No,No,Female,1,1380.4,13-24,18,No,No,No,0,Yes,Electronic check,No,Yes,Yes,No,No,75.4,Fiber optic,
84.35,7,No,,0,,Month-to-month,2123-AGEEN,No,Yes,Female,1,609.65,0-12,7,No,Yes,No,1,Yes,Electronic check,No,Yes,No,No,No,84.35,Fiber optic,
26.2,40,No,,0,,Month-to-month,2129-ALKBS,Yes,No,Female,1,1077.5,37-48,40,No,No,No,0,Yes,Electronic check,Yes,Yes,No,No,Yes,26.2,No,
105.35,34,No,,0,,Month-to-month,2133-TSRRM,Yes,Yes,Female,1,3688.6,25-36,34,No,Yes,Yes,0,Yes,Bank transfer (automatic),No,Yes,Yes,Yes,No,105.35,Fiber optic,
85.3,5,No,,0,,Month-to-month,2135-DQWAQ,No,No,Female,1,420.45,0-12,5,No,Yes,No,0,Yes,Mailed check,No,Yes,No,Yes,No,85.3,Fiber optic,
89.95,19,No,,0,,Month-to-month,2139-FQHLM,No,Yes,Male,1,1682.4,13-24,19,Yes,Yes,No,0,Yes,Mailed check,No,No,No,No,No,89.95,Fiber optic,
108.75,50,No,,0,,Month-to-month,2144-BFDSO,No,Yes,Female,1,5431.9,49-60,50,No,Yes,Yes,1,Yes,Bank transfer (automatic),Yes,No,Yes,Yes,Yes,108.75,Fiber optic,
54.9,28,No,,0,,Month-to-month,2155-AMQRX,No,No,Female,1,1505.15,25-36,28,Yes,No,No,0,Yes,Credit card (automatic),No,Yes,No,No,Yes,54.9,DSL,
20.05,5,No,,0,,Month-to-month,2159-TURXX,No,No,Male,1,95.55,0-12,5,No,No,No,0,Yes,Credit card (automatic),No,No,No,No,No,20.05,No,
20.05,20,No,,0,,Month-to-month,2164-SOQXL,Yes,No,Female,1,406.05,13-24,20,No,No,No,0,Yes,Mailed check,Yes,No,No,No,No,20.05,No,
19.45,32,No,,0,,Month-to-month,2171-UDMFD,Yes,No,Male,1,674.55,25-36,32,No,No,No,0,Yes,Credit card (automatic),Yes,Yes,No,No,No,19.45,No,
69.7,22,No,,0,,Month-to-month,2178-PMGCJ,No,No,Male,1,1490.4,13-24,22,No,No,No,0,Yes,Mailed check,No,Yes,No,No,No,69.7,Fiber optic,
53.45,2,No,,0,,Month-to-month,2181-UAESM,No,Yes,Male,1,119.5,0-12,2,No,No,No,0,Yes,Electronic check,No,No,Yes,No,No,53.45,DSL,
58.55,29,No,,0,,Month-to-month,2186-QZEYA,No,No,Female,1,1718.95,25-36,29,No,No,No,1,Yes,Bank transfer (automatic),No,Yes,Yes,Yes,Yes,58.55,DSL,
79.95,12,No,,0,,Month-to-month,2187-PKZAY,No,No,Male,1,1043.4,0-12,12,No,No,Yes,0,Yes,Bank transfer (automatic),No,Yes,No,No,No,79.95,Fiber optic,
78.85,40,No,,0,,Month-to-month,2190-BCXEC,No,No,Female,1,3126.85,37-48,40,Yes,No,No,0,Yes,Credit card (automatic),Yes,Yes,No,No,Yes,78.85,Fiber optic,
59.1,18,No,,0,,Month-to-month,2195-VVRJF,No,No,Male,1,1011.05,13-24,18,No,No,Yes,1,Yes,Credit card (automatic),Yes,Yes,Yes,No,No,59.1,DSL,
60.85,34,No,,0,,Month-to-month,2202-OUTMO,No,No,Female,1,2003.6,25-36,34,Yes,No,No,0,Yes,Bank transfer (automatic),Yes,Yes,Yes,No,Yes,60.85,DSL,
79.65,24,No,,0,,Month-to-month,2203-GHNWN,No,Yes,Female,1,1928.7,13-24,24,No,No,No,0,Yes,Mailed check,Yes,Yes,No,No,Yes,79.65,Fiber optic,
90,37,No,,0,,Month-to-month,2207-QPJED,No,Yes,Female,1,3371.75,37-48,37,Yes,Yes,No,1,Yes,Electronic check,Yes,No,No,No,No,90,Fiber optic,
81.95,26,No,,0,,Month-to-month,2208-NQBCT,Yes,No,Female,1,2070.05,25-36,26,No,No,No,0,Yes,Electronic check,Yes,No,Yes,Yes,No,81.95,Fiber optic,
98.6,56,No,,0,,Month-to-month,2208-UGTGR,No,No,Male,1,5581.05,49-60,56,No,Yes,Yes,0,Yes,Electronic check,No,No,No,Yes,Yes,98.6,Fiber optic,
25.25,1,No,,0,,Month-to-month,2209-XADXF,No,No,Female,1,25.25,0-12,1,No,No,No,0,No,Bank transfer (automatic),No,No,No,No,No phone service,25.25,DSL,
85.5,9,No,,0,,Month-to-month,2215-ZAFGX,No,No,Male,1,791.7,0-12,9,No,Yes,No,0,Yes,Electronic check,No,Yes,No,No,Yes,85.5,Fiber optic,
19.4,1,No,,0,,Month-to-month,2220-IAHLS,No,No,Female,1,19.4,0-12,1,No,No,No,0,Yes,Credit card (automatic),No,No,No,No,No,19.4,No,
99.15,21,No,,0,,Month-to-month,2227-JRSJX,No,No,Female,1,1956.4,13-24,21,Yes,Yes,Yes,0,Yes,Bank transfer (automatic),No,Yes,No,Yes,No,99.15,Fiber optic,
49.3,24,No,,0,,Month-to-month,2229-VWQJH,No,Yes,Female,1,1233.25,13-24,24,No,No,No,0,Yes,Credit card (automatic),No,Yes,No,No,No,49.3,DSL,
24.3,5,No,,0,,Month-to-month,2233-FAGXV,Yes,No,Female,1,132.25,0-12,5,No,No,No,0,Yes,Mailed check,Yes,Yes,No,No,Yes,24.3,No,
44.4,6,No,,0,,Month-to-month,2235-DWLJU,No,No,Female,1,263.05,0-12,6,No,Yes,Yes,1,No,Electronic check,No,Yes,No,No,No phone service,44.4,DSL,
81.85,38,No,,0,,Month-to-month,2240-HSJQD,Yes,No,Male,1,3141.7,37-48,38,No,No,No,0,Yes,Mailed check,No,Yes,No,Yes,Yes,81.85,Fiber optic,
19.4,20,No,,0,,Month-to-month,2243-FNMMI,No,No,Male,1,415.4,13-24,20,No,No,No,0,Yes,Mailed check,No,No,No,No,No,19.4,No,
81.05,64,No,,0,,Month-to-month,2250-IVBWA,Yes,No,Male,1,5135.35,61+,64,No,No,No,0,Yes,Electronic check,Yes,No,Yes,Yes,No,81.05,Fiber optic,
79.15,1,No,,0,,Month-to-month,2254-DLXRI,No,No,Female,1,79.15,0-12,1,No,No,No,0,Yes,Mailed check,No,Yes,No,Yes,Yes,79.15,Fiber optic,
66.6,14,No,,0,,Month-to-month,2257-BOVXD,No,No,Male,1,979.5,13-24,14,Yes,Yes,No,0,Yes,Credit card (automatic),Yes,Yes,No,No,Yes,66.6,DSL,
70.1,1,No,,0,,Month-to-month,2262-SLNVK,No,No,Female,1,70.1,0-12,1,No,No,No,0,Yes,Electronic check,No,No,No,No,No,70.1,Fiber optic,
94.4,50,No,,0,,Month-to-month,2267-FPIMA,No,No,Male,1,4914.9,49-60,50,No,No,Yes,0,Yes,Credit card (automatic),Yes,Yes,Yes,Yes,Yes,94.4,Fiber optic,
94,57,No,,0,,Month-to-month,2267-WTPYD,No,Yes,Female,1,5438.95,49-60,57,No,No,Yes,1,Yes,Credit card (automatic),Yes,No,No,Yes,Yes,94,Fiber optic,
95.1,44,No,,0,,Month-to-month,2270-CHBFN,No,Yes,Female,1,4060.55,37-48,44,Yes,No,No,0,Yes,Credit card (automatic),Yes,Yes,Yes,Yes,Yes,95.1,Fiber optic,
78.5,7,No,,0,,Month-to-month,2272-UOINI,No,No,Female,1,571.05,0-12,7,Yes,Yes,Yes,0,Yes,Electronic check,No,Yes,Yes,Yes,No,78.5,DSL,
49.05,1,No,,0,,Month-to-month,2273-QCKXA,No,No,Male,1,49.05,0-12,1,Yes,No,No,0,Yes,Mailed check,No,No,No,No,No,49.05,DSL,
45.4,1,No,,0,,Month-to-month,2275-RBYQS,No,No,Female,1,45.4,0-12,1,No,No,No,0,Yes,Mailed check,No,Yes,No,No,No,45.4,DSL,
99,60,No,,0,,Month-to-month,2277-DJJDL,No,No,Male,1,6017.9,49-60,60,Yes,Yes,Yes,1,Yes,Electronic check,Yes,Yes,No,No,Yes,99,Fiber optic,
48.75,4,No,,0,,Month-to-month,2277-VWCNI,No,No,Female,1,179.85,0-12,4,No,No,No,1,Yes,Mailed check,No,No,No,No,Yes,48.75,DSL,
95.65,52,No,,0,,Month-to-month,2279-AXJJK,No,No,Male,1,5088.4,49-60,52,Yes,No,Yes,0,Yes,Credit card (automatic),Yes,Yes,No,Yes,Yes,95.65,Fiber optic,
70.45,62,No,,0,,Month-to-month,2294-DMMUS,Yes,No,Female,1,4300.45,61+,62,No,Yes,Yes,0,Yes,Credit card (automatic),Yes,Yes,No,No,Yes,70.45,DSL,
19.85,2,No,,0,,Month-to-month,2303-PJYHN,No,No,Female,1,52,0-12,2,No,No,No,0,Yes,Bank transfer (automatic),Yes,No,No,No,No,19.85,No,
76.55,28,No,,0,,Month-to-month,2305-MRGLV,No,No,Male,1,2065.4,25-36,28,Yes,No,No,0,Yes,Bank transfer (automatic),Yes,No,No,No,No,76.55,Fiber optic,
19.4,2,No,,0,,Month-to-month,2308-STERM,No,No,Female,1,61.05,0-12,2,No,No,No,0,Yes,Mailed check,No,No,No,No,No,19.4,No,
44.45,26,No,,0,,Month-to-month,2320-SLKMB,No,Yes,Female,1,1183.8,25-36,26,Yes,Yes,No,0,No,Credit card (automatic),No,Yes,No,No,No phone service,44.45,DSL,
19.3,7,No,,0,,Month-to-month,2320-YKQBO,No,No,Female,1,144.95,0-12,7,No,No,No,0,Yes,Mailed check,No,No,No,No,No,19.3,No,
90,23,No,,0,,Month-to-month,2322-VCZHZ,No,No,Male,1,2024.1,13-24,23,No,No,Yes,1,Yes,Electronic check,Yes,Yes,Yes,Yes,No,90,Fiber optic,
74.55,3,No,,0,,Month-to-month,2325-NBPZG,No,No,Female,1,233.65,0-12,3,No,No,No,0,Yes,Electronic check,No,Yes,Yes,No,No,74.55,Fiber optic,
50.55,55,No,,0,,Month-to-month,2338-BQEZT,No,No,Female,1,2832.75,49-60,55,No,No,No,0,Yes,Credit card (automatic),No,Yes,Yes,No,No,50.55,DSL,
20.3,2,No,,0,,Month-to-month,2342-CKIAO,No,No,Female,1,41.2,0-12,2,No,No,No,0,Yes,Mailed check,No,No,No,No,No,20.3,No,
24.15,35,No,,0,,Month-to-month,2346-DJQTB,No,No,Female,1,812.5,25-36,35,No,No,No,0,No,Electronic check,No,No,No,No,No phone service,24.15,DSL,
94.4,42,No,,0,,Month-to-month,2347-WKKAE,No,Yes,Male,1,4014.6,37-48,42,No,No,Yes,0,Yes,Electronic check,Yes,Yes,Yes,No,Yes,94.4,Fiber optic,
94.9,41,No,,0,,Month-to-month,2359-KLTEK,Yes,Yes,Female,1,3848,37-48,41,No,Yes,Yes,0,Yes,Bank transfer (automatic),Yes,Yes,No,No,No,94.9,Fiber optic,
104.25,65,No,,0,,Month-to-month,2360-RDGRO,No,Yes,Male,1,6812.95,61+,65,No,Yes,Yes,0,Yes,Electronic check,Yes,Yes,Yes,No,Yes,104.25,Fiber optic,
80.4,62,No,,0,,Month-to-month,2363-BJLSL,No,Yes,Male,1,4981.15,61+,62,Yes,Yes,Yes,0,Yes,Bank transfer (automatic),No,Yes,No,Yes,No,80.4,DSL,
19.9,1,No,,0,,Month-to-month,2369-FEVNO,No,No,Male,1,19.9,0-12,1,No,No,No,0,Yes,Mailed check,No,Yes,No,No,No,19.9,No,
93,24,No,,0,,Month-to-month,2371-JQHZZ,No,No,Male,1,2248.05,13-24,24,No,Yes,Yes,0,Yes,Electronic check,Yes,Yes,No,No,Yes,93,Fiber optic,
20.25,11,No,,0,,Month-to-month,2371-JUNGC,No,No,Male,1,208,0-12,11,No,No,No,0,Yes,Mailed check,No,No,No,No,No,20.25,No,
66.25,8,No,,0,,Month-to-month,2373-NTKOD,No,No,Male,1,546.45,0-12,8,No,Yes,Yes,0,Yes,Electronic check,No,Yes,No,No,No,66.25,DSL,
91,35,No,,0,,Month-to-month,2378-HTWFW,No,No,Male,1,3180.5,25-36,35,No,No,Yes,1,Yes,Credit card (automatic),No,No,Yes,No,Yes,91,Fiber optic,
104.35,65,No,,0,,Month-to-month,2378-VTKDH,No,Yes,Male,1,6578.55,61+,65,No,Yes,Yes,1,Yes,Electronic check,Yes,Yes,No,Yes,Yes,104.35,Fiber optic,
95.3,58,No,,0,,Month-to-month,2386-OWURY,No,No,Female,1,5817.7,49-60,58,Yes,Yes,Yes,0,Yes,Electronic check,No,Yes,No,No,No,95.3,Fiber optic,
20,3,No,,0,,Month-to-month,2393-DIVAI,No,No,Female,1,61.7,0-12,3,No,No,No,0,Yes,Mailed check,No,Yes,No,No,No,20,No,
61.9,44,No,,0,,Month-to-month,2408-PSJVE,Yes,Yes,Male,1,2924.05,37-48,44,Yes,No,No,0,Yes,Mailed check,Yes,Yes,No,Yes,No,61.9,DSL,
20.4,2,No,,0,,Month-to-month,2410-CIYFZ,Yes,No,Male,1,42.9,0-12,2,No,No,No,0,Yes,Mailed check,No,No,No,No,No,20.4,No,
74.7,1,No,,0,,Month-to-month,2424-WVHPL,No,No,Male,1,74.7,0-12,1,Yes,No,No,1,Yes,Electronic check,No,No,No,No,No,74.7,Fiber optic,
19.75,10,No,,0,,Month-to-month,2428-ZMCTB,No,No,Male,1,208.25,0-12,10,No,No,No,0,Yes,Credit card (automatic),No,No,No,No,No,19.75,No,
39.2,22,No,,0,,Month-to-month,2436-QBZFP,Yes,No,Female,1,849.9,13-24,22,No,Yes,No,0,No,Electronic check,Yes,No,No,Yes,No phone service,39.2,DSL,
102.6,38,No,,0,,Month-to-month,2439-LYPMQ,No,Yes,Male,1,4009.2,37-48,38,No,Yes,Yes,1,Yes,Electronic check,Yes,Yes,No,Yes,Yes,102.6,Fiber optic,
20.25,5,No,,0,,Month-to-month,2439-QKJUL,No,No,Male,1,109.8,0-12,5,No,No,No,0,Yes,Mailed check,No,No,No,No,No,20.25,No,
56.8,18,No,,0,,Month-to-month,2446-ZKVAF,No,No,Male,1,1074.65,13-24,18,No,No,No,0,Yes,Credit card (automatic),Yes,No,No,Yes,Yes,56.8,DSL,
101.4,67,No,,0,,Month-to-month,2452-KDRRH,No,Yes,Male,1,6841.05,61+,67,No,Yes,Yes,1,Yes,Credit card (automatic),No,Yes,No,No,Yes,101.4,Fiber optic,
75.45,47,No,,0,,Month-to-month,2452-SNHFZ,No,No,Female,1,3545.1,37-48,47,No,No,No,0,Yes,Credit card (automatic),No,No,Yes,No,No,75.45,Fiber optic,
84.75,31,No,,0,,Month-to-month,2455-USLMV,No,Yes,Female,1,2613.4,25-36,31,No,No,No,0,Yes,Credit card (automatic),No,Yes,Yes,No,Yes,84.75,Fiber optic,
64.05,11,No,,0,,Month-to-month,2458-EOMRE,No,Yes,Female,1,733.95,0-12,11,No,No,Yes,0,Yes,Bank transfer (automatic),No,No,Yes,No,No,64.05,DSL,
75.2,11,No,,0,,Month-to-month,2460-NGXBJ,Yes,No,Male,1,775.3,0-12,11,No,No,No,1,Yes,Credit card (automatic),Yes,Yes,No,No,Yes,75.2,Fiber optic,
19.75,1,No,,0,,Month-to-month,2465-BLLEU,No,No,Male,1,19.75,0-12,1,No,No,No,0,Yes,Mailed check,No,Yes,No,No,No,19.75,No,
19.65,8,No,,0,,Month-to-month,2466-NEJOJ,Yes,No,Male,1,169.75,0-12,8,No,No,No,0,Yes,Credit card (automatic),Yes,No,No,No,No,19.65,No,
74.3,1,No,,0,,Month-to-month,2468-SJFLM,No,No,Male,1,74.3,0-12,1,Yes,No,No,0,Yes,Mailed check,No,Yes,No,No,No,74.3,Fiber optic,
73.65,23,No,,0,,Month-to-month,2474-LCNUE,No,No,Female,1,1642.75,13-24,23,Yes,Yes,Yes,0,Yes,Credit card (automatic),Yes,Yes,No,No,Yes,73.65,DSL,
95,30,No,,0,,Month-to-month,2475-MROZF,No,Yes,Male,1,2852.4,25-36,30,Yes,No,No,0,Yes,Credit card (automatic),No,Yes,Yes,Yes,Yes,95,Fiber optic,
76,29,No,,0,,Month-to-month,2476-YGEFM,No,No,Female,1,2215.25,25-36,29,No,No,No,0,Yes,Credit card (automatic),No,Yes,No,No,Yes,76,Fiber optic,
44.3,59,No,,0,,Month-to-month,2478-EEWWM,No,No,Male,1,2666.75,49-60,59,No,Yes,Yes,0,No,Electronic check,Yes,Yes,No,No,No phone service,44.3,DSL,
20.65,1,No,,0,,Month-to-month,2480-JZOSN,No,No,Female,1,20.65,0-12,1,No,No,No,0,Yes,Mailed check,Yes,Yes,No,No,No,20.65,No,
44.8,4,No,,0,,Month-to-month,2480-SQIOB,Yes,No,Male,1,169.65,0-12,4,No,No,No,0,Yes,Electronic check,Yes,No,No,No,No,44.8,DSL,
90.65,33,No,,0,,Month-to-month,2495-KZNFB,No,No,Female,1,2989.6,25-36,33,No,No,Yes,0,Yes,Electronic check,No,Yes,Yes,No,Yes,90.65,Fiber optic,
70.2,11,No,,0,,Month-to-month,2501-XWWTZ,No,No,Male,1,760.05,0-12,11,No,No,No,0,Yes,Electronic check,No,No,No,No,No,70.2,Fiber optic,
86.8,23,No,,0,,Month-to-month,2504-DSHIH,No,No,Male,1,1975.85,13-24,23,No,No,Yes,1,Yes,Electronic check,Yes,No,No,No,Yes,86.8,Fiber optic,
95.7,15,No,,0,,Month-to-month,2507-QZPQS,No,No,Male,1,1451.1,13-24,15,Yes,No,Yes,0,Yes,Electronic check,No,No,No,Yes,Yes,95.7,Fiber optic,
54.6,33,No,,0,,Month-to-month,2519-ERQOJ,No,Yes,Male,1,1803.7,25-36,33,Yes,Yes,Yes,1,No,Electronic check,No,Yes,No,No,No phone service,54.6,DSL,
109.45,60,No,,0,,Month-to-month,2522-AHJXR,No,Yes,Male,1,6572.85,49-60,60,Yes,Yes,Yes,0,Yes,Bank transfer (automatic),Yes,Yes,Yes,No,Yes,109.45,Fiber optic,
76.1,27,No,,0,,Month-to-month,2523-EWWZL,No,No,Female,1,2093.4,25-36,27,No,No,No,0,Yes,Electronic check,Yes,Yes,No,Yes,No,76.1,Fiber optic,
30.2,15,No,,0,,Month-to-month,2533-TIBIX,Yes,No,Male,1,469.65,13-24,15,No,No,No,0,No,Bank transfer (automatic),Yes,Yes,Yes,No,No phone service,30.2,DSL,
24.7,1,No,,0,,Month-to-month,2538-OIMXF,Yes,No,Female,1,24.7,0-12,1,No,No,No,0,No,Mailed check,No,No,No,No,No phone service,24.7,DSL,
19.95,1,No,,0,,Month-to-month,2542-HYGIQ,No,No,Female,1,19.95,0-12,1,No,No,No,0,Yes,Credit card (automatic),No,No,No,No,No,19.95,No,
84.05,2,No,,0,,Month-to-month,2545-EBUPK,No,No,Female,1,186.05,0-12,2,No,No,Yes,1,Yes,Electronic check,No,Yes,No,No,Yes,84.05,Fiber optic,
91.05,48,No,,0,,Month-to-month,2573-GYRUU,No,Yes,Male,1,4370.75,37-48,48,No,No,Yes,1,Yes,Credit card (automatic),Yes,Yes,No,No,Yes,91.05,Fiber optic,
19.55,1,No,,0,,Month-to-month,2576-HXMPA,No,No,Female,1,19.55,0-12,1,No,No,No,0,Yes,Credit card (automatic),No,No,No,No,No,19.55,No,
50.6,22,No,,0,,Month-to-month,2582-FFFZR,No,Yes,Female,1,1073.3,13-24,22,No,Yes,Yes,0,No,Electronic check,No,Yes,No,No,No phone service,50.6,DSL,
70.45,1,No,,0,,Month-to-month,2585-KTFRE,Yes,No,Male,1,70.45,0-12,1,Yes,No,Yes,0,Yes,Bank transfer (automatic),No,Yes,Yes,Yes,No,70.45,DSL,
30.4,54,No,,0,,Month-to-month,2586-CWXVV,No,No,Male,1,1621.35,49-60,54,No,No,No,0,No,Electronic check,Yes,No,No,Yes,No phone service,30.4,DSL,
111.5,44,No,,0,,Month-to-month,2587-EKXTS,No,Yes,Male,1,4915.15,37-48,44,No,Yes,Yes,0,Yes,Electronic check,No,Yes,Yes,Yes,Yes,111.5,Fiber optic,
20.35,1,No,,0,,Month-to-month,2592-YKDIF,No,No,Female,1,20.35,0-12,1,No,No,No,0,Yes,Mailed check,No,No,No,No,No,20.35,No,
101.4,31,No,,0,,Month-to-month,2603-HVKCG,No,Yes,Male,1,3143.65,25-36,31,No,Yes,Yes,0,Yes,Electronic check,No,Yes,No,Yes,No,101.4,Fiber optic,
96.55,20,No,,0,,Month-to-month,2604-IJPDU,No,No,Female,1,1901.65,13-24,20,Yes,Yes,No,0,Yes,Electronic check,Yes,Yes,Yes,Yes,No,96.55,Fiber optic,
43.8,12,No,,0,,Month-to-month,2604-XVDAM,No,No,Female,1,540.95,0-12,12,No,No,No,0,Yes,Bank transfer (automatic),No,No,No,No,No,43.8,DSL,
49,1,No,,0,,Month-to-month,2607-FBDFF,No,No,Male,1,49,0-12,1,Yes,No,No,0,Yes,Credit card (automatic),No,No,No,No,No,49,DSL,
107.5,71,No,,0,,Month-to-month,2615-YVMYX,No,Yes,Male,1,7713.55,61+,71,No,Yes,Yes,1,Yes,Electronic check,Yes,Yes,Yes,Yes,Yes,107.5,Fiber optic,
72.75,33,No,,0,,Month-to-month,2616-UUTFK,No,Yes,Male,1,2447.45,25-36,33,No,Yes,No,0,Yes,Bank transfer (automatic),Yes,Yes,Yes,Yes,Yes,72.75,DSL,
20.85,3,No,,0,,Month-to-month,2621-UDNLU,No,No,Female,1,72,0-12,3,No,No,No,0,Yes,Mailed check,Yes,No,No,No,No,20.85,No,
49.65,51,No,,0,,Month-to-month,2625-TRCZQ,No,No,Female,1,2553.35,49-60,51,No,Yes,Yes,0,No,Electronic check,Yes,Yes,No,Yes,No phone service,49.65,DSL,
46.1,3,No,,0,,Month-to-month,2637-FKFSY,No,No,Female,1,130.15,0-12,3,No,No,No,0,Yes,Mailed check,Yes,Yes,No,No,No,46.1,DSL,
19.65,2,No,,0,,Month-to-month,2640-LYMOV,No,No,Male,1,38.8,0-12,2,No,No,No,0,Yes,Mailed check,No,Yes,No,No,No,19.65,No,
19.9,1,No,,0,,Month-to-month,2654-VBVPB,No,No,Female,1,19.9,0-12,1,No,No,No,0,Yes,Bank transfer (automatic),No,No,No,No,No,19.9,No,
88.85,10,No,,0,,Month-to-month,2657-VPXTA,Yes,No,Female,1,929.45,0-12,10,No,Yes,Yes,0,Yes,Electronic check,Yes,Yes,No,No,No,88.85,Fiber optic,
98.1,26,No,,0,,Month-to-month,2665-NPTGL,No,Yes,Female,1,2510.7,25-36,26,No,Yes,Yes,1,Yes,Bank transfer (automatic),Yes,Yes,No,No,Yes,98.1,Fiber optic,
20.45,1,No,,0,,Month-to-month,2668-TZSPS,No,No,Male,1,20.45,0-12,1,No,No,No,0,Yes,Mailed check,No,No,No,No,No,20.45,No,
100.05,48,No,,0,,Month-to-month,2669-OIDSD,No,Yes,Female,1,4834,37-48,48,Yes,Yes,Yes,0,Yes,Credit card (automatic),Yes,Yes,No,No,No,100.05,Fiber optic,
81.3,41,No,,0,,Month-to-month,2669-QVCRG,No,No,Female,1,3190.65,37-48,41,No,No,No,0,Yes,Credit card (automatic),No,Yes,Yes,No,Yes,81.3,Fiber optic,
44.75,1,No,,0,,Month-to-month,2672-OJQZP,No,No,Female,1,44.75,0-12,1,No,No,No,0,Yes,Mailed check,No,No,No,No,No,44.75,DSL,
88.8,37,No,,0,,Month-to-month,2672-TGEFF,Yes,No,Female,1,3340.55,37-48,37,No,Yes,No,0,Yes,Electronic check,Yes,Yes,No,Yes,Yes,88.8,Fiber optic,
80.3,4,No,,0,,Month-to-month,2674-MIAHT,No,No,Female,1,324.2,0-12,4,No,No,No,0,Yes,Mailed check,No,Yes,No,Yes,Yes,80.3,Fiber optic,
99.65,71,No,,0,,Month-to-month,2674-MLXMN,No,No,Female,1,6951.15,61+,71,No,Yes,Yes,1,Yes,Credit card (automatic),No,Yes,No,Yes,Yes,99.65,Fiber optic,
98.9,58,No,,0,,Month-to-month,2675-DHUTR,No,No,Male,1,5780.7,49-60,58,No,Yes,Yes,1,Yes,Electronic check,Yes,Yes,No,Yes,Yes,98.9,Fiber optic,
89.45,31,No,,0,,Month-to-month,2675-OTVVJ,No,No,Male,1,2807.65,25-36,31,No,Yes,No,1,Yes,Electronic check,Yes,No,Yes,No,Yes,89.45,Fiber optic,
20.3,1,No,,0,,Month-to-month,2676-ISHSF,No,No,Male,1,20.3,0-12,1,No,No,No,0,Yes,Mailed check,No,No,No,No,No,20.3,No,
55.7,6,No,,0,,Month-to-month,2676-OXPPQ,No,No,Male,1,335.65,0-12,6,No,No,No,0,Yes,Bank transfer (automatic),No,Yes,Yes,Yes,No,55.7,DSL,
33.6,61,No,,0,,Month-to-month,2683-JXWQQ,Yes,Yes,Male,1,2117.2,61+,61,No,No,No,0,No,Bank transfer (automatic),Yes,No,Yes,No,No phone service,33.6,DSL,
79.55,9,No,,0,,Month-to-month,2688-BHGOG,No,No,Male,1,718.55,0-12,9,No,No,Yes,1,Yes,Electronic check,No,Yes,No,No,No,79.55,Fiber optic,
101.45,29,No,,0,,Month-to-month,2692-BUCFV,No,Yes,Male,1,2948.6,25-36,29,No,Yes,Yes,1,Yes,Bank transfer (automatic),No,Yes,No,Yes,No,101.45,Fiber optic,
25.75,1,No,,0,,Month-to-month,2692-PFYTJ,No,No,Female,1,25.75,0-12,1,No,No,No,0,Yes,Mailed check,No,Yes,No,No,Yes,25.75,No,
79.55,12,No,,0,,Month-to-month,2694-CIUMO,No,No,Female,1,958.25,0-12,12,Yes,No,No,0,Yes,Credit card (automatic),No,Yes,No,No,Yes,79.55,Fiber optic,
105.35,34,No,,0,,Month-to-month,2697-NQBPF,No,No,Male,1,3540.65,25-36,34,Yes,Yes,Yes,0,Yes,Electronic check,No,Yes,No,Yes,Yes,105.35,Fiber optic,
20.75,1,No,,0,,Month-to-month,2700-LUEVA,No,No,Male,1,20.75,0-12,1,No,No,No,0,Yes,Credit card (automatic),No,No,No,No,No,20.75,No,
51.65,10,No,,0,,Month-to-month,2709-UQGNP,No,No,Male,1,524.5,0-12,10,No,No,No,0,Yes,Mailed check,No,Yes,Yes,No,No,51.65,DSL,
25.7,1,No,,0,,Month-to-month,2712-SYWAY,No,No,Female,1,25.7,0-12,1,No,No,No,0,Yes,Electronic check,No,Yes,No,No,Yes,25.7,No,
86.1,43,No,,0,,Month-to-month,2716-GFZOR,No,Yes,Male,1,3551.65,37-48,43,No,No,No,0,Yes,Credit card (automatic),Yes,Yes,Yes,Yes,No,86.1,Fiber optic,
20.05,8,No,,0,,Month-to-month,2717-HVIZY,Yes,No,Female,1,163.6,0-12,8,No,No,No,0,Yes,Mailed check,No,No,No,No,No,20.05,No,
48.95,6,No,,0,,Month-to-month,2720-FVBQP,Yes,No,Female,1,273.25,0-12,6,No,No,No,0,Yes,Credit card (automatic),Yes,Yes,No,No,Yes,48.95,DSL,
20.5,5,No,,0,,Month-to-month,2732-ISEZX,No,No,Female,1,104.3,0-12,5,No,No,No,0,Yes,Mailed check,No,Yes,No,No,No,20.5,No,
82.65,17,No,,0,,Month-to-month,2739-CACDQ,No,Yes,Female,1,1470.05,13-24,17,No,No,No,1,Yes,Credit card (automatic),No,Yes,No,No,Yes,82.65,Fiber optic,
20.35,5,No,,0,,Month-to-month,2739-CCZMB,Yes,No,Male,1,122,0-12,5,No,No,No,0,Yes,Credit card (automatic),No,No,No,No,No,20.35,No,
24,10,No,,0,,Month-to-month,2740-JFBOK,No,No,Male,1,226.55,0-12,10,No,No,No,0,Yes,Electronic check,No,Yes,No,No,Yes,24,No,
50.15,1,No,,0,,Month-to-month,2740-TVLFN,No,No,Male,1,50.15,0-12,1,No,No,No,0,Yes,Electronic check,No,Yes,No,No,Yes,50.15,DSL,
100.15,8,No,,0,,Month-to-month,2754-SDJRD,No,No,Female,1,908.55,0-12,8,Yes,Yes,Yes,1,Yes,Credit card (automatic),No,Yes,No,No,Yes,100.15,Fiber optic,
43.35,8,No,,0,,Month-to-month,2761-XECQW,No,Yes,Male,1,371.4,0-12,8,No,No,Yes,1,No,Mailed check,Yes,Yes,No,Yes,No phone service,43.35,DSL,
29.1,24,No,,0,,Month-to-month,2770-NSVDG,No,Yes,Male,1,688,13-24,24,No,No,No,0,No,Electronic check,Yes,No,No,No,No phone service,29.1,DSL,
36,21,No,,0,,Month-to-month,2782-JEEBU,No,No,Male,1,780.15,13-24,21,Yes,No,No,0,No,Mailed check,No,Yes,No,Yes,No phone service,36,DSL,
58.95,11,No,,0,,Month-to-month,2782-LFZVW,No,No,Female,1,601.6,0-12,11,No,No,Yes,0,Yes,Mailed check,No,Yes,No,No,Yes,58.95,DSL,
104.95,50,No,,0,,Month-to-month,2786-GCDPI,No,Yes,Female,1,5222.35,49-60,50,Yes,Yes,Yes,1,Yes,Electronic check,No,Yes,No,No,Yes,104.95,Fiber optic,
80.35,3,No,,0,,Month-to-month,2789-HQBOU,No,No,Male,1,253.8,0-12,3,No,No,Yes,0,Yes,Electronic check,No,Yes,No,No,No,80.35,Fiber optic,
20.15,9,No,,0,,Month-to-month,2791-SFVEW,No,No,Female,1,238.15,0-12,9,No,No,No,0,Yes,Bank transfer (automatic),No,No,No,No,No,20.15,No,
83.4,1,No,,0,,Month-to-month,2792-LSHWX,No,No,Female,1,83.4,0-12,1,Yes,No,No,0,Yes,Mailed check,No,Yes,Yes,Yes,No,83.4,Fiber optic,
20.5,3,No,,0,,Month-to-month,2792-VPPET,No,No,Male,1,76.95,0-12,3,No,No,No,0,Yes,Electronic check,No,Yes,No,No,No,20.5,No,
80.3,63,No,,0,,Month-to-month,2796-UUZZO,Yes,Yes,Male,1,4896.35,61+,63,No,No,No,0,Yes,Credit card (automatic),Yes,Yes,No,Yes,No,80.3,Fiber optic,
69.35,5,No,,0,,Month-to-month,2799-ARNLO,No,No,Female,1,341.6,0-12,5,No,No,No,1,Yes,Electronic check,Yes,Yes,No,No,No,69.35,Fiber optic,
100.3,42,No,,0,,Month-to-month,2800-QQUSO,No,No,Male,1,4222.95,37-48,42,Yes,Yes,Yes,0,Yes,Electronic check,No,Yes,No,No,Yes,100.3,Fiber optic,
74.75,3,No,,0,,Month-to-month,2800-VEQXM,No,Yes,Female,1,238.1,0-12,3,No,No,No,0,Yes,Mailed check,No,Yes,No,No,No,74.75,Fiber optic,
54.95,24,No,,0,,Month-to-month,2801-NISEI,No,No,Male,1,1348.5,13-24,24,Yes,No,No,0,Yes,Electronic check,No,No,Yes,No,No,54.95,DSL,
101.35,32,No,,0,,Month-to-month,2809-ZMYOQ,No,Yes,Female,1,3334.9,25-36,32,No,Yes,Yes,0,Yes,Electronic check,No,Yes,No,No,Yes,101.35,Fiber optic,
88.45,23,No,,0,,Month-to-month,2811-POVEX,Yes,Yes,Female,1,2130.55,13-24,23,No,No,Yes,1,Yes,Bank transfer (automatic),Yes,Yes,No,Yes,No,88.45,Fiber optic,
20.05,1,No,,0,,Month-to-month,2812-SFXMJ,Yes,No,Male,1,20.05,0-12,1,No,No,No,0,Yes,Mailed check,No,No,No,No,No,20.05,No,
95.05,18,No,,0,,Month-to-month,2823-LKABH,No,Yes,Female,1,1679.4,13-24,18,Yes,No,Yes,0,Yes,Bank transfer (automatic),No,Yes,No,No,Yes,95.05,Fiber optic,
95.25,37,No,,0,,Month-to-month,2824-MYYBN,Yes,No,Female,1,3314.15,37-48,37,No,Yes,Yes,0,Yes,Electronic check,Yes,Yes,No,No,Yes,95.25,Fiber optic,
29.8,7,No,,0,,Month-to-month,2826-DXLQO,No,No,Male,1,220.45,0-12,7,No,No,No,1,No,Bank transfer (automatic),Yes,No,Yes,No,No phone service,29.8,DSL,
81.4,45,No,,0,,Month-to-month,2826-UWHIS,No,No,Male,1,3775.85,37-48,45,No,No,No,0,Yes,Bank transfer (automatic),Yes,No,No,Yes,Yes,81.4,Fiber optic,
45,19,No,,0,,Month-to-month,2828-SLQPF,No,No,Male,1,865.85,13-24,19,No,No,No,0,Yes,Bank transfer (automatic),No,Yes,No,No,No,45,DSL,
45.9,4,No,,0,,Month-to-month,2831-EBWRN,No,No,Male,1,199.75,0-12,4,No,No,No,0,Yes,Electronic check,No,Yes,No,No,No,45.9,DSL,
103.65,38,No,,0,,Month-to-month,2832-KJCRD,No,Yes,Female,1,3988.5,37-48,38,Yes,Yes,Yes,0,Yes,Electronic check,No,Yes,No,No,Yes,103.65,Fiber optic,
19.9,2,No,,0,,Month-to-month,2832-SCUCO,No,No,Female,1,57.4,0-12,2,No,No,No,0,Yes,Electronic check,No,No,No,No,No,19.9,No,
75.35,43,No,,0,,Month-to-month,2842-BCQGE,No,No,Male,1,3161.4,37-48,43,No,No,No,0,Yes,Credit card (automatic),No,Yes,No,No,Yes,75.35,Fiber optic,
49.7,24,No,,0,,Month-to-month,2843-CQMEG,No,No,Male,1,1218.25,13-24,24,No,No,No,0,Yes,Mailed check,No,Yes,No,Yes,No,49.7,DSL,
56.15,27,No,,0,,Month-to-month,2851-MMUTZ,No,No,Female,1,1439.35,25-36,27,Yes,No,No,0,Yes,Mailed check,No,Yes,No,Yes,No,56.15,DSL,
59.55,1,No,,0,,Month-to-month,2853-CWQFQ,Yes,No,Male,1,59.55,0-12,1,Yes,No,Yes,0,Yes,Mailed check,No,Yes,No,No,No,59.55,DSL,
24.7,1,No,,0,,Month-to-month,2862-PFNIK,Yes,No,Male,1,24.7,0-12,1,No,No,No,0,No,Electronic check,No,Yes,No,No,No phone service,24.7,DSL,
19.55,1,No,,0,,Month-to-month,2866-IKBTM,No,No,Female,1,19.55,0-12,1,No,No,No,0,Yes,Mailed check,No,No,No,No,No,19.55,No,
105.1,34,No,,0,,Month-to-month,2874-YXVVA,No,Yes,Female,1,3634.8,25-36,34,Yes,Yes,Yes,0,Yes,Electronic check,No,Yes,No,Yes,No,105.1,Fiber optic,
85.95,13,No,,0,,Month-to-month,2876-GZYZC,No,No,Female,1,1215.65,13-24,13,No,No,Yes,0,Yes,Electronic check,No,Yes,No,No,Yes,85.95,Fiber optic,
74.2,2,No,,0,,Month-to-month,2880-FPNAE,No,Yes,Male,1,140.1,0-12,2,No,No,No,1,Yes,Electronic check,Yes,Yes,No,No,No,74.2,Fiber optic,
19.45,12,No,,0,,Month-to-month,2882-DDZPG,No,No,Female,1,227.45,0-12,12,No,No,No,0,Yes,Bank transfer (automatic),No,No,No,No,No,19.45,No,
104.9,57,No,,0,,Month-to-month,2883-ILGWO,No,No,Male,1,5913.95,49-60,57,Yes,Yes,Yes,1,Yes,Bank transfer (automatic),No,Yes,No,Yes,Yes,104.9,Fiber optic,
45.2,41,No,,0,,Month-to-month,2887-JPYLU,Yes,No,Female,1,1841.9,37-48,41,No,No,No,0,Yes,Bank transfer (automatic),No,No,No,No,No,45.2,DSL,
69.8,2,No,,0,,Month-to-month,2897-DOVND,No,No,Male,1,146.65,0-12,2,No,No,No,0,Yes,Electronic check,No,Yes,No,No,No,69.8,Fiber optic,
44.55,1,No,,0,,Month-to-month,2903-YYTBW,Yes,No,Male,1,44.55,0-12,1,No,No,No,0,Yes,Electronic check,Yes,No,No,No,No,44.55,DSL,
70.4,2,No,,0,,Month-to-month,2905-KFQUV,No,No,Female,1,154.8,0-12,2,No,No,No,0,Yes,Credit card (automatic),Yes,Yes,No,No,No,70.4,Fiber optic,
34.85,36,No,,0,,Month-to-month,2908-ZTPNF,No,No,Female,1,1267.2,25-36,36,Yes,No,No,0,No,Bank transfer (automatic),No,Yes,No,Yes,No phone service,34.85,DSL,
80.55,18,No,,0,,Month-to-month,2911-WDXMV,Yes,Yes,Male,1,1406.65,13-24,18,No,No,No,0,Yes,Credit card (automatic),No,Yes,No,No,Yes,80.55,Fiber optic,
84.75,19,No,,0,,Month-to-month,2916-BQZLN,No,Yes,Male,1,1651.95,13-24,19,No,No,No,0,Yes,Electronic check,No,Yes,Yes,No,Yes,84.75,Fiber optic,
69.95,1,No,,0,,Month-to-month,2920-RNCEZ,Yes,No,Male,1,69.95,0-12,1,No,No,No,0,Yes,Credit card (automatic),Yes,Yes,No,No,No,69.95,Fiber optic,
83.45,38,No,,0,,Month-to-month,2921-XWDJH,No,No,Female,1,3147.15,37-48,38,No,No,Yes,1,Yes,Electronic check,Yes,Yes,Yes,No,No,83.45,Fiber optic,
20.7,6,No,,0,,Month-to-month,2928-HLDBA,No,No,Female,1,112.75,0-12,6,No,No,No,0,Yes,Mailed check,No,No,No,No,No,20.7,No,
59.9,13,No,,0,,Month-to-month,2931-FSOHN,No,No,Male,1,788.35,13-24,13,No,Yes,No,1,Yes,Electronic check,No,Yes,No,Yes,No,59.9,DSL,
110.1,40,No,,0,,Month-to-month,2931-SVLTV,Yes,No,Male,1,4469.1,37-48,40,Yes,Yes,Yes,0,Yes,Credit card (automatic),Yes,Yes,Yes,Yes,Yes,110.1,Fiber optic,
64.8,18,No,,0,,Month-to-month,2937-FTHUR,Yes,No,Female,1,1166.7,13-24,18,No,No,Yes,0,Yes,Electronic check,No,No,Yes,No,Yes,64.8,DSL,
33.45,35,No,,0,,Month-to-month,2946-KIQSP,No,Yes,Female,1,1175.85,25-36,35,Yes,No,No,0,No,Mailed check,No,Yes,No,No,No phone service,33.45,DSL,
20.85,23,No,,0,,Month-to-month,2958-NHPPS,No,No,Male,1,473.9,13-24,23,No,No,No,0,Yes,Electronic check,No,No,No,No,No,20.85,No,
50.9,45,No,,0,,Month-to-month,2959-EEXWB,Yes,No,Female,1,2333.85,37-48,45,No,Yes,Yes,0,No,Bank transfer (automatic),Yes,Yes,Yes,No,No phone service,50.9,DSL,
85.3,9,No,,0,,Month-to-month,2959-FENLU,No,Yes,Female,1,781.4,0-12,9,No,No,Yes,0,Yes,Credit card (automatic),No,Yes,No,No,No,85.3,Fiber optic,
85.95,24,No,,0,,Month-to-month,2960-NKRSO,No,Yes,Male,1,2107.15,13-24,24,Yes,No,No,0,Yes,Electronic check,No,Yes,No,Yes,No,85.95,Fiber optic,
51.4,2,No,,0,,Month-to-month,2969-QWUBZ,No,No,Female,1,96.8,0-12,2,No,Yes,Yes,0,No,Electronic check,No,No,No,Yes,No phone service,51.4,DSL,
78.75,13,No,,0,,Month-to-month,2971-SGAFL,No,Yes,Female,1,995.35,13-24,13,No,Yes,Yes,0,Yes,Electronic check,No,Yes,Yes,No,Yes,78.75,DSL,
91.95,36,No,,0,,Month-to-month,2974-GGUXS,No,No,Female,1,3301.05,25-36,36,No,Yes,No,1,Yes,Credit card (automatic),Yes,Yes,No,Yes,Yes,91.95,Fiber optic,
59.05,22,No,,0,,Month-to-month,2978-XXSOG,No,No,Female,1,1253.5,13-24,22,Yes,No,No,0,Yes,Mailed check,No,Yes,Yes,No,Yes,59.05,DSL,
95.4,3,No,,0,,Month-to-month,2984-AFWNC,No,No,Female,1,293.15,0-12,3,No,Yes,Yes,0,Yes,Electronic check,No,No,No,Yes,No,95.4,Fiber optic,
93.5,23,No,,0,,Month-to-month,2985-FMWYF,No,No,Female,1,2341.55,13-24,23,No,Yes,Yes,0,Yes,Electronic check,No,Yes,No,No,Yes,93.5,Fiber optic,
74.55,40,No,,0,,Month-to-month,2985-JUUBZ,Yes,Yes,Male,1,3015.75,37-48,40,No,Yes,Yes,0,Yes,Electronic check,Yes,Yes,No,No,Yes,74.55,DSL,
90.85,70,No,,0,,Month-to-month,2988-GBIVW,No,No,Female,1,6470.1,61+,70,No,No,Yes,1,Yes,Electronic check,Yes,Yes,Yes,No,Yes,90.85,Fiber optic,
103.95,29,No,,0,,Month-to-month,3001-UNBTL,Yes,Yes,Male,1,2964.8,25-36,29,No,Yes,Yes,1,Yes,Electronic check,Yes,Yes,No,No,Yes,103.95,Fiber optic,
74.2,29,No,,0,,Month-to-month,3002-WQZWT,No,No,Female,1,1993.25,25-36,29,No,No,No,0,Yes,Electronic check,No,Yes,No,No,Yes,74.2,Fiber optic,
95.15,25,No,,0,,Month-to-month,3003-CMDUU,No,No,Female,1,2395.7,25-36,25,Yes,Yes,Yes,0,Yes,Electronic check,Yes,Yes,No,No,No,95.15,Fiber optic,
103.65,55,No,,0,,Month-to-month,3005-TYFRD,No,Yes,Female,1,5676.65,49-60,55,No,Yes,Yes,0,Yes,Credit card (automatic),Yes,Yes,No,Yes,Yes,103.65,Fiber optic,
20.7,2,No,,0,,Month-to-month,3007-FDPEA,No,No,Female,1,39.85,0-12,2,No,No,No,0,Yes,Bank transfer (automatic),No,Yes,No,No,No,20.7,No,
20,19,No,,0,,Month-to-month,3011-WQKSZ,Yes,No,Male,1,377.55,13-24,19,No,No,No,0,Yes,Electronic check,No,Yes,No,No,No,20,No,
20.65,7,No,,0,,Month-to-month,3012-VFFMN,Yes,No,Female,1,158.95,0-12,7,No,No,No,0,Yes,Mailed check,Yes,No,No,No,No,20.65,No,
75.3,29,No,,0,,Month-to-month,3014-WJKSM,No,Yes,Male,1,2263.4,25-36,29,No,No,No,0,Yes,Credit card (automatic),Yes,Yes,No,No,No,75.3,Fiber optic,
33.75,29,No,,0,,Month-to-month,3016-KSVCP,No,No,Male,1,1009.25,25-36,29,No,Yes,No,0,No,Mailed check,Yes,No,No,No,No phone service,33.75,DSL,
74.85,8,No,,0,,Month-to-month,3030-YDNRM,No,No,Male,1,572.45,0-12,8,No,No,No,0,Yes,Electronic check,No,Yes,No,No,Yes,74.85,Fiber optic,
20.05,1,No,,0,,Month-to-month,3030-ZKIWL,No,No,Male,1,20.05,0-12,1,No,No,No,0,Yes,Mailed check,No,No,No,No,No,20.05,No,
66.15,38,No,,0,,Month-to-month,3038-PQIUY,No,Yes,Female,1,2522.4,37-48,38,No,No,No,0,Yes,Bank transfer (automatic),No,Yes,Yes,Yes,Yes,66.15,DSL,
20.2,3,No,,0,,Month-to-month,3039-MJSLN,Yes,No,Male,1,50.6,0-12,3,No,No,No,0,Yes,Bank transfer (automatic),No,No,No,No,No,20.2,No,
19.9,32,No,,0,,Month-to-month,3043-SUDUA,No,No,Female,1,601.55,25-36,32,No,No,No,0,Yes,Bank transfer (automatic),No,No,No,No,No,19.9,No,
60.65,3,No,,0,,Month-to-month,3043-TYBNO,No,No,Male,1,196.9,0-12,3,Yes,No,Yes,0,Yes,Mailed check,No,No,No,No,No,60.65,DSL,
34.8,3,No,,0,,Month-to-month,3050-GBUSH,No,No,Female,1,113.95,0-12,3,No,Yes,No,0,No,Credit card (automatic),No,Yes,No,No,No phone service,34.8,DSL,
24.6,9,No,,0,,Month-to-month,3055-MJDSB,No,No,Male,1,190.1,0-12,9,No,No,No,0,No,Mailed check,No,Yes,No,No,No phone service,24.6,DSL,
73.8,53,No,,0,,Month-to-month,3055-OYMSE,No,No,Female,1,4003.85,49-60,53,No,No,No,1,Yes,Credit card (automatic),No,Yes,No,Yes,No,73.8,Fiber optic,
25.15,13,No,,0,,Month-to-month,3058-WQDRE,No,No,Male,1,331.85,13-24,13,No,No,No,0,No,Bank transfer (automatic),No,Yes,No,No,No phone service,25.15,DSL,
69.2,14,No,,0,,Month-to-month,3059-NGMXB,Yes,No,Male,1,944.65,13-24,14,No,No,Yes,0,Yes,Mailed check,Yes,No,Yes,Yes,Yes,69.2,DSL,
19.9,14,No,,0,,Month-to-month,3061-BCKYI,No,No,Male,1,283.75,13-24,14,No,No,No,0,Yes,Mailed check,No,No,No,No,No,19.9,No,
93.8,51,No,,0,,Month-to-month,3062-ICYZQ,Yes,No,Female,1,4539.35,49-60,51,No,No,Yes,0,Yes,Electronic check,Yes,Yes,Yes,Yes,Yes,93.8,Fiber optic,
89.85,3,No,,0,,Month-to-month,3071-VBYPO,Yes,No,Male,1,248.4,0-12,3,No,Yes,No,0,Yes,Electronic check,Yes,No,Yes,Yes,No,89.85,Fiber optic,
19.7,6,No,,0,,Month-to-month,3077-RSNTJ,Yes,No,Female,1,113.5,0-12,6,No,No,No,0,Yes,Mailed check,Yes,No,No,No,No,19.7,No,
29.8,3,No,,0,,Month-to-month,3082-VQXNH,No,No,Male,1,94.4,0-12,3,No,No,No,0,No,Credit card (automatic),Yes,No,No,Yes,No phone service,29.8,DSL,
103.1,66,No,,0,,Month-to-month,3086-RUCRN,No,Yes,Female,1,6595,61+,66,Yes,No,Yes,0,Yes,Bank transfer (automatic),No,Yes,Yes,Yes,Yes,103.1,Fiber optic,
79,11,No,,0,,Month-to-month,3088-LHEFH,No,No,Female,1,929.3,0-12,11,No,No,No,0,Yes,Bank transfer (automatic),No,Yes,Yes,No,Yes,79,Fiber optic,
60.95,2,No,,0,,Month-to-month,3090-LETTY,Yes,No,Male,1,134.6,0-12,2,No,No,No,0,Yes,Bank transfer (automatic),No,No,Yes,Yes,Yes,60.95,DSL,
20.3,1,No,,0,,Month-to-month,3090-QFUVD,No,No,Female,1,20.3,0-12,1,No,No,No,0,Yes,Credit card (automatic),No,No,No,No,No,20.3,No,
74.15,18,No,,0,,Month-to-month,3094-JOJAI,No,No,Male,1,1387,13-24,18,No,No,No,0,Yes,Mailed check,No,No,No,No,Yes,74.15,Fiber optic,
94.75,18,No,,0,,Month-to-month,3096-GKWEB,No,No,Male,1,1691.9,13-24,18,No,Yes,Yes,0,Yes,Electronic check,Yes,Yes,No,No,Yes,94.75,Fiber optic,
50.1,19,No,,0,,Month-to-month,3097-IDVPU,Yes,No,Male,1,910.45,13-24,19,No,No,No,0,Yes,Credit card (automatic),Yes,No,No,No,Yes,50.1,DSL,
19.95,4,No,,0,,Month-to-month,3097-PYWXL,Yes,No,Female,1,82.9,0-12,4,No,No,No,0,Yes,Electronic check,Yes,Yes,No,No,No,19.95,No,
54.3,25,No,,0,,Month-to-month,3099-OONVS,Yes,No,Male,1,1296.8,25-36,25,Yes,No,No,0,Yes,Electronic check,Yes,No,Yes,No,No,54.3,DSL,
55.8,5,No,,0,,Month-to-month,3113-IWHLC,No,Yes,Male,1,274.35,0-12,5,No,No,No,0,Yes,Mailed check,No,Yes,Yes,No,No,55.8,DSL,
52.15,49,No,,0,,Month-to-month,3126-WQMGH,No,No,Female,1,2583.75,49-60,49,No,No,No,0,Yes,Credit card (automatic),Yes,Yes,No,No,Yes,52.15,DSL,
79.15,51,No,,0,,Month-to-month,3128-YOVTD,Yes,No,Female,1,4018.55,49-60,51,No,No,No,0,Yes,Bank transfer (automatic),Yes,Yes,Yes,Yes,No,79.15,Fiber optic,
80.55,2,No,,0,,Month-to-month,3130-ICDUP,Yes,No,Female,1,188.1,0-12,2,No,No,No,0,Yes,Credit card (automatic),No,No,Yes,No,Yes,80.55,Fiber optic,
64.4,4,No,,0,,Month-to-month,3137-LUPIX,No,No,Female,1,253,0-12,4,Yes,Yes,No,0,Yes,Mailed check,No,Yes,No,No,Yes,64.4,DSL,
93.25,71,No,,0,,Month-to-month,3144-KMTWZ,No,Yes,Male,1,6669.45,61+,71,No,No,Yes,0,Yes,Bank transfer (automatic),Yes,Yes,No,Yes,Yes,93.25,Fiber optic,
90.05,47,No,,0,,Month-to-month,3154-CFSZG,Yes,Yes,Male,1,4137.2,37-48,47,No,No,Yes,0,Yes,Electronic check,Yes,No,Yes,No,No,90.05,Fiber optic,
19.25,2,No,,0,,Month-to-month,3156-QLHBO,Yes,No,Male,1,48.35,0-12,2,No,No,No,0,Yes,Mailed check,No,No,No,No,No,19.25,No,
46.3,53,No,,0,,Month-to-month,3160-TYXLT,No,No,Male,1,2546.85,49-60,53,No,No,Yes,0,No,Bank transfer (automatic),No,Yes,Yes,Yes,No phone service,46.3,DSL,
90.05,34,No,,0,,Month-to-month,3161-GETRM,Yes,Yes,Male,1,3097,25-36,34,No,No,Yes,0,Yes,Credit card (automatic),Yes,Yes,No,No,Yes,90.05,Fiber optic,
92.55,53,No,,0,,Month-to-month,3162-ZJZFU,Yes,No,Male,1,4779.45,49-60,53,Yes,Yes,No,0,Yes,Electronic check,Yes,Yes,No,Yes,No,92.55,Fiber optic,
53.75,57,No,,0,,Month-to-month,3164-YAXFY,No,Yes,Male,1,3196,49-60,57,No,Yes,Yes,0,No,Electronic check,No,Yes,Yes,No,No phone service,53.75,DSL,
101.15,38,No,,0,,Month-to-month,3167-SNQPL,Yes,No,Male,1,3741.85,37-48,38,No,Yes,Yes,1,Yes,Electronic check,Yes,No,No,Yes,Yes,101.15,Fiber optic,
104.95,60,No,,0,,Month-to-month,3170-GWYKC,No,Yes,Female,1,6236.75,49-60,60,Yes,Yes,Yes,0,Yes,Bank transfer (automatic),No,Yes,Yes,No,No,104.95,Fiber optic,
55.3,9,No,,0,,Month-to-month,3173-NVMPX,Yes,No,Female,1,501.2,0-12,9,No,No,No,0,Yes,Mailed check,Yes,Yes,No,Yes,Yes,55.3,DSL,
109.95,35,No,,0,,Month-to-month,3174-RKMOW,Yes,Yes,Male,1,3782.4,25-36,35,Yes,Yes,Yes,0,Yes,Electronic check,Yes,Yes,No,Yes,Yes,109.95,Fiber optic,
64.95,21,No,,0,,Month-to-month,3179-GBRWV,No,No,Male,1,1339.8,13-24,21,No,No,Yes,1,Yes,Bank transfer (automatic),Yes,Yes,Yes,Yes,No,64.95,DSL,
19.75,16,No,,0,,Month-to-month,3181-MIZBN,Yes,No,Male,1,313.4,13-24,16,No,No,No,0,Yes,Electronic check,Yes,No,No,No,No,19.75,No,
19.95,14,No,,0,,Month-to-month,3190-FZATL,Yes,No,Male,1,268.4,13-24,14,No,No,No,0,Yes,Mailed check,No,No,No,No,No,19.95,No,
80.7,3,No,,0,,Month-to-month,3191-CSNMG,Yes,No,Female,1,239.45,0-12,3,No,Yes,No,0,Yes,Electronic check,Yes,Yes,No,No,No,80.7,Fiber optic,
84.05,34,No,,0,,Month-to-month,3192-LNKRK,Yes,Yes,Male,1,2909.95,25-36,34,No,Yes,No,0,Yes,Mailed check,Yes,Yes,No,No,No,84.05,Fiber optic,
20.25,3,No,,0,,Month-to-month,3195-TQDZX,No,No,Male,1,61.45,0-12,3,No,No,No,0,Yes,Electronic check,No,Yes,No,No,No,20.25,No,
84.6,25,No,,0,,Month-to-month,3196-NVXLZ,No,No,Female,1,2088.05,25-36,25,No,Yes,No,0,Yes,Mailed check,No,Yes,No,No,Yes,84.6,Fiber optic,
105,19,No,,0,,Month-to-month,3197-ARFOY,No,No,Female,1,2007.25,13-24,19,Yes,Yes,Yes,1,Yes,Mailed check,No,Yes,Yes,Yes,No,105,Fiber optic,
75.25,8,No,,0,,Month-to-month,3199-XGZCY,No,No,Female,1,576.7,0-12,8,No,No,No,0,Yes,Electronic check,No,Yes,No,No,Yes,75.25,Fiber optic,
54.25,47,No,,0,,Month-to-month,3209-ZPKFI,Yes,No,Male,1,2538.2,37-48,47,No,No,No,0,Yes,Electronic check,Yes,No,No,Yes,Yes,54.25,DSL,
98.55,20,No,,0,,Month-to-month,3211-AAPKX,No,No,Male,1,2031.95,13-24,20,Yes,Yes,Yes,0,Yes,Mailed check,No,Yes,No,No,Yes,98.55,Fiber optic,
51.1,24,No,,0,,Month-to-month,3221-CJMSG,No,No,Male,1,1269.6,13-24,24,Yes,No,No,0,Yes,Credit card (automatic),No,Yes,No,No,No,51.1,DSL,
69.35,4,No,,0,,Month-to-month,3223-DWFIO,No,No,Male,1,261.65,0-12,4,No,No,No,1,Yes,Electronic check,No,No,No,No,No,69.35,Fiber optic,
70.3,2,No,,0,,Month-to-month,3234-VKACU,No,No,Male,1,132.4,0-12,2,Yes,Yes,Yes,0,Yes,Electronic check,No,No,No,No,No,70.3,DSL,
20.2,1,No,,0,,Month-to-month,3247-MHJKM,No,No,Male,1,20.2,0-12,1,No,No,No,0,Yes,Mailed check,No,No,No,No,No,20.2,No,
45.65,18,No,,0,,Month-to-month,3255-GRXMG,Yes,No,Male,1,747.2,13-24,18,No,No,No,0,Yes,Credit card (automatic),No,Yes,No,No,No,45.65,DSL,
29.45,51,No,,0,,Month-to-month,3256-EZDBI,No,No,Male,1,1459.35,49-60,51,No,No,No,1,No,Credit card (automatic),Yes,Yes,No,Yes,No phone service,29.45,DSL,
44.7,6,No,,0,,Month-to-month,3258-SANFR,No,No,Male,1,276.5,0-12,6,No,No,No,1,Yes,Credit card (automatic),No,No,No,No,No,44.7,DSL,
56.3,8,No,,0,,Month-to-month,3272-VUHPV,Yes,No,Female,1,401.5,0-12,8,Yes,No,No,0,Yes,Bank transfer (automatic),Yes,No,No,Yes,No,56.3,DSL,
45.25,2,No,,0,,Month-to-month,3278-FSIXX,No,No,Female,1,74.2,0-12,2,No,No,No,0,Yes,Mailed check,No,Yes,No,No,No,45.25,DSL,
111.4,11,No,,0,,Month-to-month,3292-PBZEJ,No,Yes,Male,1,1183.05,0-12,11,Yes,Yes,Yes,1,Yes,Electronic check,No,Yes,No,Yes,Yes,111.4,Fiber optic,
72.6,2,No,,0,,Month-to-month,3295-YVUSR,No,No,Male,1,154.3,0-12,2,No,No,No,1,Yes,Mailed check,No,Yes,No,No,Yes,72.6,Fiber optic,
66.1,29,No,,0,,Month-to-month,3301-LSLWQ,No,No,Female,1,1912.15,25-36,29,No,No,Yes,0,Yes,Electronic check,No,Yes,Yes,No,Yes,66.1,DSL,
34.4,17,No,,0,,Month-to-month,3307-TLCUD,No,Yes,Male,1,592.75,13-24,17,No,No,No,0,No,Mailed check,Yes,No,Yes,No,No phone service,34.4,DSL,
19.2,1,No,,0,,Month-to-month,3308-MHOOC,Yes,No,Male,1,19.2,0-12,1,No,No,No,0,Yes,Mailed check,No,Yes,No,No,No,19.2,No,
98.85,32,No,,0,,Month-to-month,3312-UUMZW,No,No,Male,1,3145.9,25-36,32,No,Yes,Yes,0,Yes,Credit card (automatic),Yes,Yes,No,Yes,Yes,98.85,Fiber optic,
79.3,29,No,,0,,Month-to-month,3312-ZWLGF,No,No,Male,1,2414.55,25-36,29,Yes,No,No,1,Yes,Electronic check,Yes,Yes,No,No,Yes,79.3,Fiber optic,
93.5,50,No,,0,,Month-to-month,3316-UWXUY,No,No,Male,1,4747.5,49-60,50,Yes,No,Yes,0,Yes,Credit card (automatic),No,Yes,Yes,Yes,No,93.5,Fiber optic,
78.1,14,No,,0,,Month-to-month,3317-VLGQT,No,No,Female,1,1122.4,13-24,14,No,No,Yes,0,Yes,Electronic check,Yes,Yes,No,No,No,78.1,Fiber optic,
19.5,20,No,,0,,Month-to-month,3318-ISQFQ,No,No,Female,1,413,13-24,20,No,No,No,0,Yes,Bank transfer (automatic),No,Yes,No,No,No,19.5,No,
92,3,No,,0,,Month-to-month,3318-NMQXL,No,No,Male,1,266.8,0-12,3,No,Yes,Yes,0,Yes,Electronic check,No,Yes,No,No,No,92,Fiber optic,
95.6,14,No,,0,,Month-to-month,3320-VEOYC,No,No,Male,1,1273.3,13-24,14,No,Yes,Yes,1,Yes,Electronic check,No,Yes,No,No,Yes,95.6,Fiber optic,
96.9,23,No,,0,,Month-to-month,3323-CPBWR,No,Yes,Male,1,2085.45,13-24,23,Yes,Yes,No,0,Yes,Credit card (automatic),No,Yes,No,No,Yes,96.9,Fiber optic,
94.55,12,No,,0,,Month-to-month,3338-CVVEH,No,No,Male,1,1173.55,0-12,12,No,Yes,Yes,0,Yes,Electronic check,No,No,No,No,Yes,94.55,Fiber optic,
20.2,4,No,,0,,Month-to-month,3345-JHUEO,No,No,Male,1,55.7,0-12,4,No,No,No,0,Yes,Electronic check,No,Yes,No,No,No,20.2,No,
49.55,8,No,,0,,Month-to-month,3345-PBBFH,No,No,Male,1,393.45,0-12,8,No,No,No,0,Yes,Bank transfer (automatic),Yes,Yes,No,Yes,No,49.55,DSL,
80.1,29,No,,0,,Month-to-month,3347-YJZZE,Yes,Yes,Male,1,2211.8,25-36,29,No,Yes,Yes,0,Yes,Credit card (automatic),Yes,No,No,Yes,Yes,80.1,DSL,
54.1,16,No,,0,,Month-to-month,3351-NGXYI,No,No,Female,1,889,13-24,16,No,No,No,1,Yes,Electronic check,No,Yes,Yes,No,Yes,54.1,DSL,
102.65,40,No,,0,,Month-to-month,3352-ALMCK,No,Yes,Male,1,4108.15,37-48,40,No,Yes,Yes,0,Yes,Mailed check,No,Yes,No,Yes,Yes,102.65,Fiber optic,
19.95,5,No,,0,,Month-to-month,3363-EWLGO,No,No,Female,1,109.6,0-12,5,No,No,No,0,Yes,Mailed check,No,No,No,No,No,19.95,No,
83.55,17,No,,0,,Month-to-month,3365-SAIGS,No,No,Female,1,1329.15,13-24,17,No,Yes,No,0,Yes,Electronic check,No,Yes,No,Yes,No,83.55,Fiber optic,
85.45,30,No,,0,,Month-to-month,3370-GQEAL,Yes,No,Male,1,2509.95,25-36,30,No,Yes,No,0,Yes,Electronic check,Yes,No,No,No,Yes,85.45,Fiber optic,
76.1,3,No,,0,,Month-to-month,3370-HXOPH,No,No,Female,1,257.6,0-12,3,No,No,No,0,Yes,Electronic check,No,No,No,No,Yes,76.1,Fiber optic,
19.2,1,No,,0,,Month-to-month,3373-YZZYM,Yes,No,Male,1,19.2,0-12,1,No,No,No,0,Yes,Mailed check,Yes,No,No,No,No,19.2,No,
19.7,34,No,,0,,Month-to-month,3374-PZLXD,No,No,Male,1,675.6,25-36,34,No,No,No,0,Yes,Mailed check,No,No,No,No,No,19.7,No,
104.1,47,No,,0,,Month-to-month,3384-CTMSF,No,Yes,Male,1,5135.15,37-48,47,No,Yes,Yes,0,Yes,Electronic check,Yes,Yes,No,Yes,Yes,104.1,Fiber optic,
18.8,13,No,,0,,Month-to-month,3387-PLKUI,Yes,No,Female,1,251.25,13-24,13,No,No,No,0,Yes,Mailed check,Yes,No,No,No,No,18.8,No,
50.15,40,No,,0,,Month-to-month,3391-JSQEW,No,No,Male,1,2058.5,37-48,40,No,No,No,0,Yes,Mailed check,Yes,Yes,No,Yes,No,50.15,DSL,
63.55,22,No,,0,,Month-to-month,3402-XRIUO,No,No,Female,1,1381.8,13-24,22,Yes,No,No,1,Yes,Mailed check,Yes,Yes,Yes,Yes,Yes,63.55,DSL,
80.75,51,No,,0,,Month-to-month,3404-JNXAX,Yes,No,Female,1,4116.9,49-60,51,Yes,No,No,0,Yes,Electronic check,Yes,Yes,No,No,Yes,80.75,Fiber optic,
20.05,3,No,,0,,Month-to-month,3407-QGWLG,Yes,No,Male,1,75.45,0-12,3,No,No,No,0,Yes,Mailed check,No,Yes,No,No,No,20.05,No,
74.6,3,No,,0,,Month-to-month,3411-WLRSQ,No,No,Female,1,239.05,0-12,3,No,No,No,1,Yes,Bank transfer (automatic),Yes,Yes,No,Yes,No,74.6,Fiber optic,
45.25,1,No,,0,,Month-to-month,3413-BMNZE,No,No,Male,1,45.25,0-12,1,No,No,No,1,Yes,Bank transfer (automatic),No,No,No,No,No,45.25,DSL,
55.7,41,No,,0,,Month-to-month,3413-CSSTH,No,Yes,Male,1,2237.55,37-48,41,No,No,No,0,Yes,Bank transfer (automatic),No,Yes,No,No,Yes,55.7,DSL,
103.75,60,No,,0,,Month-to-month,3413-DHLPB,Yes,No,Male,1,5969.95,49-60,60,Yes,Yes,Yes,0,Yes,Bank transfer (automatic),Yes,Yes,No,Yes,Yes,103.75,Fiber optic,
79.55,2,No,,0,,Month-to-month,3420-YJLQT,No,No,Female,1,151.75,0-12,2,No,No,No,0,Yes,Electronic check,No,No,No,Yes,Yes,79.55,Fiber optic,
71.45,5,No,,0,,Month-to-month,3420-ZDBMA,No,No,Male,1,371.6,0-12,5,No,No,No,1,Yes,Mailed check,No,Yes,No,No,No,71.45,Fiber optic,
79.45,2,No,,0,,Month-to-month,3422-GALYP,No,No,Male,1,145.15,0-12,2,No,No,No,0,Yes,Electronic check,No,Yes,No,Yes,Yes,79.45,Fiber optic,
89.1,19,No,,0,,Month-to-month,3427-GGZZI,No,No,Female,1,1620.8,13-24,19,No,No,Yes,0,Yes,Electronic check,Yes,Yes,No,Yes,Yes,89.1,Fiber optic,
24.4,1,No,,0,,Month-to-month,3439-GVUSX,No,No,Male,1,24.4,0-12,1,No,No,No,0,No,Mailed check,No,No,No,No,No phone service,24.4,DSL,
55.5,4,No,,0,,Month-to-month,3446-QDSZF,No,No,Female,1,227.35,0-12,4,No,Yes,No,0,Yes,Credit card (automatic),No,No,No,No,No,55.5,DSL,
45.2,46,No,,0,,Month-to-month,3450-WXOAT,No,No,Male,1,2065.15,37-48,46,No,No,No,0,Yes,Credit card (automatic),No,Yes,No,No,No,45.2,DSL,
86.05,47,No,,0,,Month-to-month,3452-ABWRL,No,No,Male,1,3865.6,37-48,47,No,Yes,No,1,Yes,Credit card (automatic),No,Yes,No,No,Yes,86.05,Fiber optic,
94.95,19,No,,0,,Month-to-month,3452-GWUIN,No,No,Female,1,1760.25,13-24,19,No,Yes,Yes,1,Yes,Electronic check,Yes,Yes,No,No,Yes,94.95,Fiber optic,
74.6,49,No,,0,,Month-to-month,3452-SRFEG,No,No,Male,1,3720.35,49-60,49,No,No,No,0,Yes,Bank transfer (automatic),No,Yes,No,No,Yes,74.6,Fiber optic,
69.1,6,No,,0,,Month-to-month,3453-RTHJQ,No,No,Male,1,435,0-12,6,No,No,No,0,Yes,Electronic check,No,Yes,No,No,No,69.1,Fiber optic,
89.75,6,No,,0,,Month-to-month,3462-BJQQA,No,No,Female,1,552.65,0-12,6,No,Yes,No,0,Yes,Electronic check,No,Yes,No,Yes,Yes,89.75,Fiber optic,
69.5,15,No,,0,,Month-to-month,3466-BYAVD,Yes,Yes,Male,1,1071.4,13-24,15,Yes,No,Yes,0,Yes,Mailed check,Yes,Yes,No,Yes,No,69.5,DSL,
92.4,26,No,,0,,Month-to-month,3466-RITXD,No,No,Male,1,2349.8,25-36,26,No,Yes,No,0,Yes,Credit card (automatic),No,Yes,Yes,Yes,Yes,92.4,Fiber optic,
69.1,16,No,,0,,Month-to-month,3466-WAESX,Yes,No,Male,1,1083.7,13-24,16,No,No,Yes,0,Yes,Electronic check,No,Yes,Yes,Yes,Yes,69.1,DSL,
45.65,21,No,,0,,Month-to-month,3470-BTGQO,Yes,No,Male,1,985.05,13-24,21,No,No,No,0,Yes,Mailed check,No,No,No,No,No,45.65,DSL,
34.95,19,No,,0,,Month-to-month,3472-OAOOR,Yes,No,Male,1,610.2,13-24,19,No,No,No,0,No,Mailed check,Yes,Yes,Yes,Yes,No phone service,34.95,DSL,
80.25,41,No,,0,,Month-to-month,3481-JHUZH,No,No,Male,1,3439,37-48,41,No,No,No,0,Yes,Electronic check,Yes,Yes,No,Yes,Yes,80.25,Fiber optic,
24.7,21,No,,0,,Month-to-month,3486-KHMLI,Yes,No,Male,1,467.15,13-24,21,No,No,No,0,Yes,Mailed check,No,No,No,No,Yes,24.7,No,
84.05,2,No,,0,,Month-to-month,3489-HHPFY,No,No,Female,1,134.05,0-12,2,No,Yes,No,0,Yes,Electronic check,Yes,Yes,No,No,Yes,84.05,Fiber optic,
70.5,4,No,,0,,Month-to-month,3496-LFSZU,No,No,Male,1,294.2,0-12,4,No,No,No,0,Yes,Electronic check,Yes,No,No,No,No,70.5,Fiber optic,
80.45,43,No,,0,,Month-to-month,3503-TYDAY,No,No,Female,1,3398.9,37-48,43,No,No,No,0,Yes,Electronic check,Yes,No,No,Yes,Yes,80.45,Fiber optic,
70,24,No,,0,,Month-to-month,3509-GWQGF,No,No,Male,1,1732.6,13-24,24,No,No,No,1,Yes,Credit card (automatic),No,No,No,No,No,70,Fiber optic,
55.3,1,No,,0,,Month-to-month,3518-PZXZQ,No,No,Female,1,55.3,0-12,1,No,Yes,No,0,Yes,Mailed check,Yes,Yes,No,No,No,55.3,DSL,
49.7,24,No,,0,,Month-to-month,3521-MNKLV,No,Yes,Male,1,1167.8,13-24,24,No,No,No,0,Yes,Mailed check,No,Yes,No,No,No,49.7,DSL,
75.5,32,No,,0,,Month-to-month,3522-CDKHF,No,No,Female,1,2324.7,25-36,32,No,No,No,0,Yes,Bank transfer (automatic),Yes,Yes,Yes,No,No,75.5,Fiber optic,
99.3,43,No,,0,,Month-to-month,3524-WQDSG,Yes,Yes,Female,1,4209.95,37-48,43,No,Yes,Yes,0,Yes,Bank transfer (automatic),Yes,Yes,No,No,Yes,99.3,Fiber optic,
52.3,71,No,,0,,Month-to-month,3528-HFRIQ,No,Yes,Male,1,3765.05,61+,71,No,Yes,Yes,1,No,Bank transfer (automatic),Yes,Yes,No,Yes,No phone service,52.3,DSL,
20.65,7,No,,0,,Month-to-month,3530-CRZSB,No,No,Female,1,155.9,0-12,7,No,No,No,0,Yes,Mailed check,No,No,No,No,No,20.65,No,
19.9,22,No,,0,,Month-to-month,3530-VWVGU,Yes,No,Female,1,400.3,13-24,22,No,No,No,0,Yes,Mailed check,Yes,No,No,No,No,19.9,No,
77.75,55,No,,0,,Month-to-month,3537-HPKQT,No,No,Female,1,4266.4,49-60,55,No,No,No,0,Yes,Credit card (automatic),Yes,Yes,No,Yes,Yes,77.75,Fiber optic,
67.45,47,No,,0,,Month-to-month,3537-RYBHH,No,Yes,Female,1,3252,37-48,47,No,No,No,1,Yes,Credit card (automatic),Yes,Yes,Yes,Yes,Yes,67.45,DSL,
85.1,55,No,,0,,Month-to-month,3541-ZNUHK,Yes,No,Female,1,4600.95,49-60,55,No,No,No,0,Yes,Electronic check,Yes,Yes,Yes,Yes,Yes,85.1,Fiber optic,
98.35,49,No,,0,,Month-to-month,3545-CNWRG,Yes,No,Female,1,4889.2,49-60,49,No,Yes,Yes,0,Yes,Electronic check,Yes,Yes,No,Yes,Yes,98.35,Fiber optic,
45.55,1,No,,0,,Month-to-month,3566-HJGPK,No,No,Male,1,45.55,0-12,1,No,No,No,0,Yes,Mailed check,No,Yes,No,No,No,45.55,DSL,
45.9,12,No,,0,,Month-to-month,3566-VVORZ,No,No,Female,1,505.95,0-12,12,No,No,No,0,Yes,Bank transfer (automatic),Yes,No,No,No,No,45.9,DSL,
84.35,24,No,,0,,Month-to-month,3569-EDBPQ,No,No,Female,1,1938.05,13-24,24,Yes,No,No,0,Yes,Electronic check,No,Yes,Yes,No,Yes,84.35,Fiber optic,
49.55,42,No,,0,,Month-to-month,3570-YUEKJ,No,No,Female,1,2077.95,37-48,42,No,No,No,0,Yes,Electronic check,No,Yes,No,Yes,No,49.55,DSL,
84.8,46,No,,0,,Month-to-month,3572-UOLYZ,Yes,Yes,Female,1,3958.85,37-48,46,Yes,No,No,0,Yes,Bank transfer (automatic),No,Yes,No,No,Yes,84.8,Fiber optic,
55.05,1,No,,0,,Month-to-month,3577-AMVUX,No,Yes,Male,1,55.05,0-12,1,Yes,No,No,0,Yes,Mailed check,No,No,No,No,No,55.05,DSL,
75.9,18,No,,0,,Month-to-month,3583-KRKMD,No,No,Male,1,1373.05,13-24,18,Yes,No,No,0,Yes,Bank transfer (automatic),No,Yes,No,No,No,75.9,Fiber optic,
99.05,35,No,,0,,Month-to-month,3588-WSTTJ,No,No,Female,1,3554.6,25-36,35,No,Yes,Yes,1,Yes,Electronic check,No,Yes,Yes,No,Yes,99.05,Fiber optic,
44.4,9,No,,0,,Month-to-month,3589-PPVKW,No,No,Male,1,348.15,0-12,9,No,No,No,0,Yes,Mailed check,No,Yes,No,No,No,44.4,DSL,
20.35,1,No,,0,,Month-to-month,3590-TCXTB,No,No,Male,1,20.35,0-12,1,No,No,No,0,Yes,Mailed check,No,No,No,No,No,20.35,No,
20.45,2,No,,0,,Month-to-month,3594-IVHJZ,No,No,Female,1,42.45,0-12,2,No,No,No,0,Yes,Mailed check,No,Yes,No,No,No,20.45,No,
35.1,3,No,,0,,Month-to-month,3594-KADLU,No,No,Male,1,101.1,0-12,3,Yes,No,No,0,No,Mailed check,Yes,No,Yes,No,No phone service,35.1,DSL,
95.6,27,No,,0,,Month-to-month,3597-MVHJT,No,No,Female,1,2595.25,25-36,27,No,Yes,Yes,0,Yes,Bank transfer (automatic),No,Yes,No,No,Yes,95.6,Fiber optic,
54.25,10,No,,0,,Month-to-month,3604-WLABM,No,Yes,Female,1,583,0-12,10,Yes,No,No,0,Yes,Electronic check,No,No,No,No,No,54.25,DSL,
54.45,2,No,,0,,Month-to-month,3620-MWJNE,No,No,Male,1,87.3,0-12,2,Yes,No,No,0,Yes,Mailed check,No,Yes,Yes,No,No,54.45,DSL,
49.9,57,No,,0,,Month-to-month,3621-CHYVB,No,Yes,Female,1,2782.4,49-60,57,Yes,No,Yes,0,No,Bank transfer (automatic),Yes,Yes,Yes,No,No phone service,49.9,DSL,
19.95,21,No,,0,,Month-to-month,3623-FQBOX,No,No,Male,1,416.4,13-24,21,No,No,No,0,Yes,Mailed check,No,Yes,No,No,No,19.95,No,
64.1,8,No,,0,,Month-to-month,3629-WEAAM,No,Yes,Female,1,504.05,0-12,8,Yes,No,Yes,0,Yes,Mailed check,No,No,No,No,No,64.1,DSL,
101.8,17,No,,0,,Month-to-month,3629-ZNKXA,No,Yes,Male,1,1752.45,13-24,17,No,Yes,Yes,1,Yes,Electronic check,No,Yes,No,Yes,No,101.8,Fiber optic,
60.6,19,No,,0,,Month-to-month,3639-XJHKQ,Yes,Yes,Female,1,1297.8,13-24,19,No,No,No,0,Yes,Electronic check,No,Yes,Yes,Yes,No,60.6,DSL,
44.8,13,No,,0,,Month-to-month,3640-JQGJG,Yes,No,Male,1,559.2,13-24,13,No,No,No,0,Yes,Bank transfer (automatic),Yes,No,No,No,No,44.8,DSL,
97,13,No,,0,,Month-to-month,3644-QXEHN,Yes,Yes,Male,1,1334.45,13-24,13,No,Yes,Yes,0,Yes,Electronic check,Yes,No,No,No,No,97,Fiber optic,
20.75,1,No,,0,,Month-to-month,3645-DEYGF,Yes,No,Male,1,20.75,0-12,1,No,No,No,0,Yes,Mailed check,No,No,No,No,No,20.75,No,
108.1,52,No,,0,,Month-to-month,3657-COGMW,No,Yes,Female,1,5839.3,49-60,52,No,Yes,Yes,1,Yes,Credit card (automatic),No,No,Yes,Yes,Yes,108.1,Fiber optic,
39.7,19,No,,0,,Month-to-month,3665-JATSN,No,No,Female,1,710.05,13-24,19,No,No,Yes,0,No,Electronic check,No,Yes,No,Yes,No phone service,39.7,DSL,
20.65,5,No,,0,,Month-to-month,3675-EQOZA,No,No,Male,1,93.55,0-12,5,No,No,No,0,Yes,Bank transfer (automatic),No,No,No,No,No,20.65,No,
19.85,10,No,,0,,Month-to-month,3675-YDUPJ,No,No,Male,1,193.05,0-12,10,No,No,No,0,Yes,Mailed check,No,Yes,No,No,No,19.85,No,
19.45,1,No,,0,,Month-to-month,3679-XASPY,Yes,No,Female,1,19.45,0-12,1,No,No,No,0,Yes,Electronic check,Yes,No,No,No,No,19.45,No,
24.4,10,No,,0,,Month-to-month,3682-YEUWS,Yes,No,Male,1,253.9,0-12,10,No,No,No,0,Yes,Mailed check,Yes,Yes,No,No,Yes,24.4,No,
63.05,16,No,,0,,Month-to-month,3688-FTHLT,No,No,Female,1,1067.05,13-24,16,No,No,Yes,0,Yes,Bank transfer (automatic),No,Yes,No,No,Yes,63.05,DSL,
31.2,29,No,,0,,Month-to-month,3689-MOZGR,No,No,Female,1,926.2,25-36,29,Yes,No,No,0,No,Electronic check,No,Yes,No,No,No phone service,31.2,DSL,
38.55,4,No,,0,,Month-to-month,3694-DELSO,Yes,No,Male,1,156.1,0-12,4,No,Yes,No,0,No,Credit card (automatic),Yes,No,Yes,No,No phone service,38.55,DSL,
19.65,5,No,,0,,Month-to-month,3694-GLTJM,No,No,Female,1,92.05,0-12,5,No,No,No,0,Yes,Credit card (automatic),No,Yes,No,No,No,19.65,No,
69.7,7,No,,0,,Month-to-month,3701-SFMUH,Yes,No,Male,1,516.15,0-12,7,No,Yes,Yes,0,Yes,Credit card (automatic),Yes,No,Yes,No,No,69.7,DSL,
74.45,16,No,,0,,Month-to-month,3703-KBKZP,No,No,Male,1,1261.35,13-24,16,No,No,No,1,Yes,Bank transfer (automatic),No,Yes,No,No,Yes,74.45,Fiber optic,
65.35,21,No,,0,,Month-to-month,3703-TTEPD,No,Yes,Male,1,1424.4,13-24,21,No,Yes,No,0,Yes,Bank transfer (automatic),No,No,Yes,No,No,65.35,DSL,
84.5,49,No,,0,,Month-to-month,3714-NTNFO,No,No,Female,1,3906.7,49-60,49,No,No,Yes,0,Yes,Electronic check,No,Yes,No,No,Yes,84.5,Fiber optic,
78.9,37,No,,0,,Month-to-month,3714-XPXBW,No,Yes,Female,1,2976.95,37-48,37,Yes,Yes,No,0,Yes,Credit card (automatic),No,Yes,Yes,Yes,Yes,78.9,DSL,
49.3,1,No,,0,,Month-to-month,3716-UVSPD,No,No,Male,1,49.3,0-12,1,Yes,No,No,0,Yes,Electronic check,No,Yes,No,No,No,49.3,DSL,
91.7,38,No,,0,,Month-to-month,3717-LNXKW,No,No,Male,1,3479.05,37-48,38,No,Yes,No,0,Yes,Bank transfer (automatic),Yes,No,Yes,No,Yes,91.7,Fiber optic,
70.7,2,No,,0,,Month-to-month,3717-OEAUQ,No,No,Male,1,129.2,0-12,2,No,No,No,0,Yes,Mailed check,No,No,No,No,No,70.7,Fiber optic,
19.75,1,No,,0,,Month-to-month,3717-OFRTN,No,No,Male,1,19.75,0-12,1,No,No,No,0,Yes,Bank transfer (automatic),No,No,No,No,No,19.75,No,
54.8,24,No,,0,,Month-to-month,3723-BFBGR,No,No,Male,1,1291.3,13-24,24,No,No,No,1,Yes,Credit card (automatic),No,No,No,Yes,Yes,54.8,DSL,
19.55,6,No,,0,,Month-to-month,3724-UCSHY,Yes,No,Male,1,122.9,0-12,6,No,No,No,0,Yes,Mailed check,Yes,No,No,No,No,19.55,No,
20.4,1,No,,0,,Month-to-month,3727-JEZTU,No,No,Female,1,20.4,0-12,1,No,No,No,0,Yes,Mailed check,No,No,No,No,No,20.4,No,
75.35,15,No,,0,,Month-to-month,3733-LSYCE,No,No,Female,1,1114.55,13-24,15,No,No,No,0,Yes,Bank transfer (automatic),Yes,No,No,Yes,No,75.35,Fiber optic,
51.1,22,No,,0,,Month-to-month,3733-ZEECP,Yes,No,Male,1,1232.9,13-24,22,Yes,No,No,0,Yes,Electronic check,Yes,Yes,No,No,No,51.1,DSL,
84.85,24,No,,0,,Month-to-month,3737-XBQDD,No,Yes,Male,1,2048.8,13-24,24,No,No,No,0,Yes,Bank transfer (automatic),No,Yes,No,Yes,Yes,84.85,Fiber optic,
20.2,3,No,,0,,Month-to-month,3744-ZBHON,No,No,Female,1,65.95,0-12,3,No,No,No,0,Yes,Electronic check,No,No,No,No,No,20.2,No,
40.05,4,No,,0,,Month-to-month,3748-FVMZZ,No,No,Male,1,162.45,0-12,4,Yes,No,Yes,0,No,Electronic check,No,Yes,No,No,No phone service,40.05,DSL,
19.45,12,No,,0,,Month-to-month,3750-RNQKR,No,No,Female,1,246.25,0-12,12,No,No,No,0,Yes,Mailed check,No,No,No,No,No,19.45,No,
20.45,13,No,,0,,Month-to-month,3752-CQSJI,Yes,No,Female,1,254.5,13-24,13,No,No,No,0,Yes,Mailed check,Yes,Yes,No,No,No,20.45,No,
108.8,65,No,,0,,Month-to-month,3761-FLYZI,No,Yes,Female,1,7082.45,61+,65,No,Yes,Yes,1,Yes,Bank transfer (automatic),Yes,Yes,No,Yes,Yes,108.8,Fiber optic,
90.7,20,No,,0,,Month-to-month,3771-PZOBW,No,Yes,Male,1,1781.35,13-24,20,No,Yes,No,0,Yes,Credit card (automatic),No,Yes,No,No,Yes,90.7,Fiber optic,
76.05,35,No,,0,,Month-to-month,3780-DDGSE,Yes,No,Male,1,2747.2,25-36,35,Yes,Yes,Yes,1,Yes,Electronic check,Yes,Yes,No,Yes,No,76.05,DSL,
68.55,8,No,,0,,Month-to-month,3780-YVMFA,Yes,No,Female,1,564.35,0-12,8,Yes,Yes,Yes,0,Yes,Electronic check,Yes,Yes,No,No,No,68.55,DSL,
19.65,1,No,,0,,Month-to-month,3785-NRHYR,No,No,Male,1,19.65,0-12,1,No,No,No,0,Yes,Mailed check,No,No,No,No,No,19.65,No,
26.05,21,No,,0,,Month-to-month,3787-TRIAL,Yes,No,Male,1,565.75,13-24,21,No,No,No,0,No,Electronic check,Yes,Yes,No,No,No phone service,26.05,DSL,
50,30,No,,0,,Month-to-month,3794-NFNCH,No,Yes,Male,1,1474.9,25-36,30,No,No,No,0,Yes,Mailed check,Yes,Yes,No,No,No,50,DSL,
86.2,11,No,,0,,Month-to-month,3797-FKOGQ,Yes,No,Male,1,893.2,0-12,11,No,No,Yes,0,Yes,Electronic check,No,No,No,No,Yes,86.2,Fiber optic,
43.95,2,No,,0,,Month-to-month,3798-EPWRR,No,No,Female,1,85.1,0-12,2,No,No,No,1,Yes,Electronic check,No,No,No,No,No,43.95,DSL,
18.8,3,No,,0,,Month-to-month,3806-YAZOV,No,No,Female,1,56,0-12,3,No,No,No,0,Yes,Mailed check,No,No,No,No,No,18.8,No,
20,1,No,,0,,Month-to-month,3807-XHCJH,Yes,No,Female,1,20,0-12,1,No,No,No,0,Yes,Electronic check,Yes,No,No,No,No,20,No,
44.35,20,No,,0,,Month-to-month,3808-HFKDE,No,No,Female,1,927.15,13-24,20,No,No,No,0,Yes,Electronic check,No,Yes,No,No,No,44.35,DSL,
19.7,17,No,,0,,Month-to-month,3824-RHKVR,No,No,Female,1,340.35,13-24,17,No,No,No,0,Yes,Credit card (automatic),No,No,No,No,No,19.7,No,
35,1,No,,0,,Month-to-month,3841-CONLJ,No,No,Female,1,35,0-12,1,No,No,Yes,0,No,Electronic check,Yes,No,No,No,No phone service,35,DSL,
80.75,16,No,,0,,Month-to-month,3842-QTGDL,No,No,Male,1,1321.3,13-24,16,No,No,No,0,Yes,Bank transfer (automatic),Yes,No,Yes,Yes,No,80.75,Fiber optic,
19.65,2,No,,0,,Month-to-month,3845-FXCYS,No,No,Male,1,31.2,0-12,2,No,No,No,0,Yes,Electronic check,No,Yes,No,No,No,19.65,No,
35.5,16,No,,0,,Month-to-month,3845-JHAMY,Yes,No,Female,1,552.7,13-24,16,No,No,Yes,0,No,Credit card (automatic),Yes,Yes,No,No,No phone service,35.5,DSL,
20.9,10,No,,0,,Month-to-month,3847-BAERP,No,No,Female,1,247,0-12,10,No,No,No,0,Yes,Mailed check,No,Yes,No,No,No,20.9,No,
95.65,17,No,,0,,Month-to-month,3853-LYGAM,No,Yes,Male,1,1640,13-24,17,Yes,No,Yes,0,Yes,Bank transfer (automatic),No,Yes,No,No,Yes,95.65,Fiber optic,
78.9,4,No,,0,,Month-to-month,3855-ONCAR,Yes,No,Female,1,299.75,0-12,4,No,Yes,No,0,Yes,Mailed check,Yes,Yes,No,No,No,78.9,Fiber optic,
64.65,59,No,,0,,Month-to-month,3863-QSTYI,No,Yes,Male,1,3735.45,49-60,59,Yes,Yes,No,0,Yes,Electronic check,No,Yes,No,No,No,64.65,DSL,
80.45,38,No,,0,,Month-to-month,3865-QBWSJ,Yes,No,Male,1,3162.65,37-48,38,No,No,No,1,Yes,Mailed check,No,Yes,Yes,No,Yes,80.45,Fiber optic,
84.9,69,No,,0,,Month-to-month,3865-ZYKAD,No,No,Male,1,5785.65,61+,69,No,No,No,1,Yes,Credit card (automatic),Yes,Yes,Yes,Yes,Yes,84.9,Fiber optic,
55.5,14,No,,0,,Month-to-month,3873-NFTGI,No,No,Male,1,767.55,13-24,14,No,No,No,0,Yes,Credit card (automatic),No,Yes,No,Yes,Yes,55.5,DSL,
71.25,1,No,,0,,Month-to-month,3878-AVSOQ,No,No,Female,1,71.25,0-12,1,No,No,No,1,Yes,Electronic check,No,Yes,No,No,No,71.25,Fiber optic,
49.45,16,No,,0,,Month-to-month,3890-RTCMS,No,No,Male,1,799,13-24,16,Yes,No,No,0,Yes,Mailed check,No,Yes,No,No,No,49.45,DSL,
39.9,68,No,,0,,Month-to-month,3893-JRNFS,No,Yes,Male,1,2796.35,61+,68,No,No,Yes,0,No,Bank transfer (automatic),No,Yes,No,No,No phone service,39.9,DSL,
53.4,67,No,,0,,Month-to-month,3896-RCYYE,No,Yes,Female,1,3579.15,61+,67,Yes,Yes,Yes,0,No,Credit card (automatic),No,Yes,No,No,No phone service,53.4,DSL,
97.05,45,No,,0,,Month-to-month,3898-GUYTS,No,No,Female,1,4385.05,37-48,45,Yes,Yes,No,1,Yes,Electronic check,No,Yes,Yes,Yes,Yes,97.05,Fiber optic,
80.1,4,No,,0,,Month-to-month,3904-UKFRE,No,No,Male,1,336.15,0-12,4,No,No,No,0,Yes,Electronic check,No,Yes,Yes,No,Yes,80.1,Fiber optic,
86.25,9,No,,0,,Month-to-month,3914-FDRHP,No,No,Male,1,770.5,0-12,9,Yes,Yes,No,0,Yes,Electronic check,No,No,No,No,No,86.25,Fiber optic,
85.7,3,No,,0,,Month-to-month,3916-NRPAP,No,Yes,Male,1,256.75,0-12,3,No,No,Yes,0,Yes,Credit card (automatic),No,No,No,No,No,85.7,Fiber optic,
49.5,26,No,,0,,Month-to-month,3920-HIHMQ,Yes,No,Female,1,1265.65,25-36,26,No,No,No,0,Yes,Mailed check,No,Yes,No,No,Yes,49.5,DSL,
19.75,1,No,,0,,Month-to-month,3930-ZGWVE,No,No,Male,1,19.75,0-12,1,No,No,No,0,Yes,Mailed check,No,No,No,No,No,19.75,No,
103.65,45,No,,0,,Month-to-month,3932-IJWDZ,No,Yes,Male,1,4747.85,37-48,45,Yes,Yes,Yes,0,Yes,Bank transfer (automatic),No,Yes,No,No,Yes,103.65,Fiber optic,
19.75,2,No,,0,,Month-to-month,3936-QQFLL,No,No,Male,1,39.3,0-12,2,No,No,No,0,Yes,Mailed check,No,No,No,No,No,19.75,No,
54.8,9,No,,0,,Month-to-month,3948-FVVRP,Yes,No,Male,1,452.8,0-12,9,Yes,No,No,0,Yes,Mailed check,Yes,No,No,Yes,No,54.8,DSL,
95.05,42,No,,0,,Month-to-month,3951-NJCVI,No,No,Female,1,3944.5,37-48,42,No,Yes,Yes,1,Yes,Electronic check,Yes,Yes,No,No,Yes,95.05,Fiber optic,
78.8,20,No,,0,,Month-to-month,3955-JBZZM,No,No,Male,1,1641.3,13-24,20,No,Yes,No,0,Yes,Electronic check,No,No,No,No,No,78.8,Fiber optic,
75.4,23,No,,0,,Month-to-month,3956-CJUST,No,No,Female,1,1643.55,13-24,23,No,No,No,1,Yes,Bank transfer (automatic),No,Yes,Yes,No,No,75.4,Fiber optic,
80.6,28,No,,0,,Month-to-month,3956-MGXOG,No,No,Female,1,2244.95,25-36,28,No,No,Yes,0,Yes,Electronic check,No,Yes,No,No,No,80.6,Fiber optic,
44.05,1,No,,0,,Month-to-month,3961-SXAXY,No,No,Male,1,44.05,0-12,1,No,No,No,0,Yes,Bank transfer (automatic),No,Yes,No,No,No,44.05,DSL,
75.05,3,No,,0,,Month-to-month,3966-HRMZA,No,Yes,Female,1,202.9,0-12,3,No,No,No,1,Yes,Mailed check,No,No,No,No,No,75.05,Fiber optic,
76.4,11,No,,0,,Month-to-month,3969-GYXEL,No,No,Female,1,838.7,0-12,11,No,No,No,0,Yes,Electronic check,No,No,Yes,No,No,76.4,Fiber optic,
65.25,58,No,,0,,Month-to-month,3969-JQABI,No,No,Female,1,3791.6,49-60,58,No,Yes,No,0,Yes,Credit card (automatic),Yes,Yes,Yes,Yes,No,65.25,DSL,
20.6,1,No,,0,,Month-to-month,3976-NLDEZ,No,No,Male,1,20.6,0-12,1,No,No,No,0,Yes,Mailed check,No,No,No,No,No,20.6,No,
20.15,5,No,,0,,Month-to-month,3977-QCRSL,No,No,Female,1,117.95,0-12,5,No,No,No,0,Yes,Mailed check,No,No,No,No,No,20.15,No,
19.7,8,No,,0,,Month-to-month,3981-QSVQI,No,No,Male,1,168.9,0-12,8,No,No,No,0,Yes,Bank transfer (automatic),No,Yes,No,No,No,19.7,No,
85.75,65,No,,0,,Month-to-month,3982-DQLUS,Yes,No,Male,1,5688.45,61+,65,No,No,No,1,Yes,Electronic check,Yes,Yes,Yes,Yes,Yes,85.75,Fiber optic,
75.6,9,No,,0,,Month-to-month,3987-KQDDU,No,No,Male,1,661.55,0-12,9,No,No,No,0,Yes,Electronic check,No,No,Yes,No,No,75.6,Fiber optic,
60.85,2,No,,0,,Month-to-month,3995-WFCSM,No,Yes,Female,1,111.4,0-12,2,No,No,Yes,0,Yes,Electronic check,No,No,No,No,No,60.85,DSL,
49.75,60,No,,0,,Month-to-month,3999-WRNGR,Yes,No,Female,1,3069.45,49-60,60,No,Yes,Yes,0,No,Electronic check,Yes,Yes,No,Yes,No phone service,49.75,DSL,
91.55,58,No,,0,,Month-to-month,4001-TSBTV,Yes,Yes,Female,1,5511.65,49-60,58,No,Yes,No,0,Yes,Electronic check,Yes,Yes,No,Yes,No,91.55,Fiber optic,
81.75,25,No,,0,,Month-to-month,4002-BQWPQ,No,Yes,Male,1,2028.8,25-36,25,Yes,No,Yes,0,Yes,Bank transfer (automatic),No,No,Yes,Yes,Yes,81.75,DSL,
61.55,19,No,,0,,Month-to-month,4003-FUSHP,No,No,Male,1,1093.2,13-24,19,Yes,Yes,No,0,Yes,Credit card (automatic),No,Yes,No,No,No,61.55,DSL,
96.85,56,No,,0,,Month-to-month,4007-NHVHI,No,No,Female,1,5219.65,49-60,56,No,No,Yes,1,Yes,Electronic check,No,Yes,Yes,Yes,Yes,96.85,Fiber optic,
106.6,56,No,,0,,Month-to-month,4010-YLMVT,No,No,Female,1,5893.95,49-60,56,No,Yes,Yes,0,Yes,Credit card (automatic),No,Yes,Yes,Yes,Yes,106.6,Fiber optic,
50.35,27,No,,0,,Month-to-month,4011-ARPHK,No,No,Male,1,1411.35,25-36,27,No,No,No,0,Yes,Mailed check,No,No,Yes,No,No,50.35,DSL,
44.95,21,No,,0,,Month-to-month,4012-ZTHBR,Yes,No,Female,1,926.25,13-24,21,No,No,No,0,Yes,Electronic check,Yes,Yes,No,No,No,44.95,DSL,
20.8,1,No,,0,,Month-to-month,4013-GUXND,No,No,Male,1,20.8,0-12,1,No,No,No,0,Yes,Mailed check,No,No,No,No,No,20.8,No,
20.15,22,No,,0,,Month-to-month,4018-KJYUY,Yes,No,Male,1,432.5,13-24,22,No,No,No,0,Yes,Credit card (automatic),No,No,No,No,No,20.15,No,
19.85,6,No,,0,,Month-to-month,4020-KIUDI,Yes,No,Male,1,138.85,0-12,6,No,No,No,0,Yes,Credit card (automatic),Yes,No,No,No,No,19.85,No,
50.25,3,No,,0,,Month-to-month,4026-SKKHW,No,No,Male,1,152.3,0-12,3,Yes,No,No,0,Yes,Mailed check,No,Yes,No,No,No,50.25,DSL,
70.3,3,No,,0,,Month-to-month,4029-HPFVY,No,No,Male,1,220.4,0-12,3,No,No,No,0,Yes,Mailed check,No,Yes,No,No,No,70.3,Fiber optic,
20.25,18,No,,0,,Month-to-month,4054-CUMIA,Yes,No,Female,1,401.95,13-24,18,No,No,No,0,Yes,Mailed check,Yes,Yes,No,No,No,20.25,No,
78.55,7,No,,0,,Month-to-month,4059-IIEBK,No,No,Female,1,522.95,0-12,7,No,No,No,0,Yes,Bank transfer (automatic),No,Yes,No,Yes,Yes,78.55,Fiber optic,
96.2,7,No,,0,,Month-to-month,4060-LDNLU,No,No,Male,1,639.7,0-12,7,No,Yes,Yes,0,Yes,Electronic check,No,No,No,No,Yes,96.2,Fiber optic,
45.45,3,No,,0,,Month-to-month,4061-UKJWL,No,No,Male,1,141.7,0-12,3,No,No,No,0,Yes,Mailed check,No,No,No,No,No,45.45,DSL,
103.05,52,No,,0,,Month-to-month,4062-HBMOS,No,Yes,Male,1,5364.8,49-60,52,No,Yes,Yes,0,Yes,Electronic check,No,Yes,No,Yes,Yes,103.05,Fiber optic,
20.95,11,No,,0,,Month-to-month,4063-EIKNQ,Yes,No,Male,1,267.35,0-12,11,No,No,No,0,Yes,Bank transfer (automatic),Yes,No,No,No,No,20.95,No,
49.5,1,No,,0,,Month-to-month,4065-JJAVA,No,No,Female,1,49.5,0-12,1,No,No,No,0,Yes,Electronic check,No,No,No,Yes,No,49.5,DSL,
70.4,33,No,,0,,Month-to-month,4067-HLYQI,No,No,Female,1,2406.1,25-36,33,No,No,No,0,Yes,Bank transfer (automatic),No,Yes,No,No,No,70.4,Fiber optic,
94.6,52,No,,0,,Month-to-month,4070-OKWVH,No,Yes,Female,1,5025.8,49-60,52,No,Yes,No,0,Yes,Bank transfer (automatic),Yes,No,No,Yes,Yes,94.6,Fiber optic,
51.05,36,No,,0,,Month-to-month,4072-IPYLT,Yes,No,Female,1,1815,25-36,36,No,No,No,0,Yes,Credit card (automatic),Yes,No,Yes,No,No,51.05,DSL,
20,16,No,,0,,Month-to-month,4079-ULGFR,No,No,Male,1,275.7,13-24,16,No,No,No,0,Yes,Mailed check,No,No,No,No,No,20,No,
76.2,13,No,,0,,Month-to-month,4080-IIARD,No,No,Female,1,981.45,13-24,13,Yes,Yes,No,0,Yes,Electronic check,Yes,Yes,Yes,Yes,Yes,76.2,DSL,
74.95,3,No,,0,,Month-to-month,4090-KPJIP,No,No,Female,1,212.4,0-12,3,No,No,No,0,Yes,Electronic check,No,Yes,No,No,Yes,74.95,Fiber optic,
84.65,68,No,,0,,Month-to-month,4098-NAUKP,Yes,Yes,Male,1,5683.6,61+,68,No,No,No,1,Yes,Electronic check,Yes,Yes,No,Yes,Yes,84.65,Fiber optic,
53.6,24,No,,0,,Month-to-month,4104-PVRPS,No,No,Male,1,1315.35,13-24,24,Yes,No,No,0,Yes,Mailed check,Yes,No,Yes,No,No,53.6,DSL,
51.6,29,No,,0,,Month-to-month,4109-CYRBD,No,No,Male,1,1442,25-36,29,No,No,No,1,Yes,Electronic check,Yes,Yes,No,No,Yes,51.6,DSL,
89.15,7,No,,0,,Month-to-month,4115-NZRKS,No,No,Female,1,574.35,0-12,7,No,Yes,Yes,1,Yes,Electronic check,No,Yes,No,No,No,89.15,Fiber optic,
88.05,9,No,,0,,Month-to-month,4123-DVHPH,No,No,Male,1,801.3,0-12,9,No,No,Yes,0,Yes,Electronic check,Yes,Yes,Yes,No,Yes,88.05,Fiber optic,
99.7,47,No,,0,,Month-to-month,4128-ETESU,No,Yes,Female,1,4747.2,37-48,47,No,Yes,Yes,1,Yes,Electronic check,Yes,No,No,No,Yes,99.7,Fiber optic,
50.55,5,No,,0,,Month-to-month,4130-MZLCC,No,No,Female,1,244.75,0-12,5,No,No,No,0,Yes,Bank transfer (automatic),No,No,No,Yes,No,50.55,DSL,
100.85,4,No,,0,,Month-to-month,4132-KALRO,No,No,Female,1,399.25,0-12,4,Yes,Yes,Yes,0,Yes,Mailed check,No,Yes,No,No,Yes,100.85,Fiber optic,
39.9,52,No,,0,,Month-to-month,4132-POCZS,No,No,Male,1,2020.9,49-60,52,No,No,Yes,0,No,Electronic check,Yes,Yes,Yes,No,No phone service,39.9,DSL,
60.9,28,No,,0,,Month-to-month,4134-BSXLX,No,No,Male,1,1785.65,25-36,28,Yes,No,No,0,Yes,Mailed check,Yes,No,Yes,Yes,No,60.9,DSL,
90.75,2,No,,0,,Month-to-month,4137-BTIKL,No,No,Male,1,174.75,0-12,2,No,No,Yes,0,Yes,Mailed check,No,No,Yes,No,Yes,90.75,Fiber optic,
81,51,No,,0,,Month-to-month,4138-NAXED,No,No,Male,1,4085.75,49-60,51,No,No,No,0,Yes,Bank transfer (automatic),No,No,No,Yes,Yes,81,Fiber optic,
44.45,51,No,,0,,Month-to-month,4139-JPIAM,No,No,Male,1,2181.55,49-60,51,Yes,No,Yes,0,No,Credit card (automatic),No,Yes,Yes,No,No phone service,44.45,DSL,
44.6,1,No,,0,,Month-to-month,4146-SVFUD,No,No,Male,1,44.6,0-12,1,No,No,No,0,Yes,Mailed check,No,No,No,No,No,44.6,DSL,
25.6,35,No,,0,,Month-to-month,4163-KIUHY,No,No,Male,1,901.25,25-36,35,No,No,No,0,Yes,Electronic check,No,Yes,No,No,Yes,25.6,No,
109.55,54,No,,0,,Month-to-month,4176-FXYBO,No,Yes,Male,1,6118.95,49-60,54,No,Yes,Yes,0,Yes,Electronic check,Yes,No,Yes,Yes,Yes,109.55,Fiber optic,
34,12,No,,0,,Month-to-month,4177-JPDFU,No,No,Male,1,442.45,0-12,12,Yes,No,No,0,No,Mailed check,No,No,No,Yes,No phone service,34,DSL,
19.8,10,No,,0,,Month-to-month,4182-BGSIQ,Yes,No,Female,1,196.75,0-12,10,No,No,No,0,Yes,Bank transfer (automatic),Yes,Yes,No,No,No,19.8,No,
90.05,21,No,,0,,Month-to-month,4183-MYFRB,No,Yes,Female,1,1862.9,13-24,21,No,No,Yes,0,Yes,Electronic check,No,Yes,No,Yes,No,90.05,Fiber optic,
103.05,57,No,,0,,Month-to-month,4188-FRABG,No,Yes,Male,1,5925.75,49-60,57,Yes,Yes,No,0,Yes,Electronic check,Yes,Yes,Yes,Yes,Yes,103.05,Fiber optic,
105.4,63,No,,0,,Month-to-month,4191-XOVOM,No,No,Male,1,6713.2,61+,63,Yes,Yes,Yes,0,Yes,Electronic check,No,No,No,Yes,Yes,105.4,Fiber optic,
96.65,59,No,,0,,Month-to-month,4194-WHFCB,Yes,No,Female,1,5580.8,49-60,59,Yes,No,Yes,0,Yes,Bank transfer (automatic),Yes,Yes,No,Yes,Yes,96.65,Fiber optic,
25.25,1,No,,0,,Month-to-month,4195-NZGTA,No,No,Female,1,25.25,0-12,1,No,No,No,0,No,Electronic check,No,No,No,No,No phone service,25.25,DSL,
20.25,28,No,,0,,Month-to-month,4203-QGNZA,Yes,No,Female,1,535.35,25-36,28,No,No,No,0,Yes,Mailed check,No,No,No,No,No,20.25,No,
106.35,61,No,,0,,Month-to-month,4220-TINQT,No,Yes,Female,1,6751.35,61+,61,Yes,Yes,Yes,0,Yes,Electronic check,Yes,Yes,No,No,Yes,106.35,Fiber optic,
49.95,2,No,,0,,Month-to-month,4223-WOZCM,No,Yes,Male,1,107.1,0-12,2,No,No,No,1,Yes,Mailed check,No,No,No,No,No,49.95,DSL,
66.65,8,No,,0,,Month-to-month,4226-KKDON,No,No,Male,1,520.95,0-12,8,Yes,Yes,No,0,Yes,Electronic check,No,Yes,No,Yes,No,66.65,DSL,
19.2,1,No,,0,,Month-to-month,4232-JGKIY,No,No,Male,1,19.2,0-12,1,No,No,No,0,Yes,Electronic check,No,No,No,No,No,19.2,No,
79.95,2,No,,0,,Month-to-month,4234-XTNEA,No,No,Male,1,174.45,0-12,2,No,Yes,No,0,Yes,Electronic check,No,Yes,No,No,No,79.95,Fiber optic,
24.5,2,No,,0,,Month-to-month,4236-UJPWO,No,No,Female,1,46.4,0-12,2,No,No,No,0,No,Electronic check,No,No,No,No,No phone service,24.5,DSL,
20,2,No,,0,,Month-to-month,4237-CLSMM,No,No,Male,1,38,0-12,2,No,No,No,0,Yes,Mailed check,Yes,No,No,No,No,20,No,
82.15,61,No,,0,,Month-to-month,4238-HFHSN,No,No,Male,1,4904.85,61+,61,No,No,No,1,Yes,Electronic check,Yes,Yes,No,Yes,Yes,82.15,Fiber optic,
102.05,35,No,,0,,Month-to-month,4238-JSSWH,No,Yes,Female,1,3452.55,25-36,35,No,Yes,Yes,1,Yes,Bank transfer (automatic),Yes,No,No,No,Yes,102.05,Fiber optic,
93.25,60,No,,0,,Month-to-month,4250-WAROZ,Yes,No,Male,1,5774.55,49-60,60,No,No,Yes,1,Yes,Electronic check,Yes,Yes,Yes,Yes,Yes,93.25,Fiber optic,
51,5,No,,0,,Month-to-month,4256-ZWTZI,Yes,No,Female,1,286.8,0-12,5,Yes,No,No,0,Yes,Mailed check,No,Yes,No,No,No,51,DSL,
45,6,No,,0,,Month-to-month,4257-GAESD,No,No,Female,1,298.7,0-12,6,No,Yes,Yes,0,No,Credit card (automatic),No,No,No,No,No phone service,45,DSL,
89.35,1,No,,0,,Month-to-month,4273-MBHYA,Yes,No,Female,1,89.35,0-12,1,No,Yes,Yes,0,Yes,Electronic check,No,Yes,No,No,No,89.35,Fiber optic,
81,24,No,,0,,Month-to-month,4277-UDIEF,Yes,No,Male,1,1923.85,13-24,24,Yes,Yes,Yes,0,Yes,Bank transfer (automatic),Yes,No,Yes,No,Yes,81,DSL,
54.75,8,No,,0,,Month-to-month,4280-DLSHD,No,Yes,Male,1,445.85,0-12,8,No,No,No,0,Yes,Mailed check,Yes,Yes,No,Yes,No,54.75,DSL,
24.85,38,No,,0,,Month-to-month,4282-ACRXS,No,No,Male,1,955.75,37-48,38,No,No,No,1,No,Electronic check,Yes,Yes,No,No,No phone service,24.85,DSL,
64.95,9,No,,0,,Month-to-month,4283-IVYCI,No,No,Male,1,547.8,0-12,9,Yes,No,Yes,0,Yes,Mailed check,No,No,Yes,No,No,64.95,DSL,
19.85,1,No,,0,,Month-to-month,4291-HPAXL,Yes,No,Male,1,19.85,0-12,1,No,No,No,0,Yes,Mailed check,No,No,No,No,No,19.85,No,
69.55,7,No,,0,,Month-to-month,4291-SHSBH,No,No,Male,1,521.35,0-12,7,No,No,No,0,Yes,Electronic check,No,Yes,No,No,No,69.55,Fiber optic,
103.45,15,No,,0,,Month-to-month,4298-OYIFC,No,Yes,Male,1,1539.8,13-24,15,Yes,Yes,Yes,0,Yes,Electronic check,Yes,Yes,No,No,Yes,103.45,Fiber optic,
81.15,9,No,,0,,Month-to-month,4299-SIMNS,No,No,Male,1,784.45,0-12,9,No,No,No,0,Yes,Electronic check,No,Yes,Yes,No,Yes,81.15,Fiber optic,
75.4,16,No,,0,,Month-to-month,4301-VVZKA,No,No,Male,1,1189.4,13-24,16,No,No,No,0,Yes,Electronic check,Yes,Yes,No,No,Yes,75.4,Fiber optic,
35.75,10,No,,0,,Month-to-month,4307-KWMXE,No,No,Male,1,389.8,0-12,10,Yes,No,No,0,No,Electronic check,No,No,No,Yes,No phone service,35.75,DSL,
29.8,26,No,,0,,Month-to-month,4310-KEDTB,Yes,Yes,Female,1,786.5,25-36,26,No,No,No,0,No,Mailed check,No,Yes,No,No,No phone service,29.8,DSL,
50.3,17,No,,0,,Month-to-month,4316-XCSLJ,Yes,No,Male,1,846.8,13-24,17,No,No,No,0,Yes,Mailed check,No,Yes,Yes,No,No,50.3,DSL,
54.85,7,No,,0,,Month-to-month,4320-QMLLA,No,No,Male,1,370.4,0-12,7,No,Yes,No,0,Yes,Mailed check,No,No,No,No,No,54.85,DSL,
55.8,5,No,,0,,Month-to-month,4324-AHJKS,No,Yes,Female,1,300.4,0-12,5,No,No,No,0,Yes,Credit card (automatic),No,No,Yes,No,No,55.8,DSL,
55.55,10,No,,0,,Month-to-month,4324-BZCKL,Yes,Yes,Female,1,551.3,0-12,10,No,No,No,0,Yes,Mailed check,Yes,Yes,No,Yes,No,55.55,DSL,
108.2,20,No,,0,,Month-to-month,4329-YPDDQ,No,Yes,Male,1,2203.7,13-24,20,Yes,Yes,Yes,0,Yes,Bank transfer (automatic),No,Yes,Yes,Yes,No,108.2,Fiber optic,
54.6,21,No,,0,,Month-to-month,4338-EYCER,No,No,Male,1,1125.2,13-24,21,No,Yes,No,0,Yes,Bank transfer (automatic),Yes,No,No,No,No,54.6,DSL,
74.35,7,No,,0,,Month-to-month,4343-EJVQB,No,No,Male,1,533.6,0-12,7,No,No,No,0,Yes,Mailed check,No,No,Yes,No,No,74.35,Fiber optic,
49.85,27,No,,0,,Month-to-month,4353-HYOJD,Yes,No,Female,1,1336.15,25-36,27,No,No,No,0,Yes,Mailed check,Yes,No,No,Yes,No,49.85,DSL,
75.6,18,No,,0,,Month-to-month,4360-PNRQB,No,No,Male,1,1395.05,13-24,18,No,No,No,0,Yes,Bank transfer (automatic),No,Yes,No,No,Yes,75.6,Fiber optic,
36.65,37,No,,0,,Month-to-month,4360-QRAVE,No,Yes,Male,1,1315,37-48,37,No,No,No,1,No,Electronic check,No,No,No,Yes,No phone service,36.65,DSL,
19.55,8,No,,0,,Month-to-month,4365-MSDYN,No,No,Male,1,161.15,0-12,8,No,No,No,0,Yes,Bank transfer (automatic),Yes,Yes,No,No,No,19.55,No,
24.9,1,No,,0,,Month-to-month,4367-NHWMM,No,No,Female,1,24.9,0-12,1,No,No,No,0,No,Mailed check,No,Yes,No,No,No phone service,24.9,DSL,
44.75,1,No,,0,,Month-to-month,4373-VVHQL,No,No,Male,1,44.75,0-12,1,No,No,No,0,Yes,Electronic check,No,Yes,No,No,No,44.75,DSL,
54.9,44,No,,0,,Month-to-month,4385-ZKVNW,Yes,No,Male,1,2549.1,37-48,44,Yes,No,No,0,Yes,Bank transfer (automatic),Yes,Yes,No,Yes,No,54.9,DSL,
94.95,22,No,,0,,Month-to-month,4391-LNRXK,No,Yes,Male,1,2142.8,13-24,22,Yes,No,Yes,0,Yes,Bank transfer (automatic),No,Yes,No,Yes,No,94.95,Fiber optic,
85.55,5,No,,0,,Month-to-month,4395-PZMSN,No,No,Male,1,408.5,0-12,5,No,No,Yes,1,Yes,Electronic check,No,Yes,No,Yes,No,85.55,Fiber optic,
19.85,4,No,,0,,Month-to-month,4396-KLSEH,No,No,Male,1,63,0-12,4,No,No,No,0,Yes,Electronic check,No,Yes,No,No,No,19.85,No,
20.15,4,No,,0,,Month-to-month,4397-FRLTA,No,No,Female,1,84.5,0-12,4,No,No,No,0,Yes,Mailed check,No,No,No,No,No,20.15,No,
89.8,54,No,,0,,Month-to-month,4402-FTBXC,No,Yes,Male,1,4667,49-60,54,No,Yes,No,0,Yes,Mailed check,No,No,Yes,No,No,89.8,Fiber optic,
61.8,13,No,,0,,Month-to-month,4418-LZMSV,Yes,Yes,Male,1,750.1,13-24,13,Yes,No,No,0,Yes,Bank transfer (automatic),Yes,No,No,Yes,No,61.8,DSL,
50.15,35,No,,0,,Month-to-month,4422-QVIJA,Yes,No,Female,1,1655.35,25-36,35,No,No,No,0,Yes,Mailed check,No,No,No,No,Yes,50.15,DSL,
49.15,26,No,,0,,Month-to-month,4429-WYGFR,No,No,Male,1,1237.3,25-36,26,Yes,No,No,0,Yes,Bank transfer (automatic),No,No,No,No,No,49.15,DSL,
25.45,4,No,,0,,Month-to-month,4430-YHXGG,Yes,No,Female,1,84.2,0-12,4,No,No,No,0,Yes,Mailed check,No,Yes,No,No,Yes,25.45,No,
75.7,7,No,,0,,Month-to-month,4431-EDMIQ,Yes,Yes,Female,1,554.05,0-12,7,Yes,Yes,No,0,Yes,Electronic check,Yes,Yes,Yes,Yes,No,75.7,DSL,
36.25,10,No,,0,,Month-to-month,4439-YRNVD,No,No,Female,1,374,0-12,10,Yes,No,No,0,No,Electronic check,No,No,No,Yes,No phone service,36.25,DSL,
99.3,9,No,,0,,Month-to-month,4445-ZJNMU,No,No,Male,1,918.75,0-12,9,No,Yes,Yes,0,Yes,Credit card (automatic),No,Yes,No,Yes,Yes,99.3,Fiber optic,
71.3,2,No,,0,,Month-to-month,4450-DLLMH,No,No,Male,1,157.75,0-12,2,No,No,No,0,Yes,Credit card (automatic),No,Yes,No,No,No,71.3,Fiber optic,
74.35,60,No,,0,,Month-to-month,4450-MDZFX,Yes,No,Male,1,4453.3,49-60,60,No,No,No,0,Yes,Bank transfer (automatic),Yes,No,No,No,Yes,74.35,Fiber optic,
50.65,39,No,,0,,Month-to-month,4450-YOOHP,No,Yes,Female,1,1905.4,37-48,39,No,Yes,Yes,0,No,Credit card (automatic),No,Yes,No,No,No phone service,50.65,DSL,
43.9,7,No,,0,,Month-to-month,4452-QIIEB,No,No,Male,1,278.4,0-12,7,No,No,No,0,Yes,Mailed check,No,No,No,No,No,43.9,DSL,
49.6,19,No,,0,,Month-to-month,4456-RHSNB,Yes,Yes,Female,1,962.9,13-24,19,No,No,No,0,Yes,Bank transfer (automatic),Yes,Yes,No,No,No,49.6,DSL,
44.5,30,No,,0,,Month-to-month,4459-BBGHE,Yes,No,Male,1,1307.8,25-36,30,No,Yes,Yes,0,No,Electronic check,No,Yes,No,No,No phone service,44.5,DSL,
89.8,62,No,,0,,Month-to-month,4462-CYWMH,No,No,Male,1,5629.55,61+,62,No,No,Yes,1,Yes,Bank transfer (automatic),Yes,Yes,No,Yes,Yes,89.8,Fiber optic,
77.8,18,No,,0,,Month-to-month,4465-VDKIQ,No,Yes,Female,1,1358.6,13-24,18,No,No,No,0,Yes,Electronic check,No,No,No,Yes,No,77.8,Fiber optic,
60,20,No,,0,,Month-to-month,4468-KAZHE,No,No,Female,1,1259.35,13-24,20,No,No,Yes,1,Yes,Electronic check,Yes,Yes,No,Yes,No,60,DSL,
48.65,5,No,,0,,Month-to-month,4468-YDOVK,Yes,No,Male,1,235.2,0-12,5,Yes,No,No,0,Yes,Bank transfer (automatic),No,Yes,No,No,No,48.65,DSL,
98.15,52,No,,0,,Month-to-month,4472-VESGY,Yes,Yes,Female,1,4993.4,49-60,52,No,No,Yes,0,Yes,Bank transfer (automatic),Yes,No,Yes,Yes,Yes,98.15,Fiber optic,
74.05,8,No,,0,,Month-to-month,4480-QQRHC,No,Yes,Female,1,600.15,0-12,8,No,No,No,1,Yes,Bank transfer (automatic),No,Yes,No,No,No,74.05,Fiber optic,
69.7,2,No,,0,,Month-to-month,4482-EWFMI,No,No,Female,1,135.2,0-12,2,No,No,No,0,Yes,Electronic check,No,Yes,No,No,No,69.7,Fiber optic,
56.15,5,No,,0,,Month-to-month,4482-FTFFX,No,Yes,Male,1,291.45,0-12,5,Yes,No,No,0,Yes,Electronic check,No,No,No,No,No,56.15,DSL,
20.4,13,No,,0,,Month-to-month,4486-EFAEB,No,No,Male,1,251.65,13-24,13,No,No,No,0,Yes,Electronic check,No,Yes,No,No,No,20.4,No,
57.65,18,No,,0,,Month-to-month,4495-LHSSK,Yes,No,Female,1,992.7,13-24,18,No,No,No,0,Yes,Mailed check,No,No,Yes,No,Yes,57.65,DSL,
35.75,26,No,,0,,Month-to-month,4501-VCPFK,No,Yes,Male,1,1022.5,25-36,26,Yes,No,No,0,No,Electronic check,No,No,No,No,No phone service,35.75,DSL,
59.45,35,No,,0,,Month-to-month,4504-YOULA,Yes,No,Female,1,2136.9,25-36,35,No,No,No,0,Yes,Credit card (automatic),Yes,Yes,Yes,Yes,Yes,59.45,DSL,
88.85,18,No,,0,,Month-to-month,4521-YEEHE,No,No,Female,1,1594.75,13-24,18,Yes,Yes,No,0,Yes,Electronic check,Yes,Yes,No,No,Yes,88.85,Fiber optic,
54.8,13,No,,0,,Month-to-month,4522-AKYLR,No,Yes,Female,1,731.3,13-24,13,No,No,No,1,Yes,Electronic check,No,Yes,No,Yes,No,54.8,DSL,
44.65,26,No,,0,,Month-to-month,4524-QCSSM,No,No,Male,1,1156.55,25-36,26,No,No,Yes,0,No,Bank transfer (automatic),No,Yes,Yes,Yes,No phone service,44.65,DSL,
88.4,25,No,,0,,Month-to-month,4526-ZJJTM,No,Yes,Female,1,2191.15,25-36,25,No,No,Yes,1,Yes,Bank transfer (automatic),Yes,No,No,Yes,No,88.4,Fiber optic,
85.05,12,No,,0,,Month-to-month,4536-PLEQY,No,No,Male,1,999.8,0-12,12,No,No,Yes,0,Yes,Credit card (automatic),Yes,Yes,No,Yes,No,85.05,Fiber optic,
45.55,2,No,,0,,Month-to-month,4537-DKTAL,No,No,Female,1,84.4,0-12,2,No,No,No,0,Yes,Electronic check,No,No,No,No,No,45.55,DSL,
74.75,16,No,,0,,Month-to-month,4546-FOKWR,No,No,Female,1,1129.35,13-24,16,No,No,No,0,Yes,Credit card (automatic),No,Yes,No,No,Yes,74.75,Fiber optic,
101.35,62,No,,0,,Month-to-month,4553-DVPZG,No,Yes,Female,1,6164.7,61+,62,No,Yes,Yes,0,Yes,Electronic check,Yes,Yes,No,No,Yes,101.35,Fiber optic,
19.75,4,No,,0,,Month-to-month,4558-CGYCZ,No,No,Male,1,78.3,0-12,4,No,No,No,0,Yes,Mailed check,No,No,No,No,No,19.75,No,
82.65,14,No,,0,,Month-to-month,4559-UWIHT,No,Yes,Male,1,1185,13-24,14,No,No,No,0,Yes,Electronic check,Yes,Yes,No,Yes,Yes,82.65,Fiber optic,
96.55,5,No,,0,,Month-to-month,4566-NECEV,No,Yes,Male,1,500.1,0-12,5,No,No,Yes,0,Yes,Electronic check,No,No,No,Yes,Yes,96.55,Fiber optic,
20.4,9,No,,0,,Month-to-month,4568-TTZRT,No,No,Male,1,181.8,0-12,9,No,No,No,0,Yes,Mailed check,No,No,No,No,No,20.4,No,
43.75,9,No,,0,,Month-to-month,4570-QHXHL,No,No,Female,1,405.7,0-12,9,No,No,No,0,Yes,Electronic check,No,Yes,No,No,No,43.75,DSL,
49.15,13,No,,0,,Month-to-month,4581-LNWUM,No,Yes,Female,1,649.4,13-24,13,No,Yes,Yes,0,No,Electronic check,No,No,No,No,No phone service,49.15,DSL,
91.55,16,No,,0,,Month-to-month,4583-PARNH,No,Yes,Male,1,1540.05,13-24,16,Yes,No,Yes,1,Yes,Electronic check,Yes,Yes,No,No,No,91.55,Fiber optic,
44.65,8,No,,0,,Month-to-month,4608-LCIMN,Yes,No,Male,1,369.15,0-12,8,No,No,No,0,Yes,Bank transfer (automatic),Yes,No,No,No,No,44.65,DSL,
81.45,20,No,,0,,Month-to-month,4612-SSVHJ,No,No,Female,1,1671.6,13-24,20,No,No,Yes,1,Yes,Electronic check,No,Yes,No,No,No,81.45,Fiber optic,
20.45,22,No,,0,,Month-to-month,4623-ZKHLY,No,No,Male,1,471.55,13-24,22,No,No,No,0,Yes,Bank transfer (automatic),Yes,Yes,No,No,No,20.45,No,
88.4,9,No,,0,,Month-to-month,4633-MKHYU,No,No,Female,1,788.6,0-12,9,No,Yes,Yes,0,Yes,Mailed check,No,Yes,No,No,No,88.4,Fiber optic,
20.35,1,No,,0,,Month-to-month,4634-JLRJT,No,No,Female,1,20.35,0-12,1,No,No,No,0,Yes,Mailed check,No,Yes,No,No,No,20.35,No,
88.85,34,No,,0,,Month-to-month,4636-JGAAI,No,No,Male,1,3000.25,25-36,34,No,No,Yes,0,Yes,Mailed check,Yes,No,No,Yes,Yes,88.85,Fiber optic,
81.25,7,No,,0,,Month-to-month,4646-QZXTF,No,Yes,Female,1,580.1,0-12,7,Yes,Yes,Yes,0,Yes,Bank transfer (automatic),Yes,No,Yes,No,No,81.25,DSL,
95.95,18,No,,0,,Month-to-month,4647-MUZON,No,Yes,Female,1,1745.5,13-24,18,No,Yes,Yes,0,Yes,Credit card (automatic),Yes,Yes,No,No,No,95.95,Fiber optic,
45.5,6,No,,0,,Month-to-month,4647-XXZAM,Yes,No,Female,1,285.2,0-12,6,No,No,No,0,Yes,Mailed check,Yes,No,No,No,No,45.5,DSL,
96.35,40,No,,0,,Month-to-month,4657-FWVFY,Yes,Yes,Female,1,3915.4,37-48,40,No,Yes,No,0,Yes,Credit card (automatic),Yes,Yes,No,Yes,Yes,96.35,Fiber optic,
87.9,18,No,,0,,Month-to-month,4660-IRIBM,Yes,Yes,Male,1,1500.5,13-24,18,No,Yes,No,0,Yes,Mailed check,Yes,Yes,Yes,No,No,87.9,Fiber optic,
20.05,1,No,,0,,Month-to-month,4661-NJEUX,No,No,Male,1,20.05,0-12,1,No,No,No,0,Yes,Mailed check,No,Yes,No,No,No,20.05,No,
67.25,12,No,,0,,Month-to-month,4672-FOTSD,No,No,Male,1,832.3,0-12,12,Yes,No,No,0,Yes,Electronic check,No,Yes,Yes,Yes,Yes,67.25,DSL,
87.6,31,No,,0,,Month-to-month,4673-KKSLS,No,Yes,Female,1,2724.25,25-36,31,Yes,No,No,0,Yes,Electronic check,No,No,Yes,No,No,87.6,Fiber optic,
55.6,11,No,,0,,Month-to-month,4680-KUTAJ,No,No,Female,1,580.8,0-12,11,No,No,No,1,Yes,Electronic check,No,Yes,Yes,No,Yes,55.6,DSL,
99.85,21,No,,0,,Month-to-month,4686-UXDML,No,No,Female,1,1992.55,13-24,21,No,Yes,Yes,0,Yes,Credit card (automatic),No,Yes,No,Yes,Yes,99.85,Fiber optic,
95.55,42,No,,0,,Month-to-month,4690-PKDQG,No,Yes,Female,1,3930.6,37-48,42,No,Yes,No,1,Yes,Electronic check,Yes,Yes,No,Yes,Yes,95.55,Fiber optic,
19.55,3,No,,0,,Month-to-month,4693-VWVBO,No,No,Female,1,61.05,0-12,3,No,No,No,0,Yes,Electronic check,No,No,No,No,No,19.55,No,
19.95,8,No,,0,,Month-to-month,4694-PHWFW,Yes,No,Female,1,170.9,0-12,8,No,No,No,0,Yes,Mailed check,No,No,No,No,No,19.95,No,
45.2,1,No,,0,,Month-to-month,4706-DGAHW,No,No,Male,1,45.2,0-12,1,No,No,No,1,Yes,Electronic check,No,No,No,No,No,45.2,DSL,
64.4,5,No,,0,,Month-to-month,4710-NKCAW,Yes,No,Male,1,316.9,0-12,5,Yes,No,No,0,Yes,Credit card (automatic),Yes,No,Yes,Yes,Yes,64.4,DSL,
33.6,18,No,,0,,Month-to-month,4712-AUQZO,No,Yes,Male,1,550.35,13-24,18,No,No,No,0,No,Mailed check,No,No,Yes,No,No phone service,33.6,DSL,
20,20,No,,0,,Month-to-month,4712-UYOOI,Yes,No,Female,1,417.65,13-24,20,No,No,No,0,Yes,Electronic check,Yes,No,No,No,No,20,No,
107.05,20,No,,0,,Month-to-month,4716-HHKQH,No,No,Male,1,2172.05,13-24,20,Yes,Yes,Yes,1,Yes,Electronic check,Yes,No,No,Yes,Yes,107.05,Fiber optic,
35.8,11,No,,0,,Month-to-month,4718-DHSMV,No,No,Female,1,363.15,0-12,11,No,Yes,No,0,No,Mailed check,No,Yes,No,No,No phone service,35.8,DSL,
19.65,6,No,,0,,Month-to-month,4719-UMSIY,Yes,No,Male,1,100.9,0-12,6,No,No,No,0,Yes,Mailed check,No,No,No,No,No,19.65,No,
95.4,48,No,,0,,Month-to-month,4724-WXVWF,No,No,Male,1,4445.3,37-48,48,Yes,No,Yes,0,Yes,Electronic check,No,Yes,Yes,No,Yes,95.4,Fiber optic,
70.35,50,No,,0,,Month-to-month,4726-DLWQN,No,No,Male,1,3454.6,49-60,50,No,Yes,No,1,Yes,Bank transfer (automatic),No,Yes,Yes,Yes,Yes,70.35,DSL,
55.55,1,No,,0,,Month-to-month,4727-MCYZG,No,No,Male,1,55.55,0-12,1,No,No,Yes,0,Yes,Mailed check,No,No,No,No,No,55.55,DSL,
20.25,7,No,,0,,Month-to-month,4732-RRJZC,Yes,No,Male,1,144.35,0-12,7,No,No,No,0,Yes,Mailed check,Yes,No,No,No,No,20.25,No,
80.15,2,No,,0,,Month-to-month,4741-WWJQZ,No,No,Female,1,194.55,0-12,2,Yes,No,No,0,Yes,Electronic check,Yes,Yes,Yes,No,No,80.15,Fiber optic,
79,25,No,,0,,Month-to-month,4747-LCAQL,No,No,Male,1,1902,25-36,25,Yes,Yes,Yes,0,Yes,Mailed check,No,Yes,Yes,Yes,No,79,DSL,
75.65,4,No,,0,,Month-to-month,4749-OJKQU,No,No,Female,1,302.35,0-12,4,No,No,No,0,Yes,Electronic check,No,Yes,No,No,Yes,75.65,Fiber optic,
94.1,43,No,,0,,Month-to-month,4760-THGOT,No,No,Female,1,4107.3,37-48,43,No,No,Yes,0,Yes,Electronic check,Yes,Yes,Yes,Yes,Yes,94.1,Fiber optic,
82.05,30,No,,0,,Month-to-month,4767-HZZHQ,Yes,Yes,Male,1,2570.2,25-36,30,No,No,No,0,Yes,Bank transfer (automatic),Yes,No,No,Yes,No,82.05,Fiber optic,
19.45,13,No,,0,,Month-to-month,4770-QAZXN,No,No,Female,1,232.1,13-24,13,No,No,No,0,Yes,Credit card (automatic),No,No,No,No,No,19.45,No,
74.75,2,No,,0,,Month-to-month,4770-UEZOX,No,No,Male,1,144.8,0-12,2,No,No,No,0,Yes,Electronic check,No,Yes,No,Yes,No,74.75,Fiber optic,
20.15,1,No,,0,,Month-to-month,4781-ZXYGU,Yes,No,Male,1,20.15,0-12,1,No,No,No,0,Yes,Bank transfer (automatic),Yes,Yes,No,No,No,20.15,No,
20.05,5,No,,0,,Month-to-month,4785-NKHCX,No,No,Male,1,94.15,0-12,5,No,No,No,1,Yes,Bank transfer (automatic),No,No,No,No,No,20.05,No,
65.1,40,No,,0,,Month-to-month,4795-WRNVT,No,No,Female,1,2586,37-48,40,No,Yes,No,0,Yes,Mailed check,No,No,Yes,Yes,No,65.1,DSL,
20.25,7,No,,0,,Month-to-month,4797-MIWUM,Yes,No,Male,1,174.7,0-12,7,No,No,No,0,Yes,Bank transfer (automatic),Yes,Yes,No,No,No,20.25,No,
29.6,11,No,,0,,Month-to-month,4801-JZAZL,Yes,No,Female,1,346.45,0-12,11,No,No,No,0,No,Electronic check,Yes,Yes,Yes,No,No phone service,29.6,DSL,
19.45,8,No,,0,,Month-to-month,4801-KFYKL,Yes,No,Male,1,159.2,0-12,8,No,No,No,0,Yes,Bank transfer (automatic),No,No,No,No,No,19.45,No,
20.8,34,No,,0,,Month-to-month,4803-LBYPN,Yes,No,Male,1,635.9,25-36,34,No,No,No,0,Yes,Mailed check,Yes,No,No,No,No,20.8,No,
89.9,30,No,,0,,Month-to-month,4811-JBUVU,No,No,Male,1,2723.15,25-36,30,Yes,No,Yes,0,Yes,Credit card (automatic),No,Yes,No,No,Yes,89.9,Fiber optic,
90.25,8,No,,0,,Month-to-month,4813-HQMGZ,No,No,Female,1,743.75,0-12,8,Yes,No,Yes,0,Yes,Electronic check,Yes,Yes,No,No,Yes,90.25,Fiber optic,
25.15,4,No,,0,,Month-to-month,4815-GBTCD,No,No,Female,1,99.95,0-12,4,No,No,No,0,No,Electronic check,Yes,Yes,No,No,No phone service,25.15,DSL,
25.15,18,No,,0,,Month-to-month,4819-HJPIW,No,No,Male,1,476.8,13-24,18,No,No,No,0,No,Mailed check,No,No,No,No,No phone service,25.15,DSL,
89.6,32,No,,0,,Month-to-month,4821-SJHJV,Yes,No,Female,1,2901.8,25-36,32,No,Yes,No,0,Yes,Electronic check,Yes,No,Yes,No,Yes,89.6,Fiber optic,
81.7,22,No,,0,,Month-to-month,4824-GUCBY,No,No,Female,1,1820.9,13-24,22,No,No,No,1,Yes,Electronic check,No,No,Yes,Yes,No,81.7,Fiber optic,
74.8,40,No,,0,,Month-to-month,4826-TZEVA,No,No,Female,1,2971.7,37-48,40,No,No,No,0,Yes,Credit card (automatic),No,No,No,Yes,No,74.8,Fiber optic,
51.8,20,No,,0,,Month-to-month,4827-USJHP,No,No,Male,1,1023.85,13-24,20,No,No,No,0,Yes,Mailed check,No,Yes,No,Yes,No,51.8,DSL,
79.95,16,No,,0,,Month-to-month,4828-FAZPK,Yes,No,Female,1,1267.95,13-24,16,No,No,No,0,Yes,Credit card (automatic),Yes,Yes,No,Yes,Yes,79.95,Fiber optic,
24.1,19,No,,0,,Month-to-month,4830-FAXFM,Yes,No,Male,1,439.2,13-24,19,No,No,No,0,Yes,Credit card (automatic),No,Yes,No,No,Yes,24.1,No,
83.85,67,No,,0,,Month-to-month,4833-QTJNO,No,No,Male,1,5588.8,61+,67,No,No,No,1,Yes,Bank transfer (automatic),Yes,No,Yes,Yes,Yes,83.85,Fiber optic,
104.75,56,No,,0,,Month-to-month,4840-ORQXB,No,Yes,Female,1,5841.35,49-60,56,No,Yes,Yes,1,Yes,Electronic check,No,No,No,Yes,Yes,104.75,Fiber optic,
89.35,6,No,,0,,Month-to-month,4847-TAJYI,No,No,Female,1,567.8,0-12,6,No,Yes,Yes,1,Yes,Electronic check,No,Yes,No,No,No,89.35,Fiber optic,
89.15,5,No,,0,,Month-to-month,4853-OITSN,No,No,Male,1,413.25,0-12,5,No,No,Yes,0,Yes,Electronic check,Yes,Yes,Yes,No,Yes,89.15,Fiber optic,
73.85,3,No,,0,,Month-to-month,4854-CIDCF,No,Yes,Female,1,196.4,0-12,3,No,No,No,1,Yes,Electronic check,No,No,No,No,No,73.85,Fiber optic,
73.75,13,No,,0,,Month-to-month,4860-IJUDE,No,No,Male,1,956.65,13-24,13,No,No,No,0,Yes,Credit card (automatic),No,Yes,Yes,No,No,73.75,Fiber optic,
20,10,No,,0,,Month-to-month,4860-YZGZM,No,No,Male,1,185.4,0-12,10,No,No,No,0,Yes,Electronic check,No,No,No,No,No,20,No,
92.15,42,No,,0,,Month-to-month,4879-GZLFH,Yes,Yes,Female,1,3875.4,37-48,42,No,Yes,Yes,0,Yes,Electronic check,Yes,Yes,No,No,No,92.15,Fiber optic,
19.6,14,No,,0,,Month-to-month,4881-GQJTW,No,No,Male,1,300.4,13-24,14,No,No,No,0,Yes,Credit card (automatic),No,No,No,No,No,19.6,No,
34.55,10,No,,0,,Month-to-month,4881-JVQOD,Yes,No,Male,1,362.6,0-12,10,No,No,Yes,1,No,Bank transfer (automatic),Yes,Yes,No,No,No phone service,34.55,DSL,
87.1,8,No,,0,,Month-to-month,4884-ZTHVF,No,No,Female,1,713.6,0-12,8,No,Yes,No,1,Yes,Electronic check,No,Yes,No,Yes,No,87.1,Fiber optic,
84.6,1,No,,0,,Month-to-month,4912-PIGUY,No,No,Female,1,84.6,0-12,1,No,Yes,No,0,Yes,Electronic check,No,Yes,No,No,Yes,84.6,Fiber optic,
90.45,55,No,,0,,Month-to-month,4918-FYJNT,No,Yes,Female,1,5044.8,49-60,55,Yes,No,No,1,Yes,Electronic check,Yes,No,No,Yes,Yes,90.45,Fiber optic,
65.8,25,No,,0,,Month-to-month,4923-ADWXJ,No,No,Female,1,1679.65,25-36,25,Yes,No,Yes,0,Yes,Bank transfer (automatic),No,Yes,No,Yes,No,65.8,DSL,
49.2,31,No,,0,,Month-to-month,4926-UMJZD,No,No,Female,1,1498.55,25-36,31,Yes,No,No,0,Yes,Mailed check,Yes,Yes,No,No,No,49.2,DSL,
91.45,2,No,,0,,Month-to-month,4927-WWOOZ,No,Yes,Male,1,171.45,0-12,2,No,Yes,No,0,Yes,Electronic check,Yes,Yes,No,No,Yes,91.45,Fiber optic,
56.25,18,No,,0,,Month-to-month,4929-ROART,No,No,Male,1,969.85,13-24,18,No,No,No,0,Yes,Mailed check,No,No,Yes,No,Yes,56.25,DSL,
95.5,2,No,,0,,Month-to-month,4929-XIHVW,No,Yes,Male,1,181.65,0-12,2,No,Yes,Yes,1,Yes,Credit card (automatic),Yes,Yes,No,No,No,95.5,Fiber optic,
71.95,13,No,,0,,Month-to-month,4931-TRZWN,No,No,Female,1,923.85,13-24,13,No,Yes,Yes,0,Yes,Electronic check,No,Yes,Yes,No,No,71.95,DSL,
19.9,10,No,,0,,Month-to-month,4936-YPJNK,No,No,Female,1,199.45,0-12,10,No,No,No,0,Yes,Mailed check,No,Yes,No,No,No,19.9,No,
59.45,27,No,,0,,Month-to-month,4939-KYYPY,No,Yes,Male,1,1611.65,25-36,27,Yes,No,No,0,Yes,Electronic check,No,No,No,No,Yes,59.45,DSL,
59.55,28,No,,0,,Month-to-month,4945-RVMTE,No,Yes,Female,1,1646.45,25-36,28,No,Yes,No,0,Yes,Bank transfer (automatic),No,Yes,No,No,No,59.55,DSL,
97.7,34,No,,0,,Month-to-month,4947-DSMXK,Yes,No,Male,1,3410,25-36,34,No,Yes,Yes,0,Yes,Bank transfer (automatic),Yes,Yes,No,Yes,Yes,97.7,Fiber optic,
74.9,36,No,,0,,Month-to-month,4948-WBBKL,No,No,Female,1,2659.45,25-36,36,No,No,No,1,Yes,Bank transfer (automatic),No,Yes,No,No,Yes,74.9,Fiber optic,
49.2,35,No,,0,,Month-to-month,4950-BDEUX,No,Yes,Male,1,1701.65,25-36,35,No,Yes,Yes,0,No,Electronic check,No,No,No,No,No phone service,49.2,DSL,
64.4,3,No,,0,,Month-to-month,4957-TREIR,No,No,Male,1,195.65,0-12,3,Yes,Yes,No,0,Yes,Credit card (automatic),No,Yes,Yes,No,No,64.4,DSL,
34.3,19,No,,0,,Month-to-month,4976-LNFVV,No,Yes,Male,1,577.15,13-24,19,No,No,No,1,No,Credit card (automatic),Yes,Yes,No,Yes,No phone service,34.3,DSL,
65.2,57,No,,0,,Month-to-month,4981-FLTMF,Yes,No,Female,1,3687.85,49-60,57,Yes,No,No,0,Yes,Bank transfer (automatic),Yes,No,Yes,Yes,Yes,65.2,DSL,
69.6,3,No,,0,,Month-to-month,4983-CCWMC,No,No,Male,1,207.4,0-12,3,No,No,No,0,Yes,Mailed check,No,Yes,No,No,No,69.6,Fiber optic,
102.7,52,No,,0,,Month-to-month,4983-CLMLV,No,No,Female,1,5138.1,49-60,52,Yes,Yes,Yes,0,Yes,Credit card (automatic),Yes,Yes,No,Yes,Yes,102.7,Fiber optic,
20,2,No,,0,,Month-to-month,4986-MXSFP,No,No,Female,1,40.9,0-12,2,No,No,No,0,Yes,Mailed check,No,Yes,No,No,No,20,No,
25.1,17,No,,0,,Month-to-month,4987-GQWPO,No,No,Male,1,382.8,13-24,17,No,No,No,0,No,Credit card (automatic),No,No,No,No,No phone service,25.1,DSL,
95.9,68,No,,0,,Month-to-month,4989-LIXVT,No,Yes,Male,1,6503.2,61+,68,No,No,Yes,1,Yes,Electronic check,No,Yes,No,Yes,Yes,95.9,Fiber optic,
84.3,26,No,,0,,Month-to-month,4993-JCRGJ,No,Yes,Male,1,2281.6,25-36,26,Yes,No,No,0,Yes,Mailed check,No,Yes,No,No,Yes,84.3,Fiber optic,
100.45,30,No,,0,,Month-to-month,4998-IKFSE,No,Yes,Female,1,3096.9,25-36,30,No,Yes,Yes,0,Yes,Electronic check,No,No,No,No,Yes,100.45,Fiber optic,
93.85,49,No,,0,,Month-to-month,5002-GCQFH,No,No,Male,1,4733.1,49-60,49,No,Yes,No,0,Yes,Bank transfer (automatic),Yes,Yes,Yes,Yes,Yes,93.85,Fiber optic,
54.35,31,No,,0,,Month-to-month,5012-YSPJJ,Yes,Yes,Male,1,1647,25-36,31,Yes,No,No,0,Yes,Mailed check,Yes,No,No,No,No,54.35,DSL,
84.25,23,No,,0,,Month-to-month,5016-IBERQ,No,Yes,Male,1,1968.1,13-24,23,No,No,No,0,Yes,Electronic check,Yes,No,No,Yes,Yes,84.25,Fiber optic,
85.6,56,No,,0,,Month-to-month,5018-GWURO,No,No,Female,1,4902.8,49-60,56,No,Yes,No,0,Yes,Bank transfer (automatic),Yes,Yes,No,No,Yes,85.6,Fiber optic,
24.5,10,No,,0,,Month-to-month,5018-HEKFO,No,No,Female,1,270.15,0-12,10,No,No,No,0,Yes,Mailed check,No,Yes,No,No,Yes,24.5,No,
66.3,30,No,,0,,Month-to-month,5018-LXQQG,Yes,No,Female,1,1923.5,25-36,30,Yes,No,Yes,0,Yes,Bank transfer (automatic),Yes,No,Yes,No,No,66.3,DSL,
84.85,43,No,,0,,Month-to-month,5019-GQVCR,No,No,Male,1,3645.6,37-48,43,No,Yes,No,1,Yes,Electronic check,No,Yes,No,No,Yes,84.85,Fiber optic,
75.85,9,No,,0,,Month-to-month,5022-JNQEQ,Yes,No,Female,1,647.5,0-12,9,Yes,No,No,0,Yes,Electronic check,Yes,Yes,No,No,No,75.85,Fiber optic,
81.3,27,No,,0,,Month-to-month,5022-KVDQT,No,Yes,Male,1,2272.8,25-36,27,No,No,No,0,Yes,Electronic check,No,Yes,No,No,Yes,81.3,Fiber optic,
18.9,20,No,,0,,Month-to-month,5025-GOOKI,No,No,Female,1,347.65,13-24,20,No,No,No,0,Yes,Credit card (automatic),No,Yes,No,No,No,18.9,No,
70.7,1,No,,0,,Month-to-month,5032-MIYKT,No,No,Female,1,70.7,0-12,1,No,No,No,0,Yes,Mailed check,No,Yes,No,No,No,70.7,Fiber optic,
75.9,11,No,,0,,Month-to-month,5035-BVCXS,No,No,Male,1,866.4,0-12,11,No,No,No,0,Yes,Mailed check,No,Yes,No,Yes,No,75.9,Fiber optic,
75.55,1,No,,0,,Month-to-month,5043-TRZWM,No,Yes,Female,1,75.55,0-12,1,No,No,No,0,Yes,Electronic check,No,No,No,No,No,75.55,Fiber optic,
69.2,7,No,,0,,Month-to-month,5044-LRQAQ,No,No,Female,1,477.55,0-12,7,No,No,No,0,Yes,Bank transfer (automatic),Yes,Yes,No,No,No,69.2,Fiber optic,
45,29,No,,0,,Month-to-month,5046-NUHWD,No,Yes,Female,1,1228.65,25-36,29,No,No,Yes,1,No,Electronic check,Yes,Yes,Yes,No,No phone service,45,DSL,
105.05,65,No,,0,,Month-to-month,5055-MGMGF,No,Yes,Female,1,6914.95,61+,65,No,Yes,Yes,0,Yes,Electronic check,Yes,Yes,Yes,No,Yes,105.05,Fiber optic,
83.55,30,No,,0,,Month-to-month,5060-TQUQN,Yes,No,Male,1,2570.2,25-36,30,Yes,No,No,0,Yes,Bank transfer (automatic),Yes,Yes,No,Yes,Yes,83.55,Fiber optic,
61.4,32,No,,0,,Month-to-month,5061-PBXFW,Yes,No,Female,1,1864.65,25-36,32,Yes,No,No,0,Yes,Bank transfer (automatic),Yes,No,Yes,Yes,No,61.4,DSL,
19.9,3,No,,0,,Month-to-month,5066-GFJMM,No,No,Female,1,45.75,0-12,3,No,No,No,0,Yes,Mailed check,Yes,Yes,No,No,No,19.9,No,
20.25,2,No,,0,,Month-to-month,5067-DGXLL,No,No,Male,1,36.8,0-12,2,No,No,No,0,Yes,Mailed check,No,No,No,No,No,20.25,No,
50.3,4,No,,0,,Month-to-month,5071-FBJFS,Yes,No,Female,1,217.1,0-12,4,No,No,No,0,Yes,Electronic check,Yes,No,Yes,No,No,50.3,DSL,
83.4,51,No,,0,,Month-to-month,5076-YVXCM,No,No,Male,1,4149.45,49-60,51,No,No,Yes,0,Yes,Bank transfer (automatic),No,No,No,No,Yes,83.4,Fiber optic,
55.35,17,No,,0,,Month-to-month,5084-OOVCJ,Yes,No,Female,1,920.5,13-24,17,Yes,No,No,0,Yes,Credit card (automatic),Yes,Yes,Yes,No,No,55.35,DSL,
20.65,1,No,,0,,Month-to-month,5088-QZLRL,No,No,Male,1,20.65,0-12,1,No,No,No,0,Yes,Electronic check,No,No,No,No,No,20.65,No,
91.15,2,No,,0,,Month-to-month,5091-HFAZW,No,No,Female,1,168.5,0-12,2,No,Yes,No,0,Yes,Electronic check,No,Yes,Yes,Yes,No,91.15,Fiber optic,
56.35,24,No,,0,,Month-to-month,5092-STPKP,No,No,Female,1,1381.2,13-24,24,Yes,No,No,0,Yes,Credit card (automatic),No,No,Yes,No,No,56.35,DSL,
84.3,29,No,,0,,Month-to-month,5117-IFGPS,No,No,Male,1,2357.75,25-36,29,No,No,Yes,1,Yes,Electronic check,Yes,Yes,No,No,Yes,84.3,Fiber optic,
105.1,48,No,,0,,Month-to-month,5118-MUEYH,No,No,Female,1,5083.55,37-48,48,Yes,Yes,Yes,0,Yes,Credit card (automatic),Yes,Yes,No,Yes,Yes,105.1,Fiber optic,
95,36,No,,0,,Month-to-month,5119-KEPFY,No,No,Male,1,3440.25,25-36,36,No,Yes,Yes,0,Yes,Bank transfer (automatic),Yes,Yes,No,No,Yes,95,Fiber optic,
70.1,2,No,,0,,Month-to-month,5119-NZPTV,No,No,Male,1,141.65,0-12,2,No,No,No,1,Yes,Electronic check,Yes,No,No,No,No,70.1,Fiber optic,
75.3,3,No,,0,,Month-to-month,5122-CYFXA,No,No,Female,1,244.1,0-12,3,Yes,Yes,Yes,0,Yes,Electronic check,No,Yes,No,Yes,No,75.3,DSL,
105.5,25,No,,0,,Month-to-month,5129-JLPIS,No,Yes,Male,1,2686.05,25-36,25,Yes,Yes,Yes,0,Yes,Electronic check,No,Yes,Yes,No,No,105.5,Fiber optic,
90.4,49,No,,0,,Month-to-month,5131-PONJI,Yes,Yes,Male,1,4494.65,49-60,49,No,Yes,No,0,Yes,Credit card (automatic),Yes,Yes,No,Yes,No,90.4,Fiber optic,
45.8,1,No,,0,,Month-to-month,5133-POWUA,No,No,Male,1,45.8,0-12,1,No,No,No,0,Yes,Mailed check,No,Yes,No,No,No,45.8,DSL,
29.35,8,No,,0,,Month-to-month,5133-VRSAB,No,No,Male,1,216.45,0-12,8,No,No,No,0,No,Mailed check,No,No,Yes,No,No phone service,29.35,DSL,
89.4,54,No,,0,,Month-to-month,5136-GFPMB,No,Yes,Male,1,4869.5,49-60,54,No,No,Yes,0,Yes,Credit card (automatic),No,No,No,No,Yes,89.4,Fiber optic,
71.05,31,No,,0,,Month-to-month,5136-RGMZO,No,No,Male,1,2168.15,25-36,31,Yes,Yes,No,0,Yes,Electronic check,No,Yes,No,Yes,Yes,71.05,DSL,
93,9,No,,0,,Month-to-month,5141-ZUVBH,Yes,Yes,Female,1,870.25,0-12,9,Yes,No,Yes,0,Yes,Bank transfer (automatic),No,No,Yes,No,No,93,Fiber optic,
19.95,4,No,,0,,Month-to-month,5144-PQCDZ,No,No,Male,1,59.25,0-12,4,No,No,No,0,Yes,Mailed check,No,Yes,No,No,No,19.95,No,
94.75,38,No,,0,,Month-to-month,5144-TVGLP,No,No,Male,1,3653,37-48,38,No,Yes,Yes,1,Yes,Electronic check,No,No,No,No,Yes,94.75,Fiber optic,
75.1,16,No,,0,,Month-to-month,5146-CBVOE,No,No,Female,1,1212.85,13-24,16,No,No,No,0,Yes,Bank transfer (automatic),No,No,No,Yes,No,75.1,Fiber optic,
94.85,3,No,,0,,Month-to-month,5150-ITWWB,No,No,Male,1,335.75,0-12,3,No,Yes,Yes,1,Yes,Electronic check,No,Yes,No,No,Yes,94.85,Fiber optic,
55.05,37,No,,0,,Month-to-month,5151-HQRDG,No,No,Male,1,2030.75,37-48,37,No,No,No,0,Yes,Mailed check,Yes,Yes,Yes,No,Yes,55.05,DSL,
85.35,34,No,,0,,Month-to-month,5153-RTHKF,No,No,Female,1,2896.6,25-36,34,No,Yes,No,0,Yes,Electronic check,No,No,No,No,Yes,85.35,Fiber optic,
49.9,28,No,,0,,Month-to-month,5155-AZQPB,Yes,No,Female,1,1410.25,25-36,28,No,No,No,0,Yes,Mailed check,Yes,No,No,No,Yes,49.9,DSL,
29.65,3,No,,0,,Month-to-month,5156-UMKOW,Yes,No,Female,1,90.05,0-12,3,No,No,No,0,No,Mailed check,No,No,No,Yes,No phone service,29.65,DSL,
94.75,8,No,,0,,Month-to-month,5168-MSWXT,Yes,Yes,Male,1,759.55,0-12,8,No,Yes,Yes,0,Yes,Electronic check,Yes,Yes,No,No,No,94.75,Fiber optic,
65.55,4,No,,0,,Month-to-month,5172-MIGPM,No,No,Male,1,237.2,0-12,4,Yes,No,Yes,0,Yes,Mailed check,No,No,No,No,Yes,65.55,DSL,
64.2,2,No,,0,,Month-to-month,5173-WXOQV,No,No,Male,1,143.65,0-12,2,Yes,No,Yes,0,Yes,Mailed check,Yes,Yes,No,Yes,No,64.2,DSL,
78.85,22,No,,0,,Month-to-month,5175-WLYXL,No,No,Male,1,1600.25,13-24,22,No,No,No,0,Yes,Mailed check,No,Yes,No,Yes,Yes,78.85,Fiber optic,
95.1,10,No,,0,,Month-to-month,5183-SNMJQ,No,No,Male,1,865.1,0-12,10,Yes,Yes,Yes,0,Yes,Credit card (automatic),No,Yes,No,No,No,95.1,Fiber optic,
69.5,9,No,,0,,Month-to-month,5186-EJEGL,No,Yes,Male,1,653.25,0-12,9,Yes,Yes,No,0,Yes,Mailed check,No,Yes,Yes,No,No,69.5,DSL,
19.25,35,No,,0,,Month-to-month,5186-PEIZU,No,No,Female,1,617.65,25-36,35,No,No,No,0,Yes,Bank transfer (automatic),No,No,No,No,No,19.25,No,
74,54,No,,0,,Month-to-month,5188-HGMLP,No,No,Male,1,3919.15,49-60,54,No,No,No,1,Yes,Bank transfer (automatic),Yes,No,No,No,Yes,74,Fiber optic,
74.3,25,No,,0,,Month-to-month,5201-FRKKS,No,No,Male,1,1952.25,25-36,25,No,No,No,0,Yes,Bank transfer (automatic),No,No,Yes,No,No,74.3,Fiber optic,
85.9,26,No,,0,,Month-to-month,5201-USSQZ,No,No,Female,1,2196.45,25-36,26,Yes,No,Yes,0,Yes,Credit card (automatic),Yes,No,No,No,No,85.9,Fiber optic,
55.5,17,No,,0,,Month-to-month,5206-HPJKM,No,No,Male,1,934.15,13-24,17,No,No,No,0,Yes,Credit card (automatic),No,Yes,Yes,Yes,No,55.5,DSL,
80.6,53,No,,0,,Month-to-month,5206-XZZQI,No,No,Male,1,4348.1,49-60,53,Yes,No,No,0,Yes,Mailed check,No,Yes,No,Yes,No,80.6,Fiber optic,
48.75,1,No,,0,,Month-to-month,5207-PLSTK,Yes,No,Male,1,48.75,0-12,1,No,No,No,0,Yes,Mailed check,Yes,Yes,Yes,No,No,48.75,DSL,
91,28,No,,0,,Month-to-month,5213-TWWJU,No,Yes,Male,1,2626.15,25-36,28,Yes,No,Yes,0,Yes,Electronic check,No,No,No,No,No,91,Fiber optic,
24.7,7,No,,0,,Month-to-month,5215-LNLDJ,Yes,No,Female,1,149.05,0-12,7,No,No,No,0,No,Electronic check,Yes,Yes,No,No,No phone service,24.7,DSL,
84.85,31,No,,0,,Month-to-month,5216-WASFJ,No,No,Female,1,2633.4,25-36,31,No,No,Yes,1,Yes,Electronic check,Yes,Yes,No,No,Yes,84.85,Fiber optic,
91.05,32,No,,0,,Month-to-month,5222-IMUKT,No,No,Male,1,2871.5,25-36,32,No,Yes,Yes,0,Yes,Electronic check,No,No,No,No,No,91.05,Fiber optic,
19,4,No,,0,,Month-to-month,5222-JCXZT,No,No,Male,1,78.9,0-12,4,No,No,No,0,Yes,Mailed check,No,No,No,No,No,19,No,
85.75,26,No,,0,,Month-to-month,5226-NOZFC,No,No,Male,1,2146.5,25-36,26,No,Yes,No,0,Yes,Electronic check,No,Yes,No,Yes,No,85.75,Fiber optic,
74.95,29,No,,0,,Month-to-month,5233-AOZUF,No,No,Female,1,2149.05,25-36,29,No,No,No,0,Yes,Electronic check,Yes,Yes,No,No,Yes,74.95,Fiber optic,
59.65,42,No,,0,,Month-to-month,5236-XMZJY,No,Yes,Female,1,2536.55,37-48,42,No,No,No,0,Yes,Bank transfer (automatic),No,No,Yes,Yes,No,59.65,DSL,
87.55,57,No,,0,,Month-to-month,5240-CAOYT,No,No,Female,1,4884.85,49-60,57,Yes,No,No,0,Yes,Bank transfer (automatic),No,Yes,Yes,Yes,Yes,87.55,Fiber optic,
79.85,54,No,,0,,Month-to-month,5243-SAOTC,No,No,Male,1,4308.25,49-60,54,No,No,No,0,Yes,Bank transfer (automatic),No,Yes,No,Yes,Yes,79.85,Fiber optic,
20.25,26,No,,0,,Month-to-month,5260-UMPWX,Yes,No,Female,1,493.95,25-36,26,No,No,No,0,Yes,Credit card (automatic),Yes,Yes,No,No,No,20.25,No,
79.15,11,No,,0,,Month-to-month,5271-DBYSJ,No,No,Male,1,827.7,0-12,11,No,No,Yes,1,Yes,Credit card (automatic),No,Yes,No,No,No,79.15,Fiber optic,
94.3,41,No,,0,,Month-to-month,5274-XHAKY,Yes,No,Female,1,3893.6,37-48,41,No,Yes,No,0,Yes,Bank transfer (automatic),Yes,Yes,Yes,Yes,Yes,94.3,Fiber optic,
78.5,11,No,,0,,Month-to-month,5288-AHOUP,No,No,Male,1,874.2,0-12,11,No,No,Yes,1,Yes,Electronic check,No,Yes,No,No,No,78.5,Fiber optic,
87.8,29,No,,0,,Month-to-month,5294-DMSFH,Yes,No,Female,1,2621.75,25-36,29,No,Yes,Yes,0,Yes,Credit card (automatic),Yes,Yes,No,No,No,87.8,Fiber optic,
95.5,35,No,,0,,Month-to-month,5302-BDJNT,No,Yes,Male,1,3418.2,25-36,35,Yes,Yes,No,0,Yes,Electronic check,No,No,No,No,Yes,95.5,Fiber optic,
48.7,53,No,,0,,Month-to-month,5307-UVGNB,Yes,Yes,Female,1,2495.2,49-60,53,No,No,Yes,0,No,Bank transfer (automatic),Yes,Yes,Yes,Yes,No phone service,48.7,DSL,
62.8,7,No,,0,,Month-to-month,5309-TAIKL,No,Yes,Female,1,418.3,0-12,7,Yes,No,Yes,0,Yes,Bank transfer (automatic),No,No,No,No,No,62.8,DSL,
50.95,12,No,,0,,Month-to-month,5311-IHLEI,No,No,Male,1,605.75,0-12,12,Yes,Yes,No,0,No,Bank transfer (automatic),No,Yes,Yes,Yes,No phone service,50.95,DSL,
98.05,41,No,,0,,Month-to-month,5312-UXESG,No,Yes,Female,1,3990.6,37-48,41,No,Yes,Yes,0,Yes,Bank transfer (automatic),No,No,No,No,Yes,98.05,Fiber optic,
90.55,31,No,,0,,Month-to-month,5325-UWTWJ,No,No,Male,1,2929.75,25-36,31,Yes,No,No,0,Yes,Credit card (automatic),Yes,Yes,Yes,Yes,Yes,90.55,Fiber optic,
99.05,54,No,,0,,Month-to-month,5331-RGMTT,No,Yes,Male,1,5295.7,49-60,54,No,Yes,Yes,1,Yes,Credit card (automatic),Yes,Yes,No,No,Yes,99.05,Fiber optic,
94.1,60,No,,0,,Month-to-month,5334-JLAXU,No,No,Female,1,5475.9,49-60,60,No,No,Yes,0,Yes,Credit card (automatic),Yes,Yes,Yes,Yes,Yes,94.1,Fiber optic,
44.85,34,No,,0,,Month-to-month,5337-IIWKZ,Yes,Yes,Male,1,1442.6,25-36,34,Yes,Yes,No,0,No,Electronic check,Yes,Yes,No,No,No phone service,44.85,DSL,
90.65,4,No,,0,,Month-to-month,5339-PXDVH,No,No,Male,1,367.95,0-12,4,No,Yes,No,0,Yes,Electronic check,No,No,Yes,No,Yes,90.65,Fiber optic,
105.5,62,No,,0,,Month-to-month,5339-TJFEK,Yes,No,Male,1,6487.2,61+,62,No,Yes,Yes,0,Yes,Electronic check,Yes,Yes,Yes,Yes,Yes,105.5,Fiber optic,
20.25,8,No,,0,,Month-to-month,5345-BMKWB,No,No,Male,1,158.35,0-12,8,No,No,No,0,Yes,Mailed check,Yes,No,No,No,No,20.25,No,
89.55,12,No,,0,,Month-to-month,5348-CAGXB,No,Yes,Male,1,1021.75,0-12,12,No,Yes,No,0,Yes,Electronic check,No,Yes,No,No,Yes,89.55,Fiber optic,
25.05,5,No,,0,,Month-to-month,5349-AZPEW,Yes,No,Female,1,125.5,0-12,5,No,No,No,0,No,Mailed check,Yes,No,No,No,No phone service,25.05,DSL,
24.2,1,No,,0,,Month-to-month,5351-QESIO,Yes,No,Male,1,24.2,0-12,1,No,No,No,0,No,Mailed check,No,No,No,No,No phone service,24.2,DSL,
56.05,28,No,,0,,Month-to-month,5353-WILCI,No,No,Female,1,1522.65,25-36,28,No,No,No,0,Yes,Electronic check,No,No,Yes,Yes,No,56.05,DSL,
64.6,3,No,,0,,Month-to-month,5356-CSVSQ,No,No,Female,1,174.2,0-12,3,Yes,Yes,No,0,Yes,Electronic check,No,No,No,No,Yes,64.6,DSL,
45.85,2,No,,0,,Month-to-month,5365-LLFYV,No,No,Female,1,105.6,0-12,2,No,No,No,0,Yes,Mailed check,No,Yes,No,No,No,45.85,DSL,
50.3,18,No,,0,,Month-to-month,5366-OBVMR,No,No,Female,1,908.75,13-24,18,Yes,No,No,0,Yes,Mailed check,Yes,Yes,No,No,No,50.3,DSL,
83.4,50,No,,0,,Month-to-month,5371-VYLSX,No,No,Female,1,4113.7,49-60,50,No,No,No,1,Yes,Electronic check,No,Yes,Yes,Yes,Yes,83.4,Fiber optic,
20.75,21,No,,0,,Month-to-month,5372-FBKBN,Yes,No,Female,1,452.2,13-24,21,No,No,No,0,Yes,Mailed check,No,No,No,No,No,20.75,No,
95.1,22,No,,0,,Month-to-month,5382-SOYZL,No,No,Male,1,2162.6,13-24,22,No,Yes,Yes,0,Yes,Electronic check,No,Yes,No,No,Yes,95.1,Fiber optic,
50.9,45,No,,0,,Month-to-month,5382-TEMLV,No,No,Male,1,2298.55,37-48,45,No,No,No,0,Yes,Bank transfer (automatic),No,Yes,Yes,No,No,50.9,DSL,
19.8,15,No,,0,,Month-to-month,5384-ZTTWP,Yes,No,Female,1,272.95,13-24,15,No,No,No,0,Yes,Mailed check,Yes,No,No,No,No,19.8,No,
45.05,12,No,,0,,Month-to-month,5392-AKEMH,No,No,Female,1,523.1,0-12,12,No,No,No,0,Yes,Electronic check,No,Yes,No,No,No,45.05,DSL,
76.3,32,No,,0,,Month-to-month,5393-HJZSM,Yes,Yes,Female,1,2404.15,25-36,32,Yes,No,Yes,0,Yes,Bank transfer (automatic),Yes,No,Yes,Yes,No,76.3,DSL,
19.7,9,No,,0,,Month-to-month,5396-IZEPB,No,No,Male,1,180.7,0-12,9,No,No,No,0,Yes,Credit card (automatic),No,No,No,No,No,19.7,No,
74.65,5,No,,0,,Month-to-month,5399-ZIMKF,No,No,Male,1,383.65,0-12,5,No,No,No,0,Yes,Electronic check,No,Yes,No,Yes,No,74.65,Fiber optic,
55.3,16,No,,0,,Month-to-month,5402-HTOTQ,No,No,Male,1,875.35,13-24,16,No,No,No,0,Yes,Electronic check,No,No,No,Yes,Yes,55.3,DSL,
51.35,5,No,,0,,Month-to-month,5404-GGUKR,No,No,Male,1,262.3,0-12,5,No,No,No,0,Yes,Electronic check,No,Yes,No,Yes,No,51.35,DSL,
74.6,8,No,,0,,Month-to-month,5405-ZMYXQ,No,No,Female,1,548.9,0-12,8,No,No,No,0,Yes,Credit card (automatic),No,Yes,No,No,Yes,74.6,Fiber optic,
77.9,30,No,,0,,Month-to-month,5419-JKZNQ,No,No,Male,1,2351.45,25-36,30,No,No,No,1,Yes,Mailed check,Yes,No,No,No,Yes,77.9,Fiber optic,
54.2,32,No,,0,,Month-to-month,5423-BHIXO,No,No,Female,1,1739.6,25-36,32,No,No,No,0,Yes,Electronic check,No,Yes,No,Yes,Yes,54.2,DSL,
59.65,10,No,,0,,Month-to-month,5424-RLQLC,No,No,Male,1,638.95,0-12,10,No,Yes,No,0,Yes,Mailed check,No,Yes,No,Yes,No,59.65,DSL,
89.15,12,No,,0,,Month-to-month,5429-LWCMV,No,No,Female,1,1057.55,0-12,12,No,No,Yes,0,Yes,Electronic check,No,Yes,No,Yes,Yes,89.15,Fiber optic,
86,14,No,,0,,Month-to-month,5433-KYGHE,Yes,No,Female,1,1164.05,13-24,14,Yes,No,No,0,Yes,Mailed check,No,Yes,Yes,No,Yes,86,Fiber optic,
59.8,19,No,,0,,Month-to-month,5438-QMDDL,No,No,Female,1,1130.85,13-24,19,No,No,Yes,0,Yes,Mailed check,Yes,Yes,No,Yes,No,59.8,DSL,
94.55,41,No,,0,,Month-to-month,5439-WIKXB,No,No,Male,1,3851.45,37-48,41,No,Yes,Yes,1,Yes,Electronic check,Yes,Yes,No,Yes,No,94.55,Fiber optic,
70.35,2,No,,0,,Month-to-month,5442-BHQNG,No,No,Female,1,139.25,0-12,2,No,No,No,0,Yes,Electronic check,No,No,No,No,No,70.35,Fiber optic,
24.25,33,No,,0,,Month-to-month,5442-BXVND,Yes,No,Female,1,838.5,25-36,33,No,No,No,0,Yes,Bank transfer (automatic),Yes,No,No,No,Yes,24.25,No,
49.8,22,No,,0,,Month-to-month,5445-GLVOT,No,No,Female,1,1049.05,13-24,22,No,No,No,0,Yes,Electronic check,No,Yes,Yes,No,No,49.8,DSL,
53.45,27,No,,0,,Month-to-month,5447-VYTKW,No,No,Male,1,1461.45,25-36,27,Yes,No,No,0,Yes,Mailed check,No,No,Yes,No,No,53.45,DSL,
75.9,19,No,,0,,Month-to-month,5448-VWNAM,Yes,No,Female,1,1375.6,13-24,19,Yes,Yes,No,0,Yes,Mailed check,No,Yes,Yes,Yes,Yes,75.9,DSL,
80.5,17,No,,0,,Month-to-month,5453-AXEPF,No,No,Male,1,1336.9,13-24,17,No,No,No,0,Yes,Bank transfer (automatic),Yes,Yes,No,Yes,Yes,80.5,Fiber optic,
94.3,43,No,,0,,Month-to-month,5461-QKNTN,No,No,Male,1,3953.15,37-48,43,Yes,Yes,No,1,Yes,Electronic check,Yes,Yes,No,Yes,Yes,94.3,Fiber optic,
19.6,46,No,,0,,Month-to-month,5468-BPMMO,No,No,Male,1,851.2,37-48,46,No,No,No,0,Yes,Electronic check,Yes,No,No,No,No,19.6,No,
60.9,33,No,,0,,Month-to-month,5478-JJVZK,No,No,Female,1,2033.85,25-36,33,No,No,No,0,Yes,Mailed check,No,Yes,Yes,Yes,Yes,60.9,DSL,
93.2,22,No,,0,,Month-to-month,5482-VXSXJ,No,No,Male,1,2157.3,13-24,22,No,Yes,Yes,0,Yes,Mailed check,No,Yes,No,Yes,No,93.2,Fiber optic,
55.25,1,No,,0,,Month-to-month,5501-TVMGM,No,No,Male,1,55.25,0-12,1,No,No,Yes,0,Yes,Electronic check,No,Yes,No,No,No,55.25,DSL,
54.75,8,No,,0,,Month-to-month,5515-RUGKN,No,No,Male,1,438.05,0-12,8,No,No,Yes,0,Yes,Credit card (automatic),No,Yes,No,No,No,54.75,DSL,
44,1,No,,0,,Month-to-month,5522-JBWMO,Yes,No,Male,1,44,0-12,1,No,No,No,0,Yes,Electronic check,No,No,No,No,No,44,DSL,
85.9,25,No,,0,,Month-to-month,5522-NYKPB,Yes,No,Male,1,2199.05,25-36,25,Yes,Yes,No,0,Yes,Electronic check,Yes,No,No,No,No,85.9,Fiber optic,
70.5,11,No,,0,,Month-to-month,5527-ACHSO,No,No,Female,1,829.3,0-12,11,Yes,Yes,Yes,0,Yes,Mailed check,No,No,No,No,No,70.5,DSL,
44.4,7,No,,0,,Month-to-month,5533-NHFRF,No,No,Male,1,265.8,0-12,7,Yes,No,Yes,1,No,Electronic check,No,Yes,No,Yes,No phone service,44.4,DSL,
30.2,49,No,,0,,Month-to-month,5533-RJFTJ,No,Yes,Male,1,1453.1,49-60,49,No,No,No,0,No,Bank transfer (automatic),No,Yes,No,No,No phone service,30.2,DSL,
19.25,20,No,,0,,Month-to-month,5537-UXXVS,No,No,Female,1,375.25,13-24,20,No,No,No,0,Yes,Bank transfer (automatic),Yes,No,No,No,No,19.25,No,
25.7,28,No,,0,,Month-to-month,5539-HIVAK,No,No,Female,1,734.6,25-36,28,No,No,No,1,Yes,Mailed check,Yes,No,No,No,Yes,25.7,No,
54.7,4,No,,0,,Month-to-month,5542-DHSXL,No,No,Female,1,235.05,0-12,4,No,No,No,0,Yes,Mailed check,Yes,No,Yes,Yes,No,54.7,DSL,
69.9,1,No,,0,,Month-to-month,5542-TBBWB,No,No,Male,1,69.9,0-12,1,No,No,No,0,Yes,Electronic check,No,Yes,No,No,No,69.9,Fiber optic,
56.4,4,No,,0,,Month-to-month,5543-QDCRY,No,No,Male,1,234.85,0-12,4,No,Yes,No,0,Yes,Electronic check,No,Yes,No,No,No,56.4,DSL,
20.45,41,No,,0,,Month-to-month,5546-BYZSM,No,No,Female,1,775.6,37-48,41,No,No,No,0,Yes,Electronic check,No,No,No,No,No,20.45,No,
24.8,10,No,,0,,Month-to-month,5555-RNPGT,Yes,No,Male,1,223.9,0-12,10,No,No,No,0,Yes,Credit card (automatic),No,No,No,No,Yes,24.8,No,
20.35,2,No,,0,,Month-to-month,5562-YJQGT,No,No,Female,1,35.1,0-12,2,No,No,No,0,Yes,Credit card (automatic),No,No,No,No,No,20.35,No,
65.45,8,No,,0,,Month-to-month,5568-DMXZS,No,No,Female,1,554.45,0-12,8,Yes,Yes,No,0,Yes,Electronic check,No,Yes,No,Yes,No,65.45,DSL,
89.15,46,No,,0,,Month-to-month,5575-TPIZQ,No,No,Male,1,4245.55,37-48,46,No,Yes,No,0,Yes,Credit card (automatic),No,Yes,Yes,No,Yes,89.15,Fiber optic,
54.65,8,No,,0,,Month-to-month,5590-ZSKRV,Yes,No,Female,1,482.25,0-12,8,No,No,No,0,Yes,Mailed check,Yes,No,Yes,Yes,No,54.65,DSL,
80.35,14,No,,0,,Month-to-month,5599-HVLTW,No,Yes,Female,1,1058.1,13-24,14,No,No,No,1,Yes,Bank transfer (automatic),No,Yes,No,No,Yes,80.35,Fiber optic,
69.95,2,No,,0,,Month-to-month,5600-KTXFM,Yes,No,Male,1,143.9,0-12,2,No,No,No,0,Yes,Mailed check,Yes,No,No,No,No,69.95,Fiber optic,
49.5,6,No,,0,,Month-to-month,5600-PDUJF,No,No,Male,1,312.7,0-12,6,Yes,No,No,0,Yes,Credit card (automatic),No,Yes,No,No,No,49.5,DSL,
69.85,7,No,,0,,Month-to-month,5605-IYGFG,No,No,Female,1,515.45,0-12,7,No,No,No,0,Yes,Bank transfer (automatic),No,Yes,No,No,No,69.85,Fiber optic,
78.15,10,No,,0,,Month-to-month,5606-AMZBO,No,No,Female,1,765.15,0-12,10,No,No,No,0,Yes,Credit card (automatic),Yes,Yes,Yes,No,Yes,78.15,Fiber optic,
84.35,15,No,,0,,Month-to-month,5609-IMCGG,No,Yes,Female,1,1302.65,13-24,15,No,No,No,0,Yes,Credit card (automatic),No,Yes,Yes,No,Yes,84.35,Fiber optic,
53.1,46,No,,0,,Month-to-month,5619-PTMIK,No,No,Female,1,2459.8,37-48,46,No,No,No,0,Yes,Electronic check,Yes,No,Yes,No,Yes,53.1,DSL,
19.5,9,No,,0,,Month-to-month,5624-RYAMH,No,No,Female,1,178.85,0-12,9,No,No,No,0,Yes,Electronic check,No,Yes,No,No,No,19.5,No,
89.1,20,No,,0,,Month-to-month,5626-MGTUK,No,No,Female,1,1879.25,13-24,20,No,Yes,No,0,Yes,Bank transfer (automatic),No,Yes,Yes,No,Yes,89.1,Fiber optic,
84.1,21,No,,0,,Month-to-month,5628-FCGYG,No,No,Male,1,1737.45,13-24,21,No,No,Yes,0,Yes,Electronic check,No,Yes,No,No,Yes,84.1,Fiber optic,
101.55,49,No,,0,,Month-to-month,5628-RKIFK,No,No,Female,1,5070.4,49-60,49,No,Yes,Yes,1,Yes,Credit card (automatic),No,No,Yes,No,Yes,101.55,Fiber optic,
64.5,3,No,,0,,Month-to-month,5630-AHZIL,Yes,No,Female,1,177.4,0-12,3,Yes,No,Yes,0,Yes,Bank transfer (automatic),No,Yes,Yes,No,No,64.5,DSL,
106.35,47,No,,0,,Month-to-month,5630-IXDXV,No,Yes,Female,1,4849.1,37-48,47,No,Yes,Yes,0,Yes,Electronic check,No,Yes,No,Yes,Yes,106.35,Fiber optic,
52.1,13,No,,0,,Month-to-month,5639-NTUPK,Yes,No,Male,1,670.65,13-24,13,No,No,No,0,Yes,Credit card (automatic),No,Yes,Yes,No,No,52.1,DSL,
105.9,60,No,,0,,Month-to-month,5647-FXOTP,No,Yes,Female,1,6401.25,49-60,60,No,Yes,Yes,1,Yes,Electronic check,Yes,Yes,No,Yes,Yes,105.9,Fiber optic,
99,51,No,,0,,Month-to-month,5649-RXQTV,No,Yes,Male,1,5038.15,49-60,51,No,Yes,Yes,0,Yes,Electronic check,No,Yes,No,Yes,No,99,Fiber optic,
81.15,31,No,,0,,Month-to-month,5650-YLIBA,No,No,Male,1,2640.55,25-36,31,No,No,No,0,Yes,Electronic check,No,Yes,No,Yes,Yes,81.15,Fiber optic,
46,10,No,,0,,Month-to-month,5651-CPDND,No,No,Male,1,492.1,0-12,10,No,No,No,0,Yes,Mailed check,No,No,No,No,No,46,DSL,
49.85,18,No,,0,,Month-to-month,5651-WYIPH,No,No,Female,1,865.75,13-24,18,No,No,No,1,Yes,Credit card (automatic),No,Yes,No,Yes,No,49.85,DSL,
86.1,32,No,,0,,Month-to-month,5651-YLPRD,Yes,No,Female,1,2723.75,25-36,32,No,Yes,No,0,Yes,Electronic check,Yes,Yes,No,Yes,No,86.1,Fiber optic,
75.75,10,No,,0,,Month-to-month,5652-MSDEY,No,No,Female,1,777.3,0-12,10,No,No,No,0,Yes,Mailed check,No,Yes,No,No,Yes,75.75,Fiber optic,
89.55,24,No,,0,,Month-to-month,5666-CYCYZ,No,No,Female,1,2259.35,13-24,24,Yes,No,Yes,0,Yes,Electronic check,No,Yes,No,No,Yes,89.55,Fiber optic,
90.7,31,No,,0,,Month-to-month,5692-ICXLW,No,No,Male,1,2845.15,25-36,31,No,Yes,No,1,Yes,Electronic check,No,Yes,No,Yes,Yes,90.7,Fiber optic,
35.9,28,No,,0,,Month-to-month,5697-GOMBF,Yes,No,Female,1,973.65,25-36,28,No,Yes,No,1,No,Electronic check,Yes,Yes,No,No,No phone service,35.9,DSL,
24,1,No,,0,,Month-to-month,5701-SVCWR,Yes,No,Female,1,24,0-12,1,No,No,No,0,Yes,Mailed check,No,No,No,No,Yes,24,No,
82.9,11,No,,0,,Month-to-month,5701-YVSVF,No,No,Female,1,880.05,0-12,11,Yes,Yes,No,1,Yes,Electronic check,Yes,Yes,No,No,No,82.9,Fiber optic,
50.55,13,No,,0,,Month-to-month,5701-ZIKJE,No,No,Male,1,610.75,13-24,13,Yes,No,No,0,Yes,Mailed check,No,Yes,No,No,No,50.55,DSL,
19.6,4,No,,0,,Month-to-month,5702-SKUOB,No,No,Female,1,93.45,0-12,4,No,No,No,0,Yes,Mailed check,Yes,No,No,No,No,19.6,No,
91.65,43,No,,0,,Month-to-month,5712-AHQNN,No,Yes,Female,1,3954.1,37-48,43,No,Yes,No,0,Yes,Electronic check,No,Yes,No,Yes,No,91.65,Fiber optic,
20.15,4,No,,0,,Month-to-month,5712-VBOXD,No,No,Female,1,68.45,0-12,4,No,No,No,0,Yes,Credit card (automatic),No,Yes,No,No,No,20.15,No,
33.45,43,No,,0,,Month-to-month,5730-RIITO,No,No,Female,1,1500.25,37-48,43,No,No,No,1,No,Credit card (automatic),No,Yes,Yes,Yes,No phone service,33.45,DSL,
97.55,70,No,,0,,Month-to-month,5740-YHGTW,Yes,No,Male,1,6669.05,61+,70,No,Yes,No,0,Yes,Credit card (automatic),Yes,Yes,Yes,Yes,Yes,97.55,Fiber optic,
78.95,6,No,,0,,Month-to-month,5760-FXFVO,No,No,Male,1,494.95,0-12,6,No,No,No,0,Yes,Electronic check,No,Yes,Yes,Yes,No,78.95,Fiber optic,
107.95,3,No,,0,,Month-to-month,5760-IFJOZ,No,Yes,Male,1,313.6,0-12,3,No,Yes,Yes,0,Yes,Mailed check,No,No,No,Yes,Yes,107.95,Fiber optic,
69.75,22,No,,0,,Month-to-month,5760-WRAHC,No,Yes,Female,1,1545.4,13-24,22,Yes,No,Yes,1,Yes,Mailed check,No,Yes,Yes,No,No,69.75,DSL,
20.45,7,No,,0,,Month-to-month,5774-XZTQC,Yes,No,Female,1,150.75,0-12,7,No,No,No,0,Yes,Mailed check,Yes,No,No,No,No,20.45,No,
59.5,9,No,,0,,Month-to-month,5778-BVOFB,No,No,Female,1,530.05,0-12,9,Yes,Yes,No,0,Yes,Bank transfer (automatic),No,Yes,No,No,No,59.5,DSL,
49.4,8,No,,0,,Month-to-month,5780-INQIK,No,No,Female,1,408.25,0-12,8,Yes,No,No,0,Yes,Electronic check,No,No,No,No,No,49.4,DSL,
106.05,70,No,,0,,Month-to-month,5804-HYIEZ,Yes,No,Male,1,7554.05,61+,70,No,Yes,Yes,0,Yes,Electronic check,Yes,Yes,Yes,Yes,Yes,106.05,Fiber optic,
100.3,37,No,,0,,Month-to-month,5816-QVHRX,No,No,Female,1,3541.4,37-48,37,Yes,Yes,Yes,0,Yes,Credit card (automatic),No,No,No,No,Yes,100.3,Fiber optic,
51.3,7,No,,0,,Month-to-month,5816-SCGFC,No,No,Female,1,419.35,0-12,7,No,No,No,1,Yes,Mailed check,No,Yes,No,Yes,No,51.3,DSL,
96.95,56,No,,0,,Month-to-month,5827-MWCZK,Yes,No,Male,1,5432.2,49-60,56,Yes,Yes,No,0,Yes,Credit card (automatic),Yes,Yes,No,Yes,Yes,96.95,Fiber optic,
89.1,62,No,,0,,Month-to-month,5828-DWPIL,No,Yes,Male,1,5618.3,61+,62,No,No,No,1,Yes,Electronic check,Yes,Yes,Yes,Yes,Yes,89.1,Fiber optic,
60.2,29,No,,0,,Month-to-month,5832-EXGTT,Yes,No,Male,1,1834.15,25-36,29,No,No,Yes,0,Yes,Mailed check,Yes,Yes,Yes,No,No,60.2,DSL,
74.55,16,No,,0,,Month-to-month,5839-SUYVZ,No,No,Male,1,1170.5,13-24,16,Yes,No,No,0,Yes,Credit card (automatic),No,Yes,No,No,No,74.55,Fiber optic,
50,18,No,,0,,Month-to-month,5843-TTHGI,No,Yes,Female,1,892.7,13-24,18,No,No,No,0,Yes,Mailed check,No,Yes,No,No,No,50,DSL,
88.6,33,No,,0,,Month-to-month,5846-QFDFI,Yes,Yes,Female,1,2888.7,25-36,33,Yes,No,No,0,Yes,Credit card (automatic),Yes,No,No,Yes,Yes,88.6,Fiber optic,
20.2,6,No,,0,,Month-to-month,5850-BDWCY,No,No,Female,1,123.65,0-12,6,No,No,No,0,Yes,Mailed check,No,No,No,No,No,20.2,No,
89.2,44,No,,0,,Month-to-month,5857-TYBCJ,No,Yes,Male,1,4040.2,37-48,44,No,Yes,No,1,Yes,Electronic check,Yes,Yes,No,No,Yes,89.2,Fiber optic,
44.45,1,No,,0,,Month-to-month,5858-EAFCZ,No,No,Male,1,44.45,0-12,1,No,No,No,0,Yes,Mailed check,No,No,No,No,No,44.45,DSL,
18.85,10,No,,0,,Month-to-month,5863-OOKCL,No,No,Female,1,163.2,0-12,10,No,No,No,0,Yes,Mailed check,No,No,No,No,No,18.85,No,
20.25,1,No,,0,,Month-to-month,5868-YTYKS,Yes,No,Male,1,20.25,0-12,1,No,No,No,0,Yes,Mailed check,No,Yes,No,No,No,20.25,No,
75.25,11,No,,0,,Month-to-month,5879-SESNB,No,No,Female,1,888.65,0-12,11,No,No,No,0,Yes,Electronic check,No,No,No,No,Yes,75.25,Fiber optic,
34.25,5,No,,0,,Month-to-month,5882-CMAZQ,Yes,No,Female,1,163.55,0-12,5,Yes,No,No,0,No,Electronic check,Yes,No,No,Yes,No phone service,34.25,DSL,
89.85,35,No,,0,,Month-to-month,5886-VLQVU,No,No,Male,1,3161.2,25-36,35,Yes,No,Yes,0,Yes,Bank transfer (automatic),Yes,Yes,No,No,Yes,89.85,Fiber optic,
70.05,9,No,,0,,Month-to-month,5895-QSXOD,No,No,Male,1,657.5,0-12,9,No,No,No,0,Yes,Mailed check,No,No,No,No,No,70.05,Fiber optic,
89.3,31,No,,0,,Month-to-month,5898-IGSLP,Yes,Yes,Male,1,2823,25-36,31,Yes,No,No,0,Yes,Electronic check,Yes,No,Yes,No,Yes,89.3,Fiber optic,
94.5,31,No,,0,,Month-to-month,5899-OUVKV,No,No,Male,1,2979.2,25-36,31,No,Yes,Yes,0,Yes,Electronic check,No,Yes,No,Yes,No,94.5,Fiber optic,
19.5,1,No,,0,,Month-to-month,5906-BFOZT,No,No,Male,1,19.5,0-12,1,No,No,No,0,Yes,Mailed check,No,Yes,No,No,No,19.5,No,
69,2,No,,0,,Month-to-month,5916-QEWPT,No,Yes,Female,1,147.8,0-12,2,No,Yes,Yes,0,Yes,Credit card (automatic),Yes,No,No,No,No,69,DSL,
19.35,37,No,,0,,Month-to-month,5917-HBSDW,Yes,No,Female,1,683.75,37-48,37,No,No,No,0,Yes,Electronic check,Yes,No,No,No,No,19.35,No,
20.05,2,No,,0,,Month-to-month,5919-VCZYM,No,No,Male,1,42.7,0-12,2,No,No,No,0,Yes,Mailed check,No,No,No,No,No,20.05,No,
73.55,64,No,,0,,Month-to-month,5921-NGYRH,No,No,Male,1,4764,61+,64,No,No,No,0,Yes,Mailed check,Yes,Yes,Yes,No,No,73.55,Fiber optic,
72.8,13,No,,0,,Month-to-month,5924-IFQTT,Yes,Yes,Male,1,930.05,13-24,13,Yes,Yes,No,0,Yes,Electronic check,Yes,Yes,No,Yes,Yes,72.8,DSL,
76.25,9,No,,0,,Month-to-month,5928-QLDHB,No,No,Male,1,684.85,0-12,9,No,No,No,0,Yes,Electronic check,No,Yes,No,No,Yes,76.25,Fiber optic,
84.75,22,No,,0,,Month-to-month,5934-RMPOV,Yes,No,Female,1,1816.75,13-24,22,No,No,Yes,0,Yes,Electronic check,No,Yes,No,No,Yes,84.75,Fiber optic,
75.3,23,No,,0,,Month-to-month,5934-TSSAU,Yes,Yes,Female,1,1702.9,13-24,23,No,No,No,0,Yes,Credit card (automatic),Yes,Yes,No,No,No,75.3,Fiber optic,
94.2,17,No,,0,,Month-to-month,5935-FCCNB,No,No,Female,1,1608.15,13-24,17,No,Yes,Yes,1,Yes,Electronic check,No,Yes,No,No,Yes,94.2,Fiber optic,
96.5,15,No,,0,,Month-to-month,5937-EORGB,No,Yes,Male,1,1392.25,13-24,15,No,Yes,No,1,Yes,Electronic check,Yes,Yes,Yes,No,Yes,96.5,Fiber optic,
56.1,19,No,,0,,Month-to-month,5939-XAIXZ,No,Yes,Female,1,1033.9,13-24,19,No,No,No,0,Yes,Mailed check,No,Yes,No,No,Yes,56.1,DSL,
105.35,15,No,,0,,Month-to-month,5947-SGKCL,Yes,Yes,Female,1,1559.25,13-24,15,No,Yes,Yes,0,Yes,Bank transfer (automatic),Yes,Yes,No,Yes,Yes,105.35,Fiber optic,
49.25,2,No,,0,,Month-to-month,5948-UJZLF,No,No,Male,1,97,0-12,2,No,No,No,0,Yes,Mailed check,No,No,No,Yes,No,49.25,DSL,
73.05,26,No,,0,,Month-to-month,5949-HGVJL,No,No,Female,1,1959.5,25-36,26,Yes,Yes,Yes,0,Yes,Electronic check,Yes,Yes,No,Yes,No,73.05,DSL,
84.3,18,No,,0,,Month-to-month,5950-AAAGJ,No,No,Male,1,1537.9,13-24,18,No,Yes,No,0,Yes,Bank transfer (automatic),No,No,No,No,Yes,84.3,Fiber optic,
66.4,33,No,,0,,Month-to-month,5951-AOFIH,No,Yes,Male,1,2245.4,25-36,33,No,Yes,No,0,Yes,Credit card (automatic),No,Yes,No,Yes,No,66.4,DSL,
20.95,6,No,,0,,Month-to-month,5955-EPOAZ,No,No,Female,1,109.5,0-12,6,No,No,No,0,Yes,Mailed check,No,Yes,No,No,No,20.95,No,
104.35,21,No,,0,,Month-to-month,5956-YHHRX,No,Yes,Male,1,2271.85,13-24,21,No,Yes,Yes,1,Yes,Electronic check,No,Yes,No,Yes,Yes,104.35,Fiber optic,
29.75,3,No,,0,,Month-to-month,5960-MVTUK,No,No,Male,1,96.85,0-12,3,Yes,No,No,0,No,Electronic check,No,Yes,No,No,No phone service,29.75,DSL,
46.6,2,No,,0,,Month-to-month,5968-VXZLG,No,No,Male,1,87.9,0-12,2,No,No,No,0,Yes,Bank transfer (automatic),No,Yes,No,No,No,46.6,DSL,
87.35,51,No,,0,,Month-to-month,5973-EJGDP,No,Yes,Male,1,4473,49-60,51,Yes,No,No,0,Yes,Electronic check,No,Yes,No,Yes,Yes,87.35,Fiber optic,
92.55,43,No,,0,,Month-to-month,5977-CKHON,Yes,Yes,Female,1,4039,37-48,43,No,No,Yes,0,Yes,Bank transfer (automatic),Yes,Yes,No,No,Yes,92.55,Fiber optic,
95.15,37,No,,0,,Month-to-month,5982-FPVQN,Yes,Yes,Female,1,3532.85,37-48,37,No,No,Yes,0,Yes,Electronic check,Yes,Yes,No,Yes,Yes,95.15,Fiber optic,
86.25,16,No,,0,,Month-to-month,5989-PGKJB,No,No,Female,1,1340.1,13-24,16,No,No,Yes,0,Yes,Electronic check,No,Yes,No,Yes,No,86.25,Fiber optic,
104.45,23,No,,0,,Month-to-month,5995-SNNEW,No,Yes,Male,1,2184.85,13-24,23,No,Yes,Yes,1,Yes,Electronic check,Yes,Yes,No,Yes,Yes,104.45,Fiber optic,
20.45,1,No,,0,,Month-to-month,5996-DAOQL,No,No,Male,1,20.45,0-12,1,No,No,No,0,Yes,Mailed check,No,Yes,No,No,No,20.45,No,
29.9,1,No,,0,,Month-to-month,5999-LCXAO,No,No,Female,1,29.9,0-12,1,No,No,No,0,No,Mailed check,No,No,Yes,No,No phone service,29.9,DSL,
20.65,34,No,,0,,Month-to-month,6016-LVTJQ,Yes,No,Female,1,716.4,25-36,34,No,No,No,0,Yes,Mailed check,Yes,No,No,No,No,20.65,No,
29.05,2,No,,0,,Month-to-month,6022-KOUQO,Yes,No,Female,1,44.75,0-12,2,Yes,No,No,0,No,Bank transfer (automatic),Yes,No,No,No,No phone service,29.05,DSL,
25.65,17,No,,0,,Month-to-month,6029-CSMJE,No,No,Male,1,440.2,13-24,17,No,No,No,0,No,Mailed check,No,Yes,No,No,No phone service,25.65,DSL,
110.85,28,No,,0,,Month-to-month,6030-REHUX,No,Yes,Female,1,3204.4,25-36,28,Yes,Yes,Yes,1,Yes,Electronic check,Yes,Yes,No,Yes,Yes,110.85,Fiber optic,
75.65,5,No,,0,,Month-to-month,6034-YMTOB,No,No,Female,1,399.45,0-12,5,Yes,No,No,0,Yes,Mailed check,No,Yes,No,No,No,75.65,Fiber optic,
54.65,32,No,,0,,Month-to-month,6035-BXTTY,No,No,Female,1,1830.1,25-36,32,Yes,No,No,1,Yes,Bank transfer (automatic),No,No,No,Yes,No,54.65,DSL,
19.6,16,No,,0,,Month-to-month,6036-TTFYU,No,No,Female,1,314.45,13-24,16,No,No,No,0,Yes,Mailed check,Yes,No,No,No,No,19.6,No,
19.6,15,No,,0,,Month-to-month,6040-CGACY,No,No,Female,1,299.4,13-24,15,No,No,No,0,Yes,Mailed check,No,No,No,No,No,19.6,No,
56.55,2,No,,0,,Month-to-month,6048-QBXKL,No,No,Female,1,118.25,0-12,2,No,No,No,1,Yes,Credit card (automatic),No,Yes,No,Yes,Yes,56.55,DSL,
111.05,65,No,,0,,Month-to-month,6067-NGCEU,No,Yes,Female,1,7107,61+,65,No,Yes,Yes,0,Yes,Credit card (automatic),No,Yes,Yes,Yes,Yes,111.05,Fiber optic,
49.75,52,No,,0,,Month-to-month,6075-QMNRR,No,No,Female,1,2535.55,49-60,52,No,No,No,0,Yes,Bank transfer (automatic),No,Yes,Yes,No,No,49.75,DSL,
95.1,38,No,,0,,Month-to-month,6075-SLNIL,No,Yes,Male,1,3691.2,37-48,38,No,No,Yes,0,Yes,Credit card (automatic),No,Yes,No,Yes,Yes,95.1,Fiber optic,
70.15,3,No,,0,,Month-to-month,6077-BDPXA,No,No,Female,1,194.2,0-12,3,No,No,No,0,Yes,Electronic check,No,Yes,No,No,No,70.15,Fiber optic,
70.45,13,No,,0,,Month-to-month,6078-VESFR,No,No,Male,1,849.1,13-24,13,No,No,No,1,Yes,Bank transfer (automatic),Yes,No,No,No,No,70.45,Fiber optic,
81.2,40,No,,0,,Month-to-month,6080-TCMYC,Yes,Yes,Male,1,3292.3,37-48,40,No,No,No,0,Yes,Electronic check,Yes,Yes,No,No,Yes,81.2,Fiber optic,
19.25,18,No,,0,,Month-to-month,6082-GLJIX,No,No,Male,1,331.35,13-24,18,No,No,No,0,Yes,Mailed check,No,No,No,No,No,19.25,No,
98.85,32,No,,0,,Month-to-month,6088-BXMRG,Yes,No,Female,1,3089.6,25-36,32,No,Yes,Yes,0,Yes,Electronic check,Yes,Yes,No,Yes,Yes,98.85,Fiber optic,
79.2,36,No,,0,,Month-to-month,6092-QZVPP,No,Yes,Male,1,2854.95,25-36,36,Yes,Yes,Yes,0,Yes,Credit card (automatic),No,Yes,Yes,No,No,79.2,DSL,
80.7,26,No,,0,,Month-to-month,6103-BOCOU,No,Yes,Female,1,2193,25-36,26,No,No,No,0,Yes,Electronic check,No,Yes,No,No,Yes,80.7,Fiber optic,
56.25,44,No,,0,,Month-to-month,6103-QCKFX,Yes,No,Female,1,2419.55,37-48,44,Yes,No,No,0,Yes,Bank transfer (automatic),Yes,No,Yes,No,No,56.25,DSL,
19.3,13,No,,0,,Month-to-month,6112-KTHFQ,No,No,Female,1,279.3,13-24,13,No,No,No,0,Yes,Mailed check,No,Yes,No,No,No,19.3,No,
100.45,34,No,,0,,Month-to-month,6116-RFVHN,No,Yes,Female,1,3414.65,25-36,34,No,Yes,Yes,0,Yes,Electronic check,Yes,Yes,No,No,Yes,100.45,Fiber optic,
19.75,1,No,,0,,Month-to-month,6124-ACRHJ,No,No,Female,1,19.75,0-12,1,No,No,No,0,Yes,Mailed check,No,No,No,No,No,19.75,No,
45.85,1,No,,0,,Month-to-month,6127-IYJOZ,No,No,Male,1,45.85,0-12,1,No,No,No,1,Yes,Mailed check,No,Yes,No,No,No,45.85,DSL,
53.95,41,No,,0,,Month-to-month,6128-AQBMT,No,Yes,Male,1,2215.4,37-48,41,No,Yes,Yes,1,No,Electronic check,Yes,Yes,No,Yes,No phone service,53.95,DSL,
44.85,56,No,,0,,Month-to-month,6128-DAFVY,No,No,Female,1,2564.95,49-60,56,No,Yes,Yes,0,No,Credit card (automatic),No,Yes,No,No,No phone service,44.85,DSL,
59.6,35,No,,0,,Month-to-month,6131-FOYAS,No,Yes,Male,1,2094.9,25-36,35,No,No,No,0,Yes,Electronic check,No,Yes,Yes,No,Yes,59.6,DSL,
20.2,19,No,,0,,Month-to-month,6131-IUNXN,Yes,No,Female,1,382.2,13-24,19,No,No,No,0,Yes,Mailed check,Yes,No,No,No,No,20.2,No,
20.3,13,No,,0,,Month-to-month,6131-JLWZM,No,No,Female,1,275.4,13-24,13,No,No,No,0,Yes,Mailed check,No,Yes,No,No,No,20.3,No,
35.2,18,No,,0,,Month-to-month,6133-OZILE,No,Yes,Female,1,607.3,13-24,18,Yes,No,No,0,No,Electronic check,No,Yes,No,No,No phone service,35.2,DSL,
53.65,7,No,,0,,Month-to-month,6135-OZQVA,No,No,Female,1,404.35,0-12,7,No,No,No,0,Yes,Electronic check,No,Yes,Yes,No,Yes,53.65,DSL,
44.8,48,No,,0,,Month-to-month,6137-MFAJN,No,No,Female,1,2104.55,37-48,48,No,Yes,No,0,No,Electronic check,No,Yes,Yes,Yes,No phone service,44.8,DSL,
94.05,6,No,,0,,Month-to-month,6137-NICCO,Yes,Yes,Female,1,518.75,0-12,6,No,Yes,No,0,Yes,Mailed check,Yes,Yes,No,Yes,Yes,94.05,Fiber optic,
45.8,10,No,,0,,Month-to-month,6143-JQKEA,No,No,Male,1,436.2,0-12,10,No,No,No,0,Yes,Credit card (automatic),No,Yes,No,No,No,45.8,DSL,
44.15,1,No,,0,,Month-to-month,6145-NNPNO,No,No,Female,1,44.15,0-12,1,No,No,No,0,Yes,Bank transfer (automatic),No,No,No,No,No,44.15,DSL,
20.05,33,No,,0,,Month-to-month,6147-CBCRA,No,No,Female,1,669.45,25-36,33,No,No,No,0,Yes,Mailed check,Yes,No,No,No,No,20.05,No,
25.35,1,No,,0,,Month-to-month,6158-HDPXZ,No,No,Male,1,25.35,0-12,1,No,No,No,0,No,Mailed check,No,No,No,No,No phone service,25.35,DSL,
19.85,6,No,,0,,Month-to-month,6164-HXUGH,Yes,No,Female,1,119.3,0-12,6,No,No,No,0,Yes,Mailed check,Yes,No,No,No,No,19.85,No,
111.35,59,No,,0,,Month-to-month,6168-YBYNP,No,Yes,Male,1,6519.75,49-60,59,Yes,Yes,Yes,0,Yes,Electronic check,No,Yes,No,Yes,Yes,111.35,Fiber optic,
66.25,43,No,,0,,Month-to-month,6171-ZTVYB,No,No,Male,1,2907.35,37-48,43,Yes,No,No,0,Yes,Bank transfer (automatic),Yes,No,Yes,Yes,Yes,66.25,DSL,
94.65,67,No,,0,,Month-to-month,6173-GOLSU,No,No,Male,1,6079,61+,67,No,Yes,Yes,1,Yes,Credit card (automatic),Yes,Yes,No,No,Yes,94.65,Fiber optic,
78.75,5,No,,0,,Month-to-month,6175-IRFIT,No,No,Male,1,426.35,0-12,5,No,No,Yes,0,Yes,Mailed check,No,No,No,No,No,78.75,Fiber optic,
24.3,5,No,,0,,Month-to-month,6180-YBIQI,No,No,Male,1,100.2,0-12,5,No,No,No,0,No,Mailed check,No,No,No,No,No phone service,24.3,DSL,
19.6,3,No,,0,,Month-to-month,6184-DYUOB,No,No,Female,1,55.25,0-12,3,No,No,No,0,Yes,Mailed check,Yes,Yes,No,No,No,19.6,No,
46.3,1,No,,0,,Month-to-month,6185-TASNN,No,No,Male,1,46.3,0-12,1,No,No,No,1,Yes,Electronic check,No,No,No,No,No,46.3,DSL,
92.6,17,No,,0,,Month-to-month,6198-RTPMF,No,No,Female,1,1579.7,13-24,17,No,Yes,Yes,0,Yes,Electronic check,Yes,No,No,No,Yes,92.6,Fiber optic,
75.6,5,No,,0,,Month-to-month,6198-ZFIOJ,No,No,Female,1,402.5,0-12,5,No,No,No,0,Yes,Electronic check,No,No,No,No,Yes,75.6,Fiber optic,
43.85,64,No,,0,,Month-to-month,6211-WHMYA,No,No,Female,1,2751,61+,64,Yes,Yes,No,1,No,Electronic check,No,Yes,No,Yes,No phone service,43.85,DSL,
95.7,50,No,,0,,Month-to-month,6212-ATMLK,No,No,Female,1,4729.75,49-60,50,No,Yes,Yes,0,Yes,Electronic check,No,Yes,No,No,Yes,95.7,Fiber optic,
99.7,15,No,,0,,Month-to-month,6215-NQCPY,No,No,Male,1,1566.75,13-24,15,No,Yes,Yes,0,Yes,Electronic check,No,Yes,Yes,No,Yes,99.7,Fiber optic,
75.4,17,No,,0,,Month-to-month,6217-TOWGS,No,No,Female,1,1322.55,13-24,17,No,Yes,Yes,0,Yes,Bank transfer (automatic),Yes,Yes,No,Yes,Yes,75.4,DSL,
59.45,6,No,,0,,Month-to-month,6218-KNUBD,No,No,Male,1,357.6,0-12,6,No,Yes,No,0,Yes,Electronic check,No,No,No,Yes,No,59.45,DSL,
79.7,6,No,,0,,Month-to-month,6229-LSCKB,No,No,Male,1,497.6,0-12,6,No,Yes,No,1,Yes,Electronic check,No,Yes,No,No,No,79.7,Fiber optic,
20.5,4,No,,0,,Month-to-month,6231-WFGFH,Yes,No,Male,1,77.6,0-12,4,No,No,No,0,Yes,Mailed check,Yes,Yes,No,No,No,20.5,No,
89.3,45,No,,0,,Month-to-month,6233-HXJMX,No,Yes,Female,1,4192.15,37-48,45,No,No,Yes,0,Yes,Credit card (automatic),No,Yes,No,No,Yes,89.3,Fiber optic,
95.9,22,No,,0,,Month-to-month,6234-PFPXL,No,No,Male,1,2234.95,13-24,22,Yes,Yes,No,0,Yes,Credit card (automatic),Yes,No,Yes,No,Yes,95.9,Fiber optic,
95.1,23,No,,0,,Month-to-month,6242-MBHPK,No,No,Female,1,2326.05,13-24,23,No,Yes,Yes,1,Yes,Electronic check,Yes,Yes,Yes,No,No,95.1,Fiber optic,
44.95,23,No,,0,,Month-to-month,6243-OZGFH,No,No,Female,1,996.85,13-24,23,No,Yes,Yes,0,No,Electronic check,No,Yes,No,No,No phone service,44.95,DSL,
50.8,4,No,,0,,Month-to-month,6257-RJOHI,No,No,Male,1,202.3,0-12,4,Yes,No,No,0,Yes,Mailed check,No,Yes,No,No,No,50.8,DSL,
23.5,7,No,,0,,Month-to-month,6258-NGCNG,No,No,Male,1,173,0-12,7,No,No,No,0,Yes,Mailed check,No,No,No,No,Yes,23.5,No,
81.1,32,No,,0,,Month-to-month,6259-WJQLC,No,Yes,Male,1,2619.25,25-36,32,No,No,No,1,Yes,Credit card (automatic),No,Yes,No,No,Yes,81.1,Fiber optic,
62.8,1,No,,0,,Month-to-month,6260-ONULR,No,No,Male,1,62.8,0-12,1,No,Yes,Yes,0,Yes,Mailed check,No,Yes,No,No,No,62.8,DSL,
54.75,26,No,,0,,Month-to-month,6261-LHRTG,No,Yes,Female,1,1406.9,25-36,26,No,No,No,0,Yes,Credit card (automatic),No,Yes,No,Yes,No,54.75,DSL,
90.05,30,No,,0,,Month-to-month,6267-DCFFZ,No,No,Female,1,2627.2,25-36,30,No,Yes,No,1,Yes,Electronic check,Yes,Yes,No,Yes,Yes,90.05,Fiber optic,
20.25,9,No,,0,,Month-to-month,6278-FEPBZ,No,No,Female,1,186.15,0-12,9,No,No,No,0,Yes,Mailed check,No,No,No,No,No,20.25,No,
19.95,1,No,,0,,Month-to-month,6286-SUUWT,No,No,Male,1,19.95,0-12,1,No,No,No,0,Yes,Mailed check,No,No,No,No,No,19.95,No,
25.55,20,No,,0,,Month-to-month,6286-ZHAOK,Yes,No,Female,1,507.4,13-24,20,No,No,No,0,Yes,Bank transfer (automatic),Yes,Yes,No,No,Yes,25.55,No,
79.1,23,No,,0,,Month-to-month,6288-LBEAR,No,No,Female,1,1783.75,13-24,23,Yes,No,No,0,Yes,Mailed check,No,Yes,No,Yes,No,79.1,Fiber optic,
93.35,59,No,,0,,Month-to-month,6300-BWMJX,No,Yes,Female,1,5386.5,49-60,59,Yes,Yes,No,0,Yes,Electronic check,Yes,No,No,No,Yes,93.35,Fiber optic,
19.7,11,No,,0,,Month-to-month,6319-QSUSR,Yes,No,Female,1,216.2,0-12,11,No,No,No,0,Yes,Credit card (automatic),No,No,No,No,No,19.7,No,
59.6,49,No,,0,,Month-to-month,6322-HRPFA,Yes,No,Male,1,2970.3,49-60,49,Yes,No,No,0,Yes,Credit card (automatic),Yes,No,Yes,Yes,No,59.6,DSL,
31.65,13,No,,0,,Month-to-month,6339-DKLMK,No,No,Female,1,389.95,13-24,13,No,No,No,0,No,Electronic check,No,Yes,No,Yes,No phone service,31.65,DSL,
73.8,9,No,,0,,Month-to-month,6339-YPSAH,No,Yes,Male,1,704.3,0-12,9,No,No,No,0,Yes,Electronic check,No,Yes,No,No,No,73.8,Fiber optic,
24.9,20,No,,0,,Month-to-month,6344-SFJVH,No,No,Female,1,505.95,13-24,20,No,No,No,0,No,Credit card (automatic),No,No,No,No,No phone service,24.9,DSL,
25.05,34,No,,0,,Month-to-month,6345-HOVES,No,No,Male,1,852.7,25-36,34,No,No,No,0,No,Bank transfer (automatic),No,Yes,No,No,No phone service,25.05,DSL,
94.75,4,No,,0,,Month-to-month,6350-XFYGW,No,Yes,Male,1,422.4,0-12,4,No,Yes,Yes,1,Yes,Electronic check,No,Yes,No,No,No,94.75,Fiber optic,
41.35,3,No,,0,,Month-to-month,6351-SCJKT,No,Yes,Male,1,107.25,0-12,3,Yes,No,No,0,No,Mailed check,No,No,Yes,No,No phone service,41.35,DSL,
104.1,54,No,,0,,Month-to-month,6353-BRMMA,Yes,No,Female,1,5645.8,49-60,54,No,Yes,Yes,0,Yes,Bank transfer (automatic),Yes,Yes,Yes,Yes,Yes,104.1,Fiber optic,
80.5,3,No,,0,,Month-to-month,6357-JJPQT,No,No,Female,1,232.35,0-12,3,No,Yes,No,0,Yes,Electronic check,No,Yes,No,No,No,80.5,Fiber optic,
73.55,31,No,,0,,Month-to-month,6360-SVNWV,No,No,Female,1,2094.65,25-36,31,No,No,No,1,Yes,Credit card (automatic),No,Yes,Yes,No,No,73.55,Fiber optic,
63.15,13,No,,0,,Month-to-month,6366-XIVKZ,Yes,Yes,Female,1,816.8,13-24,13,No,No,Yes,0,Yes,Mailed check,Yes,Yes,Yes,No,No,63.15,DSL,
68.15,38,No,,0,,Month-to-month,6368-NWMCE,No,No,Female,1,2656.3,37-48,38,Yes,No,Yes,0,Yes,Credit card (automatic),No,No,No,Yes,Yes,68.15,DSL,
19.95,5,No,,0,,Month-to-month,6377-KSLXC,No,No,Male,1,107.05,0-12,5,No,No,No,0,Yes,Mailed check,No,No,No,No,No,19.95,No,
106.15,60,No,,0,,Month-to-month,6377-WHAOX,No,Yes,Female,1,6411.25,49-60,60,No,Yes,Yes,0,Yes,Electronic check,Yes,Yes,No,Yes,Yes,106.15,Fiber optic,
20.2,1,No,,0,,Month-to-month,6380-ARCEH,No,No,Male,1,20.2,0-12,1,No,No,No,0,Yes,Mailed check,No,No,No,No,No,20.2,No,
20.7,3,No,,0,,Month-to-month,6394-HHHZM,No,No,Male,1,57.5,0-12,3,No,No,No,0,Yes,Mailed check,No,No,No,No,No,20.7,No,
55.3,4,No,,0,,Month-to-month,6402-EJMWF,No,No,Male,1,238.5,0-12,4,No,No,Yes,0,Yes,Mailed check,No,Yes,No,No,No,55.3,DSL,
83.8,2,No,,0,,Month-to-month,6407-UTSLV,No,No,Female,1,163.7,0-12,2,No,Yes,No,1,Yes,Bank transfer (automatic),No,Yes,No,Yes,No,83.8,Fiber optic,
79.5,11,No,,0,,Month-to-month,6416-YJTTB,No,Yes,Male,1,795.65,0-12,11,No,No,No,0,Yes,Bank transfer (automatic),No,Yes,Yes,No,No,79.5,Fiber optic,
69.6,19,No,,0,,Month-to-month,6429-SHBCB,No,No,Male,1,1394.55,13-24,19,No,Yes,Yes,0,Yes,Mailed check,No,No,No,No,Yes,69.6,DSL,
82.75,5,No,,0,,Month-to-month,6435-SRWBJ,No,Yes,Female,1,417.75,0-12,5,Yes,No,No,0,Yes,Electronic check,No,Yes,No,No,Yes,82.75,Fiber optic,
68.95,9,No,,0,,Month-to-month,6439-LAJXL,No,No,Male,1,593.85,0-12,9,Yes,Yes,No,0,Yes,Mailed check,Yes,Yes,Yes,Yes,No,68.95,DSL,
25,31,No,,0,,Month-to-month,6447-GORXK,Yes,No,Male,1,789.2,25-36,31,No,No,No,0,No,Credit card (automatic),No,No,No,No,No phone service,25,DSL,
80.7,5,No,,0,,Month-to-month,6458-CYIDZ,No,No,Female,1,374.8,0-12,5,No,No,No,1,Yes,Electronic check,No,No,Yes,Yes,No,80.7,Fiber optic,
25.25,8,No,,0,,Month-to-month,6464-KEXXH,No,No,Male,1,186.3,0-12,8,No,No,No,0,No,Credit card (automatic),No,Yes,No,No,No phone service,25.25,DSL,
20.15,4,No,,0,,Month-to-month,6469-QJKZW,No,No,Female,1,91.4,0-12,4,No,No,No,0,Yes,Electronic check,Yes,No,No,No,No,20.15,No,
84.9,16,No,,0,,Month-to-month,6473-ULUHT,Yes,No,Male,1,1398.25,13-24,16,Yes,Yes,Yes,0,Yes,Electronic check,Yes,No,Yes,Yes,Yes,84.9,DSL,
54.25,23,No,,0,,Month-to-month,6475-VHUIZ,No,Yes,Female,1,1221.55,13-24,23,Yes,No,No,0,Yes,Electronic check,Yes,No,No,No,No,54.25,DSL,
20.5,12,No,,0,,Month-to-month,6476-EPYZR,Yes,No,Male,1,255.5,0-12,12,No,No,No,0,Yes,Mailed check,Yes,No,No,No,No,20.5,No,
76.5,15,No,,0,,Month-to-month,6476-YHMGA,Yes,Yes,Female,1,1155.6,13-24,15,Yes,Yes,Yes,0,Yes,Bank transfer (automatic),Yes,No,No,Yes,No,76.5,DSL,
100.55,29,No,,0,,Month-to-month,6481-ESCNL,No,Yes,Female,1,2878.75,25-36,29,No,Yes,Yes,0,Yes,Bank transfer (automatic),No,No,No,No,Yes,100.55,Fiber optic,
51.3,8,No,,0,,Month-to-month,6483-OATDN,Yes,No,Male,1,411.6,0-12,8,No,No,No,0,Yes,Credit card (automatic),Yes,Yes,Yes,No,No,51.3,DSL,
20.65,6,No,,0,,Month-to-month,6490-FGZAT,No,No,Male,1,109.3,0-12,6,No,No,No,0,Yes,Mailed check,No,No,No,No,No,20.65,No,
80,8,No,,0,,Month-to-month,6496-JDSSB,No,No,Female,1,624.6,0-12,8,No,Yes,No,0,Yes,Bank transfer (automatic),No,Yes,No,No,No,80,Fiber optic,
50.7,7,No,,0,,Month-to-month,6497-TILVL,Yes,No,Female,1,350.35,0-12,7,No,No,No,0,Yes,Mailed check,Yes,No,Yes,No,No,50.7,DSL,
59.45,14,No,,0,,Month-to-month,6502-KUGLL,Yes,No,Female,1,780.85,13-24,14,Yes,No,No,0,Yes,Bank transfer (automatic),Yes,No,Yes,Yes,No,59.45,DSL,
19.55,28,No,,0,,Month-to-month,6506-EYCNH,Yes,No,Female,1,543.8,25-36,28,No,No,No,0,Yes,Bank transfer (automatic),Yes,Yes,No,No,No,19.55,No,
66.4,13,No,,0,,Month-to-month,6507-DTJZV,Yes,No,Male,1,831.75,13-24,13,No,Yes,Yes,0,Yes,Credit card (automatic),No,No,No,No,No,66.4,DSL,
90.45,23,No,,0,,Month-to-month,6507-ZJSUR,No,No,Male,1,2117.25,13-24,23,No,Yes,Yes,1,Yes,Electronic check,Yes,Yes,No,No,No,90.45,Fiber optic,
26.45,37,No,,0,,Month-to-month,6509-TSGWN,Yes,No,Female,1,911.6,37-48,37,No,No,No,0,Yes,Mailed check,Yes,No,No,No,Yes,26.45,No,
45.4,2,No,,0,,Month-to-month,6519-CFDBX,No,No,Female,1,80.95,0-12,2,No,No,No,0,Yes,Electronic check,No,Yes,No,No,No,45.4,DSL,
94.55,35,No,,0,,Month-to-month,6522-YRBXD,No,No,Male,1,3365.4,25-36,35,No,No,Yes,1,Yes,Electronic check,Yes,Yes,Yes,Yes,Yes,94.55,Fiber optic,
38.9,16,No,,0,,Month-to-month,6537-QLGEX,No,No,Female,1,664.4,13-24,16,No,Yes,No,0,No,Electronic check,No,Yes,Yes,No,No phone service,38.9,DSL,
79,33,No,,0,,Month-to-month,6538-POCHL,No,Yes,Male,1,2576.8,25-36,33,No,No,No,0,Yes,Credit card (automatic),No,Yes,No,Yes,No,79,Fiber optic,
25,3,No,,0,,Month-to-month,6542-LWGXJ,No,No,Male,1,78.25,0-12,3,No,No,No,0,No,Mailed check,Yes,No,No,No,No phone service,25,DSL,
30.85,13,No,,0,,Month-to-month,6549-NNDYT,No,No,Female,1,394.1,13-24,13,No,No,No,0,No,Bank transfer (automatic),No,Yes,Yes,No,No phone service,30.85,DSL,
21.25,9,No,,0,,Month-to-month,6549-YMFAW,No,No,Male,1,204.55,0-12,9,No,No,No,1,Yes,Mailed check,Yes,Yes,No,No,No,21.25,No,
80.9,14,No,,0,,Month-to-month,6551-GNYDG,Yes,No,Female,1,1152.8,13-24,14,No,No,Yes,0,Yes,Bank transfer (automatic),Yes,Yes,No,No,No,80.9,Fiber optic,
69.65,16,No,,0,,Month-to-month,6557-BZXLQ,No,No,Male,1,1043.3,13-24,16,No,No,No,1,Yes,Electronic check,No,No,No,No,No,69.65,Fiber optic,
98.65,26,No,,0,,Month-to-month,6559-PDZLR,No,Yes,Male,1,2537,25-36,26,Yes,Yes,Yes,0,Yes,Electronic check,No,Yes,No,No,No,98.65,Fiber optic,
85.7,45,No,,0,,Month-to-month,6563-VNPMN,No,No,Female,1,3778.1,37-48,45,Yes,No,No,1,Yes,Bank transfer (automatic),No,Yes,Yes,Yes,No,85.7,Fiber optic,
19.1,1,No,,0,,Month-to-month,6569-KTMDU,No,No,Female,1,19.1,0-12,1,No,No,No,0,Yes,Mailed check,No,No,No,No,No,19.1,No,
74.8,46,No,,0,,Month-to-month,6572-ADKRS,No,Yes,Female,1,3548.3,37-48,46,No,No,No,0,Yes,Credit card (automatic),No,Yes,No,No,No,74.8,Fiber optic,
69.5,25,No,,0,,Month-to-month,6575-SUVOI,No,No,Female,1,1752.65,25-36,25,Yes,Yes,No,1,Yes,Credit card (automatic),Yes,Yes,Yes,No,Yes,69.5,DSL,
93.4,32,No,,0,,Month-to-month,6578-KRMAW,No,Yes,Male,1,2979.3,25-36,32,No,No,Yes,0,Yes,Credit card (automatic),No,Yes,Yes,Yes,No,93.4,Fiber optic,
20.4,1,No,,0,,Month-to-month,6579-JPICP,No,No,Male,1,20.4,0-12,1,No,No,No,0,Yes,Mailed check,No,No,No,No,No,20.4,No,
45.3,1,No,,0,,Month-to-month,6582-OIVSP,No,No,Female,1,45.3,0-12,1,No,No,No,0,Yes,Mailed check,No,No,No,No,No,45.3,DSL,
94.65,15,No,,0,,Month-to-month,6583-KQJLK,No,No,Female,1,1285.05,13-24,15,No,Yes,Yes,1,Yes,Electronic check,Yes,Yes,No,Yes,No,94.65,Fiber optic,
106.65,17,No,,0,,Month-to-month,6591-QGOYB,No,Yes,Male,1,1672.1,13-24,17,Yes,Yes,No,0,Yes,Bank transfer (automatic),No,Yes,Yes,Yes,Yes,106.65,Fiber optic,
55,6,No,,0,,Month-to-month,6599-SFQVE,No,No,Female,1,340.4,0-12,6,No,No,Yes,0,Yes,Electronic check,No,Yes,No,No,No,55,DSL,
69.45,24,No,,0,,Month-to-month,6614-VBEGU,No,No,Female,1,1614.05,13-24,24,No,Yes,Yes,0,Yes,Bank transfer (automatic),Yes,Yes,No,Yes,No,69.45,DSL,
60.45,24,No,,0,,Month-to-month,6620-HVDUJ,No,No,Male,1,1440.75,13-24,24,Yes,No,No,0,Yes,Bank transfer (automatic),No,No,Yes,Yes,No,60.45,DSL,
60.6,18,No,,0,,Month-to-month,6620-JDYNW,No,Yes,Female,1,1156.35,13-24,18,No,No,No,0,Yes,Mailed check,No,Yes,Yes,No,Yes,60.6,DSL,
20.35,5,No,,0,,Month-to-month,6621-YOBKI,No,No,Male,1,92.75,0-12,5,No,No,No,0,Yes,Mailed check,No,No,No,No,No,20.35,No,
29.45,6,No,,0,,Month-to-month,6624-JDRDS,No,No,Female,1,161.45,0-12,6,No,No,No,0,No,Bank transfer (automatic),No,No,Yes,No,No phone service,29.45,DSL,
51.25,12,No,,0,,Month-to-month,6625-UTXEW,No,No,Female,1,612.1,0-12,12,No,No,No,0,Yes,Electronic check,Yes,Yes,No,Yes,No,51.25,DSL,
99.45,59,No,,0,,Month-to-month,6627-CFOSN,No,Yes,Female,1,5623.7,49-60,59,No,No,Yes,0,Yes,Bank transfer (automatic),No,Yes,Yes,Yes,Yes,99.45,Fiber optic,
50.95,2,No,,0,,Month-to-month,6629-LADHQ,No,No,Female,1,123.05,0-12,2,No,No,No,0,Yes,Mailed check,No,No,Yes,No,No,50.95,DSL,
83.25,4,No,,0,,Month-to-month,6630-UJZMY,No,No,Female,1,308.05,0-12,4,No,Yes,No,1,Yes,Electronic check,Yes,Yes,No,No,Yes,83.25,Fiber optic,
83.2,23,No,,0,,Month-to-month,6633-SYEUS,No,Yes,Female,1,2032.3,13-24,23,Yes,No,No,0,Yes,Bank transfer (automatic),No,No,No,Yes,No,83.2,Fiber optic,
96.6,28,No,,0,,Month-to-month,6635-CPNUN,No,Yes,Male,1,2684.35,25-36,28,No,Yes,No,0,Yes,Credit card (automatic),Yes,No,No,Yes,Yes,96.6,Fiber optic,
30.5,5,No,,0,,Month-to-month,6637-KYRCV,Yes,No,Female,1,167.2,0-12,5,No,No,No,0,No,Electronic check,Yes,Yes,No,Yes,No phone service,30.5,DSL,
97.1,2,No,,0,,Month-to-month,6645-MXQJT,Yes,No,Male,1,184.15,0-12,2,No,Yes,Yes,0,Yes,Electronic check,Yes,No,Yes,No,No,97.1,Fiber optic,
78.85,14,No,,0,,Month-to-month,6646-JPPHA,No,No,Female,1,1043.8,13-24,14,No,No,No,1,Yes,Electronic check,No,No,Yes,Yes,No,78.85,Fiber optic,
20.15,16,No,,0,,Month-to-month,6648-INWPS,Yes,No,Male,1,341.35,13-24,16,No,No,No,0,Yes,Electronic check,Yes,No,No,No,No,20.15,No,
43.85,1,No,,0,,Month-to-month,6650-VJONK,No,No,Male,1,43.85,0-12,1,No,No,No,0,Yes,Bank transfer (automatic),No,Yes,No,No,No,43.85,DSL,
64.9,11,No,,0,,Month-to-month,6652-YFFJO,No,No,Female,1,716.1,0-12,11,No,Yes,Yes,0,Yes,Electronic check,No,Yes,No,No,No,64.9,DSL,
19.9,1,No,,0,,Month-to-month,6654-QGBZZ,No,No,Female,1,19.9,0-12,1,No,No,No,0,Yes,Mailed check,No,No,No,No,No,19.9,No,
30.55,1,No,,0,,Month-to-month,6656-JWRQX,No,No,Female,1,30.55,0-12,1,Yes,No,No,0,No,Mailed check,No,No,No,No,No phone service,30.55,DSL,
29.5,48,No,,0,,Month-to-month,6661-EIPZC,Yes,No,Female,1,1423.05,37-48,48,Yes,No,No,0,No,Credit card (automatic),Yes,Yes,No,No,No phone service,29.5,DSL,
20.35,7,No,,0,,Month-to-month,6671-NGWON,No,No,Female,1,150.6,0-12,7,No,No,No,0,Yes,Mailed check,No,No,No,No,No,20.35,No,
69.95,16,No,,0,,Month-to-month,6692-YQHXC,No,No,Male,1,1205.5,13-24,16,No,No,No,0,Yes,Credit card (automatic),No,Yes,No,No,No,69.95,Fiber optic,
101.3,18,No,,0,,Month-to-month,6693-FRIRW,No,Yes,Male,1,1794.65,13-24,18,No,Yes,Yes,0,Yes,Credit card (automatic),No,No,No,Yes,No,101.3,Fiber optic,
45.9,29,No,,0,,Month-to-month,6704-UTUKK,No,No,Male,1,1332.4,25-36,29,No,Yes,Yes,0,No,Electronic check,Yes,Yes,No,No,No phone service,45.9,DSL,
50,20,No,,0,,Month-to-month,6705-LNMDD,No,No,Male,1,1003.05,13-24,20,Yes,No,No,0,Yes,Mailed check,No,No,No,No,No,50,DSL,
70.05,5,No,,0,,Month-to-month,6705-LXORM,No,No,Female,1,302.6,0-12,5,No,No,No,1,Yes,Electronic check,Yes,No,No,No,No,70.05,Fiber optic,
114.1,61,No,,0,,Month-to-month,6710-HSJRD,No,Yes,Male,1,7132.15,61+,61,Yes,Yes,Yes,0,Yes,Electronic check,Yes,Yes,No,Yes,Yes,114.1,Fiber optic,
29.75,10,No,,0,,Month-to-month,6713-OKOMC,No,No,Female,1,301.9,0-12,10,No,No,No,0,No,Mailed check,No,No,Yes,No,No phone service,29.75,DSL,
85.3,15,No,,0,,Month-to-month,6719-OXYBR,No,Yes,Male,1,1219.85,13-24,15,No,Yes,No,0,Yes,Electronic check,No,No,No,No,No,85.3,Fiber optic,
20.95,1,No,,0,,Month-to-month,6728-WYQBC,No,No,Male,1,20.95,0-12,1,No,No,No,0,Yes,Bank transfer (automatic),No,No,No,No,No,20.95,No,
80.7,20,No,,0,,Month-to-month,6729-GDNGC,No,No,Female,1,1614.2,13-24,20,No,Yes,No,1,Yes,Bank transfer (automatic),No,No,No,No,No,80.7,Fiber optic,
20,3,No,,0,,Month-to-month,6734-CKRSM,No,No,Female,1,63.6,0-12,3,No,No,No,0,Yes,Mailed check,No,No,No,No,No,20,No,
105.3,5,No,,0,,Month-to-month,6734-GMPVK,No,Yes,Male,1,550.6,0-12,5,No,Yes,Yes,0,Yes,Electronic check,No,No,No,Yes,Yes,105.3,Fiber optic,
90.5,30,No,,0,,Month-to-month,6741-EGCBI,No,No,Male,1,2595.85,25-36,30,No,No,Yes,1,Yes,Credit card (automatic),No,Yes,Yes,No,Yes,90.5,Fiber optic,
25.1,42,No,,0,,Month-to-month,6743-HHQPF,No,No,Male,1,1097.15,37-48,42,No,No,No,0,No,Credit card (automatic),Yes,Yes,No,No,No phone service,25.1,DSL,
91.5,35,No,,0,,Month-to-month,6745-JEFZB,No,No,Male,1,3236.35,25-36,35,Yes,Yes,No,0,Yes,Credit card (automatic),Yes,Yes,No,No,Yes,91.5,Fiber optic,
54.5,42,No,,0,,Month-to-month,6752-APNJL,Yes,No,Male,1,2301.15,37-48,42,No,No,No,0,Yes,Mailed check,Yes,No,Yes,Yes,No,54.5,DSL,
35.65,29,No,,0,,Month-to-month,6773-LQTVT,Yes,Yes,Female,1,1025.15,25-36,29,No,No,No,1,No,Mailed check,Yes,Yes,No,Yes,No phone service,35.65,DSL,
59,2,No,,0,,Month-to-month,6778-YSNIH,No,No,Female,1,114.15,0-12,2,No,Yes,No,0,Yes,Electronic check,No,Yes,No,Yes,No,59,DSL,
80.85,5,No,,0,,Month-to-month,6786-OBWQR,Yes,No,Female,1,356.1,0-12,5,No,Yes,No,0,Yes,Electronic check,Yes,Yes,No,No,No,80.85,Fiber optic,
49.4,12,No,,0,,Month-to-month,6789-HJBWG,No,No,Female,1,611.65,0-12,12,No,No,No,0,Yes,Electronic check,No,Yes,No,Yes,No,49.4,DSL,
25.55,18,No,,0,,Month-to-month,6791-YBNAK,Yes,No,Male,1,467.85,13-24,18,No,No,No,0,No,Credit card (automatic),Yes,No,No,No,No phone service,25.55,DSL,
90.7,62,No,,0,,Month-to-month,6794-HKIAJ,No,Yes,Male,1,5586.45,61+,62,No,No,No,0,Yes,Bank transfer (automatic),No,No,Yes,Yes,Yes,90.7,Fiber optic,
19.5,6,No,,0,,Month-to-month,6806-YDEUL,No,No,Female,1,106.8,0-12,6,No,No,No,1,Yes,Bank transfer (automatic),No,No,No,No,No,19.5,No,
44.9,2,No,,0,,Month-to-month,6817-WTYHE,No,No,Male,1,111.05,0-12,2,No,No,No,0,Yes,Bank transfer (automatic),No,No,No,No,No,44.9,DSL,
91.1,10,No,,0,,Month-to-month,6818-DJXAA,Yes,Yes,Female,1,964.35,0-12,10,Yes,Yes,No,0,Yes,Electronic check,No,Yes,No,No,No,91.1,Fiber optic,
94,15,No,,0,,Month-to-month,6833-JMZYP,No,Yes,Female,1,1505.45,13-24,15,No,Yes,Yes,0,Yes,Credit card (automatic),No,Yes,No,No,No,94,Fiber optic,
20.3,12,No,,0,,Month-to-month,6838-HVLXG,No,No,Female,1,246.7,0-12,12,No,No,No,0,Yes,Mailed check,No,No,No,No,No,20.3,No,
50.2,2,No,,0,,Month-to-month,6844-DZKRF,No,No,Male,1,109.25,0-12,2,Yes,No,No,0,Yes,Credit card (automatic),No,Yes,No,No,No,50.2,DSL,
100.4,58,No,,0,,Month-to-month,6847-KJLTS,No,No,Female,1,5749.8,49-60,58,Yes,Yes,Yes,1,Yes,Bank transfer (automatic),Yes,Yes,No,No,Yes,100.4,Fiber optic,
100.8,35,No,,0,,Month-to-month,6851-WEFYX,No,Yes,Male,1,3437.5,25-36,35,No,Yes,Yes,1,Yes,Electronic check,Yes,Yes,No,No,Yes,100.8,Fiber optic,
65.5,8,No,,0,,Month-to-month,6854-EXGSF,No,Yes,Female,1,573.15,0-12,8,No,No,No,0,Yes,Bank transfer (automatic),No,Yes,Yes,Yes,Yes,65.5,DSL,
74.9,2,No,,0,,Month-to-month,6856-RAURS,No,No,Female,1,136.05,0-12,2,No,No,No,0,Yes,Mailed check,No,Yes,No,No,Yes,74.9,Fiber optic,
55.05,11,No,,0,,Month-to-month,6859-RKMZJ,No,No,Male,1,608.15,0-12,11,No,Yes,No,0,Yes,Bank transfer (automatic),Yes,Yes,No,No,No,55.05,DSL,
74.05,9,No,,0,,Month-to-month,6860-YRJZP,No,No,Male,1,678.45,0-12,9,No,No,No,1,Yes,Electronic check,No,Yes,No,No,Yes,74.05,Fiber optic,
96.1,37,No,,0,,Month-to-month,6862-CQUMB,No,No,Male,1,3646.8,37-48,37,No,Yes,Yes,0,Yes,Credit card (automatic),No,Yes,No,Yes,No,96.1,Fiber optic,
55.3,30,No,,0,,Month-to-month,6865-JZNKO,No,No,Female,1,1530.6,25-36,30,No,No,No,0,Yes,Bank transfer (automatic),No,Yes,Yes,Yes,No,55.3,DSL,
67.45,40,No,,0,,Month-to-month,6873-UDNLD,No,Yes,Male,1,2731,37-48,40,No,No,Yes,0,Yes,Electronic check,No,No,Yes,No,No,67.45,DSL,
19.4,32,No,,0,,Month-to-month,6878-GGDWG,No,No,Female,1,641.15,25-36,32,No,No,No,0,Yes,Bank transfer (automatic),Yes,No,No,No,No,19.4,No,
50.7,1,No,,0,,Month-to-month,6888-SBYAI,No,No,Male,1,50.7,0-12,1,No,No,No,0,Yes,Mailed check,No,Yes,Yes,No,No,50.7,DSL,
69.5,18,No,,0,,Month-to-month,6890-PFRQX,No,Yes,Male,1,1199.4,13-24,18,No,Yes,No,0,Yes,Mailed check,No,No,Yes,No,Yes,69.5,DSL,
105.25,48,No,,0,,Month-to-month,6891-JPYFF,Yes,No,Female,1,4997.5,37-48,48,No,Yes,Yes,0,Yes,Credit card (automatic),Yes,Yes,Yes,Yes,Yes,105.25,Fiber optic,
73.85,44,No,,0,,Month-to-month,6896-SRVYQ,No,Yes,Male,1,3122.4,37-48,44,No,No,No,1,Yes,Electronic check,No,No,No,No,No,73.85,Fiber optic,
89.65,29,No,,0,,Month-to-month,6897-UUBNU,No,No,Male,1,2623.65,25-36,29,Yes,Yes,No,0,Yes,Mailed check,No,No,No,Yes,No,89.65,Fiber optic,
53.75,12,No,,0,,Month-to-month,6898-MDLZW,No,No,Male,1,648.65,0-12,12,Yes,No,No,0,Yes,Mailed check,No,Yes,No,Yes,No,53.75,DSL,
34.3,29,No,,0,,Month-to-month,6907-CQGPN,No,No,Male,1,1004.75,25-36,29,Yes,No,No,0,No,Electronic check,No,No,No,Yes,No phone service,34.3,DSL,
54.3,1,No,,0,,Month-to-month,6907-FLBER,No,No,Male,1,54.3,0-12,1,No,No,No,0,Yes,Electronic check,No,No,No,Yes,Yes,54.3,DSL,
90.65,65,No,,0,,Month-to-month,6908-VVYHM,No,No,Male,1,5931,61+,65,No,No,Yes,0,Yes,Electronic check,Yes,Yes,No,Yes,Yes,90.65,Fiber optic,
33.6,1,No,,0,,Month-to-month,6917-IAYHD,Yes,No,Male,1,33.6,0-12,1,Yes,No,No,0,No,Mailed check,No,No,No,Yes,No phone service,33.6,DSL,
89.75,59,No,,0,,Month-to-month,6917-YACBP,No,Yes,Female,1,5496.9,49-60,59,No,No,No,1,Yes,Electronic check,No,Yes,Yes,Yes,Yes,89.75,Fiber optic,
80.2,5,No,,0,,Month-to-month,6918-UMQCG,No,No,Female,1,384.25,0-12,5,No,Yes,No,0,Yes,Electronic check,No,No,No,No,No,80.2,Fiber optic,
55.7,5,No,,0,,Month-to-month,6921-OZMFH,Yes,No,Male,1,259.4,0-12,5,Yes,No,No,0,Yes,Mailed check,Yes,Yes,No,No,Yes,55.7,DSL,
80.45,2,No,,0,,Month-to-month,6923-JHPMP,No,Yes,Female,1,137.1,0-12,2,No,No,No,0,Yes,Electronic check,No,Yes,Yes,No,No,80.45,Fiber optic,
20.55,2,No,,0,,Month-to-month,6942-LBFDP,No,No,Female,1,33.6,0-12,2,No,No,No,0,Yes,Mailed check,No,Yes,No,No,No,20.55,No,
80.35,68,No,,0,,Month-to-month,6952-OMNWB,No,Yes,Male,1,5589.3,61+,68,No,No,No,1,Yes,Credit card (automatic),Yes,Yes,No,No,Yes,80.35,Fiber optic,
44.35,18,No,,0,,Month-to-month,6954-OOYZZ,No,No,Male,1,768.05,13-24,18,No,No,No,0,Yes,Bank transfer (automatic),Yes,Yes,No,No,No,44.35,DSL,
75.95,45,No,,0,,Month-to-month,6959-GQEGV,No,Yes,Male,1,3273.8,37-48,45,No,Yes,Yes,0,Yes,Electronic check,No,Yes,Yes,No,No,75.95,DSL,
81.55,55,No,,0,,Month-to-month,6968-GMKPR,No,Yes,Female,1,4509.5,49-60,55,No,No,No,0,Yes,Electronic check,No,Yes,No,Yes,No,81.55,Fiber optic,
90.1,9,No,,0,,Month-to-month,6969-MVBAI,No,Yes,Female,1,816.8,0-12,9,No,Yes,No,1,Yes,Electronic check,No,Yes,No,No,Yes,90.1,Fiber optic,
20,6,No,,0,,Month-to-month,6972-SNKKW,No,No,Female,1,109.2,0-12,6,No,No,No,0,Yes,Mailed check,No,No,No,No,No,20,No,
19.2,8,No,,0,,Month-to-month,6979-TNDEU,No,No,Female,1,156.85,0-12,8,No,No,No,0,Yes,Mailed check,No,No,No,No,No,19.2,No,
79.3,26,No,,0,,Month-to-month,6985-HAYWX,No,No,Female,1,2015.8,25-36,26,No,No,No,0,Yes,Bank transfer (automatic),Yes,No,No,Yes,Yes,79.3,Fiber optic,
92.9,14,No,,0,,Month-to-month,6986-IXNDM,No,No,Male,1,1337.45,13-24,14,No,Yes,Yes,0,Yes,Electronic check,No,Yes,No,No,No,92.9,Fiber optic,
98.7,49,No,,0,,Month-to-month,6988-CJEYV,No,No,Male,1,4920.55,49-60,49,No,Yes,Yes,0,Yes,Electronic check,No,No,No,Yes,Yes,98.7,Fiber optic,
55.9,4,No,,0,,Month-to-month,6994-KERXL,No,No,Male,1,238.5,0-12,4,No,No,Yes,0,Yes,Electronic check,No,Yes,No,No,No,55.9,DSL,
50.55,4,No,,0,,Month-to-month,7009-LGECI,No,No,Female,1,235.65,0-12,4,No,No,No,0,Yes,Bank transfer (automatic),No,Yes,Yes,No,No,50.55,DSL,
20.45,18,No,,0,,Month-to-month,7010-ZMVBF,Yes,No,Female,1,357,13-24,18,No,No,No,0,Yes,Mailed check,Yes,No,No,No,No,20.45,No,
95.7,25,No,,0,,Month-to-month,7011-CVEUC,No,No,Male,1,2338.35,25-36,25,Yes,Yes,Yes,0,Yes,Credit card (automatic),Yes,Yes,No,No,No,95.7,Fiber optic,
20.1,2,No,,0,,Month-to-month,7017-VFULY,No,No,Female,1,43.15,0-12,2,No,No,No,0,Yes,Bank transfer (automatic),Yes,No,No,No,No,20.1,No,
78.3,13,No,,0,,Month-to-month,7018-WBJNK,Yes,No,Male,1,1033.95,13-24,13,No,Yes,No,0,Yes,Credit card (automatic),No,Yes,No,No,No,78.3,Fiber optic,
75.5,9,No,,0,,Month-to-month,7020-OZKXZ,No,Yes,Female,1,637.4,0-12,9,No,No,No,1,Yes,Credit card (automatic),No,No,No,No,No,75.5,Fiber optic,
89.25,24,No,,0,,Month-to-month,7030-NJVDP,No,No,Male,1,2210.2,13-24,24,Yes,No,Yes,0,Yes,Electronic check,Yes,Yes,Yes,No,No,89.25,Fiber optic,
66.4,31,No,,0,,Month-to-month,7036-ZZKBD,No,Yes,Male,1,2019.8,25-36,31,Yes,No,Yes,0,Yes,Credit card (automatic),Yes,Yes,No,No,No,66.4,DSL,
40.2,37,No,,0,,Month-to-month,7041-TXQJH,No,Yes,Female,1,1478.85,37-48,37,No,No,Yes,0,No,Credit card (automatic),No,Yes,No,No,No phone service,40.2,DSL,
70.2,4,No,,0,,Month-to-month,7044-YAACC,No,No,Male,1,280.35,0-12,4,No,No,No,1,Yes,Electronic check,Yes,Yes,No,No,No,70.2,Fiber optic,
20,21,No,,0,,Month-to-month,7047-YXDMZ,No,No,Male,1,417.7,13-24,21,No,No,No,0,Yes,Mailed check,No,No,No,No,No,20,No,
106.4,39,No,,0,,Month-to-month,7048-GXDAY,No,No,Male,1,4040.65,37-48,39,No,Yes,Yes,0,Yes,Electronic check,No,Yes,Yes,Yes,Yes,106.4,Fiber optic,
50.85,9,No,,0,,Month-to-month,7054-ENNGU,No,No,Female,1,466.6,0-12,9,No,No,No,0,Yes,Mailed check,Yes,No,No,Yes,No,50.85,DSL,
55.8,3,No,,0,,Month-to-month,7055-HNEOJ,No,Yes,Male,1,154.55,0-12,3,Yes,No,No,0,Yes,Mailed check,Yes,Yes,No,No,No,55.8,DSL,
78.1,11,No,,0,,Month-to-month,7072-MBHEV,Yes,Yes,Female,1,864.85,0-12,11,No,No,No,1,Yes,Credit card (automatic),Yes,Yes,No,No,Yes,78.1,Fiber optic,
40.6,39,No,,0,,Month-to-month,7074-STDCN,No,No,Male,1,1494.5,37-48,39,Yes,No,Yes,0,No,Electronic check,No,Yes,No,No,No phone service,40.6,DSL,
35,4,No,,0,,Month-to-month,7075-BNDVQ,No,Yes,Female,1,135.75,0-12,4,No,No,No,0,No,Mailed check,No,No,Yes,No,No phone service,35,DSL,
74.15,12,No,,0,,Month-to-month,7077-XJMET,No,Yes,Male,1,741.4,0-12,12,Yes,Yes,Yes,0,Yes,Electronic check,Yes,Yes,No,No,No,74.15,DSL,
35.15,32,No,,0,,Month-to-month,7078-NVFAM,Yes,No,Female,1,1051.05,25-36,32,No,No,No,0,No,Electronic check,Yes,Yes,Yes,Yes,No phone service,35.15,DSL,
74.55,17,No,,0,,Month-to-month,7088-FBAWU,Yes,No,Female,1,1215.8,13-24,17,No,Yes,Yes,0,Yes,Mailed check,Yes,No,Yes,Yes,No,74.55,DSL,
20.05,10,No,,0,,Month-to-month,7094-MSZAO,Yes,No,Male,1,218.5,0-12,10,No,No,No,0,Yes,Credit card (automatic),Yes,Yes,No,No,No,20.05,No,
20.05,1,No,,0,,Month-to-month,7096-UCLNH,No,No,Male,1,20.05,0-12,1,No,No,No,0,Yes,Mailed check,No,No,No,No,No,20.05,No,
25.75,35,No,,0,,Month-to-month,7107-UBYKY,Yes,No,Female,1,882.55,25-36,35,No,No,No,0,Yes,Electronic check,Yes,Yes,No,No,Yes,25.75,No,
45.45,26,No,,0,,Month-to-month,7109-MFBYV,No,No,Male,1,1233.15,25-36,26,No,No,No,0,Yes,Electronic check,No,No,No,No,No,45.45,DSL,
78.9,17,No,,0,,Month-to-month,7126-RBHSD,No,No,Female,1,1348.95,13-24,17,No,No,No,0,Yes,Electronic check,Yes,No,Yes,No,Yes,78.9,Fiber optic,
72.8,46,No,,0,,Month-to-month,7128-GGCNO,No,No,Male,1,3249.4,37-48,46,No,No,No,0,Yes,Bank transfer (automatic),No,No,No,No,Yes,72.8,Fiber optic,
53.8,5,No,,0,,Month-to-month,7129-ACFOG,No,No,Female,1,283.95,0-12,5,No,No,No,0,Yes,Electronic check,No,Yes,Yes,No,Yes,53.8,DSL,
80.05,17,No,,0,,Month-to-month,7129-CAKJW,No,Yes,Female,1,1345.65,13-24,17,No,No,No,0,Yes,Bank transfer (automatic),No,No,No,No,Yes,80.05,Fiber optic,
54.55,16,No,,0,,Month-to-month,7130-CTCUS,No,No,Male,1,825.1,13-24,16,No,No,No,1,Yes,Bank transfer (automatic),Yes,Yes,Yes,Yes,No,54.55,DSL,
111.45,48,No,,0,,Month-to-month,7130-YXBRO,No,Yes,Male,1,5315.1,37-48,48,No,Yes,Yes,0,Yes,Bank transfer (automatic),Yes,Yes,Yes,Yes,Yes,111.45,Fiber optic,
71.35,40,No,,0,,Month-to-month,7136-IHZJA,Yes,No,Female,1,2847.2,37-48,40,Yes,No,Yes,0,Yes,Mailed check,Yes,Yes,Yes,Yes,No,71.35,DSL,
20.45,8,No,,0,,Month-to-month,7140-ADSMJ,No,No,Male,1,162.3,0-12,8,No,No,No,0,Yes,Credit card (automatic),No,Yes,No,No,No,20.45,No,
62.25,10,No,,0,,Month-to-month,7143-BQIBA,No,No,Male,1,612.95,0-12,10,Yes,Yes,No,0,Yes,Bank transfer (automatic),No,No,Yes,No,No,62.25,DSL,
105.3,12,No,,0,,Month-to-month,7145-FEJWU,Yes,Yes,Female,1,1275.65,0-12,12,No,Yes,Yes,0,Yes,Electronic check,No,Yes,No,Yes,Yes,105.3,Fiber optic,
70.35,37,No,,0,,Month-to-month,7147-AYBAA,No,No,Male,1,2552.9,37-48,37,No,No,No,0,Yes,Mailed check,No,Yes,No,No,No,70.35,Fiber optic,
79.4,55,No,,0,,Month-to-month,7148-XZPHA,Yes,No,Male,1,4238.45,49-60,55,Yes,No,No,0,Yes,Electronic check,Yes,No,No,Yes,No,79.4,Fiber optic,
69.15,3,No,,0,,Month-to-month,7159-FVYPK,Yes,Yes,Female,1,235,0-12,3,No,Yes,No,0,Yes,Bank transfer (automatic),Yes,Yes,No,Yes,Yes,69.15,DSL,
19.2,36,No,,0,,Month-to-month,7168-HDQHG,Yes,No,Female,1,702.9,25-36,36,No,No,No,0,Yes,Bank transfer (automatic),Yes,No,No,No,No,19.2,No,
76.15,25,No,,0,,Month-to-month,7175-NTIXE,No,No,Female,1,1992.95,25-36,25,Yes,Yes,Yes,0,Yes,Credit card (automatic),No,Yes,Yes,No,No,76.15,DSL,
49.85,12,No,,0,,Month-to-month,7176-WIONM,No,Yes,Female,1,617.15,0-12,12,No,Yes,Yes,0,No,Bank transfer (automatic),Yes,Yes,No,No,No phone service,49.85,DSL,
103.85,21,No,,0,,Month-to-month,7181-OQCUT,No,Yes,Male,1,2215,13-24,21,No,Yes,Yes,0,Yes,Mailed check,No,No,Yes,No,Yes,103.85,Fiber optic,
70.2,11,No,,0,,Month-to-month,7206-PQBBZ,No,No,Male,1,834.7,0-12,11,No,No,No,1,Yes,Electronic check,Yes,Yes,No,No,No,70.2,Fiber optic,
70.3,24,No,,0,,Month-to-month,7217-JYHOQ,Yes,No,Male,1,1706.45,13-24,24,Yes,No,Yes,0,Yes,Credit card (automatic),Yes,Yes,Yes,Yes,No,70.3,DSL,
20.85,4,No,,0,,Month-to-month,7219-TLZHO,Yes,No,Female,1,62.9,0-12,4,No,No,No,0,Yes,Mailed check,Yes,No,No,No,No,20.85,No,
94.8,17,No,,0,,Month-to-month,7225-CBZPL,No,No,Male,1,1563.9,13-24,17,No,Yes,Yes,1,Yes,Electronic check,Yes,Yes,No,No,Yes,94.8,Fiber optic,
102.4,63,No,,0,,Month-to-month,7233-DRTRF,No,Yes,Male,1,6444.05,61+,63,No,Yes,Yes,0,Yes,Electronic check,Yes,Yes,No,Yes,Yes,102.4,Fiber optic,
34,43,No,,0,,Month-to-month,7233-IOQNP,No,No,Female,1,1505.35,37-48,43,Yes,No,No,0,No,Bank transfer (automatic),Yes,No,Yes,No,No phone service,34,DSL,
19,4,No,,0,,Month-to-month,7234-KMNRQ,No,No,Male,1,73.45,0-12,4,No,No,No,0,Yes,Mailed check,No,No,No,No,No,19,No,
87.65,32,No,,0,,Month-to-month,7241-AJHFS,No,No,Male,1,2766.4,25-36,32,Yes,No,No,0,Yes,Bank transfer (automatic),No,No,Yes,No,Yes,87.65,Fiber optic,
20.9,1,No,,0,,Month-to-month,7243-LCGGZ,No,No,Female,1,20.9,0-12,1,No,No,No,0,Yes,Mailed check,No,No,No,No,No,20.9,No,
69.85,3,No,,0,,Month-to-month,7245-NIIWQ,No,No,Female,1,199.85,0-12,3,No,No,No,0,Yes,Electronic check,No,Yes,No,No,No,69.85,Fiber optic,
54.5,1,No,,0,,Month-to-month,7246-ZGQDF,Yes,No,Female,1,54.5,0-12,1,Yes,No,No,0,Yes,Electronic check,No,No,Yes,No,No,54.5,DSL,
89.2,61,No,,0,,Month-to-month,7251-XFOIL,No,Yes,Female,1,5500.6,61+,61,No,No,Yes,0,Yes,Mailed check,No,No,No,No,Yes,89.2,Fiber optic,
45.15,1,No,,0,,Month-to-month,7252-NTGSS,No,No,Female,1,45.15,0-12,1,No,No,No,0,Yes,Mailed check,No,No,No,No,No,45.15,DSL,
20.45,11,No,,0,,Month-to-month,7266-GSSJX,Yes,No,Male,1,250.8,0-12,11,No,No,No,0,Yes,Electronic check,Yes,Yes,No,No,No,20.45,No,
93.9,18,No,,0,,Month-to-month,7268-IGMFD,No,Yes,Male,1,1743.9,13-24,18,Yes,Yes,No,1,Yes,Bank transfer (automatic),No,No,No,No,Yes,93.9,Fiber optic,
94.45,55,No,,0,,Month-to-month,7271-AJDTL,No,Yes,Female,1,5073.1,49-60,55,No,Yes,No,0,Yes,Credit card (automatic),Yes,Yes,No,Yes,Yes,94.45,Fiber optic,
89.05,22,No,,0,,Month-to-month,7277-OZCGZ,No,No,Female,1,1886.25,13-24,22,Yes,No,Yes,0,Yes,Electronic check,No,Yes,Yes,No,No,89.05,Fiber optic,
80.5,24,No,,0,,Month-to-month,7278-CKDNC,No,No,Male,1,2088.45,13-24,24,No,No,No,1,Yes,Electronic check,No,Yes,No,Yes,Yes,80.5,Fiber optic,
50.95,5,No,,0,,Month-to-month,7284-BUYEC,No,No,Female,1,229.4,0-12,5,No,Yes,Yes,0,No,Credit card (automatic),No,Yes,No,Yes,No phone service,50.95,DSL,
19.65,1,No,,0,,Month-to-month,7291-CDTMJ,No,No,Male,1,19.65,0-12,1,No,No,No,0,Yes,Bank transfer (automatic),No,Yes,No,No,No,19.65,No,
70.2,14,No,,0,,Month-to-month,7296-PIXQY,Yes,No,Female,1,1046.5,13-24,14,No,No,No,0,Yes,Electronic check,Yes,No,No,No,No,70.2,Fiber optic,
19.4,1,No,,0,,Month-to-month,7298-IZWLY,No,No,Female,1,19.4,0-12,1,No,No,No,0,Yes,Mailed check,No,Yes,No,No,No,19.4,No,
84.4,23,No,,0,,Month-to-month,7299-GNVPL,Yes,No,Female,1,1936.85,13-24,23,Yes,No,No,0,Yes,Mailed check,Yes,No,Yes,Yes,No,84.4,Fiber optic,
19.15,1,No,,0,,Month-to-month,7302-ZHMHP,No,No,Female,1,19.15,0-12,1,No,No,No,0,Yes,Mailed check,No,No,No,No,No,19.15,No,
20.2,1,No,,0,,Month-to-month,7310-EGVHZ,No,No,Male,1,20.2,0-12,1,No,No,No,0,Yes,Bank transfer (automatic),No,No,No,No,No,20.2,No,
49.75,1,No,,0,,Month-to-month,7312-XSBAT,No,No,Male,1,49.75,0-12,1,No,No,No,0,Yes,Electronic check,No,No,Yes,No,No,49.75,DSL,
100.75,13,No,,0,,Month-to-month,7315-WYOAW,No,No,Male,1,1313.25,13-24,13,Yes,Yes,Yes,0,Yes,Electronic check,No,No,No,No,Yes,100.75,Fiber optic,
59.25,8,No,,0,,Month-to-month,7318-EIVKO,No,No,Male,1,436.6,0-12,8,No,Yes,No,0,Yes,Electronic check,No,Yes,No,No,Yes,59.25,DSL,
64.3,7,No,,0,,Month-to-month,7319-VENRZ,No,Yes,Male,1,445.95,0-12,7,Yes,Yes,No,0,Yes,Bank transfer (automatic),No,No,No,No,No,64.3,DSL,
70.35,2,No,,0,,Month-to-month,7321-VGNKU,No,No,Female,1,120.25,0-12,2,No,No,No,0,Yes,Electronic check,Yes,Yes,No,No,No,70.35,Fiber optic,
69.8,6,No,,0,,Month-to-month,7326-RIGQZ,Yes,No,Male,1,377.85,0-12,6,No,No,No,0,Yes,Electronic check,Yes,Yes,No,No,No,69.8,Fiber optic,
50.7,4,No,,0,,Month-to-month,7339-POGZN,No,No,Female,1,214.55,0-12,4,No,No,No,0,Yes,Electronic check,No,No,No,No,Yes,50.7,DSL,
23.6,3,No,,0,,Month-to-month,7343-EOBEU,No,No,Male,1,89.05,0-12,3,No,No,No,0,Yes,Mailed check,Yes,Yes,No,No,Yes,23.6,No,
83.25,59,No,,0,,Month-to-month,7346-MEDWM,No,Yes,Female,1,4949.1,49-60,59,No,No,No,0,Yes,Electronic check,No,Yes,No,Yes,Yes,83.25,Fiber optic,
64.95,7,No,,0,,Month-to-month,7351-KYHQH,No,Yes,Female,1,493.65,0-12,7,No,Yes,No,1,Yes,Electronic check,No,Yes,No,Yes,No,64.95,DSL,
50.95,6,No,,0,,Month-to-month,7351-MHQVU,No,No,Female,1,307.6,0-12,6,Yes,No,Yes,0,No,Credit card (automatic),No,No,Yes,Yes,No phone service,50.95,DSL,
75.85,9,No,,0,,Month-to-month,7354-OIJLX,No,No,Male,1,724.65,0-12,9,No,No,No,0,Yes,Electronic check,No,Yes,No,No,Yes,75.85,Fiber optic,
80,46,No,,0,,Month-to-month,7356-IWLFW,Yes,No,Male,1,3769.7,37-48,46,No,No,No,0,Yes,Bank transfer (automatic),Yes,Yes,No,Yes,Yes,80,Fiber optic,
64.45,28,No,,0,,Month-to-month,7361-YPXFS,No,Yes,Female,1,1867.6,25-36,28,Yes,No,No,1,Yes,Bank transfer (automatic),No,No,No,Yes,Yes,64.45,DSL,
79.75,9,No,,0,,Month-to-month,7363-QTBIW,No,No,Female,1,769.1,0-12,9,No,No,Yes,0,Yes,Electronic check,Yes,Yes,No,No,No,79.75,Fiber optic,
24.4,1,No,,0,,Month-to-month,7365-BVCJH,No,No,Male,1,24.4,0-12,1,No,No,No,0,No,Electronic check,No,Yes,No,No,No phone service,24.4,DSL,
100.2,2,No,,0,,Month-to-month,7379-FNIUJ,No,No,Male,1,198.5,0-12,2,No,Yes,Yes,0,Yes,Electronic check,No,No,Yes,Yes,No,100.2,Fiber optic,
55.2,18,No,,0,,Month-to-month,7382-DFJTU,No,Yes,Male,1,1058.1,13-24,18,Yes,No,No,0,Yes,Credit card (automatic),No,No,No,No,No,55.2,DSL,
30.25,2,No,,0,,Month-to-month,7389-KBFIT,Yes,No,Female,1,63.75,0-12,2,No,No,No,0,No,Mailed check,Yes,Yes,No,Yes,No phone service,30.25,DSL,
100.65,22,No,,0,,Month-to-month,7392-YYPYJ,No,No,Male,1,2415.95,13-24,22,No,Yes,Yes,0,Yes,Electronic check,No,Yes,No,Yes,Yes,100.65,Fiber optic,
70.15,2,No,,0,,Month-to-month,7394-LWLYN,No,No,Female,1,123.8,0-12,2,No,No,No,0,Yes,Electronic check,No,Yes,No,No,No,70.15,Fiber optic,
55,20,No,,0,,Month-to-month,7395-XWZOY,No,Yes,Male,1,1165.55,13-24,20,Yes,Yes,No,0,No,Credit card (automatic),No,Yes,Yes,Yes,No phone service,55,DSL,
45.25,4,No,,0,,Month-to-month,7396-VJUZB,Yes,No,Male,1,155.35,0-12,4,No,No,No,0,Yes,Mailed check,Yes,No,No,No,No,45.25,DSL,
84.8,44,No,,0,,Month-to-month,7398-LXGYX,No,Yes,Male,1,3626.35,37-48,44,No,No,No,0,Yes,Credit card (automatic),Yes,Yes,Yes,No,Yes,84.8,Fiber optic,
94.9,3,No,,0,,Month-to-month,7398-SKNQZ,No,No,Female,1,273.2,0-12,3,No,Yes,Yes,0,Yes,Electronic check,Yes,No,No,No,Yes,94.9,Fiber optic,
74.8,18,No,,0,,Month-to-month,7401-RUBNK,No,No,Female,1,1438.05,13-24,18,No,No,No,0,Yes,Electronic check,Yes,No,Yes,No,No,74.8,Fiber optic,
93.6,26,No,,0,,Month-to-month,7402-EYFXX,No,No,Male,1,2404.1,25-36,26,No,Yes,Yes,1,Yes,Electronic check,No,Yes,No,No,Yes,93.6,Fiber optic,
57.55,3,No,,0,,Month-to-month,7404-JLKQG,No,Yes,Female,1,161.45,0-12,3,No,Yes,No,0,Yes,Electronic check,No,No,No,No,No,57.55,DSL,
20.6,25,No,,0,,Month-to-month,7407-SUJIZ,No,No,Male,1,541.5,25-36,25,No,No,No,0,Yes,Mailed check,No,No,No,No,No,20.6,No,
79.85,10,No,,0,,Month-to-month,7410-OIEDU,No,Yes,Male,1,887.35,0-12,10,No,No,No,0,Yes,Mailed check,No,Yes,Yes,No,No,79.85,Fiber optic,
29.25,8,No,,0,,Month-to-month,7421-ZLUPA,No,No,Female,1,226.95,0-12,8,No,No,No,0,No,Mailed check,No,Yes,No,Yes,No phone service,29.25,DSL,
93.35,33,No,,0,,Month-to-month,7422-WNBTY,No,Yes,Male,1,3092,25-36,33,No,No,Yes,0,Yes,Electronic check,Yes,Yes,No,Yes,Yes,93.35,Fiber optic,
103.5,64,No,,0,,Month-to-month,7426-GSWPO,No,No,Male,1,6548.65,61+,64,No,Yes,Yes,1,Yes,Bank transfer (automatic),No,Yes,Yes,Yes,Yes,103.5,Fiber optic,
95.9,9,No,,0,,Month-to-month,7426-RHZGU,No,No,Male,1,827.45,0-12,9,Yes,Yes,Yes,0,Yes,Bank transfer (automatic),No,Yes,No,No,No,95.9,Fiber optic,
80.95,60,No,,0,,Month-to-month,7426-WEIJX,Yes,No,Male,1,4859.1,49-60,60,No,No,No,1,Yes,Electronic check,Yes,Yes,Yes,No,Yes,80.95,Fiber optic,
80.55,1,No,,0,,Month-to-month,7439-DKZTW,No,No,Male,1,80.55,0-12,1,No,Yes,No,0,Yes,Electronic check,No,Yes,No,No,No,80.55,Fiber optic,
49.8,1,No,,0,,Month-to-month,7442-YGZFK,No,No,Male,1,49.8,0-12,1,No,No,No,0,Yes,Credit card (automatic),No,Yes,No,No,Yes,49.8,DSL,
60.25,11,No,,0,,Month-to-month,7446-YPODE,No,No,Male,1,662.95,0-12,11,No,No,No,1,Yes,Bank transfer (automatic),No,No,Yes,Yes,Yes,60.25,DSL,
90.4,55,No,,0,,Month-to-month,7449-HVPIV,Yes,Yes,Male,1,5099.15,49-60,55,No,Yes,No,0,Yes,Credit card (automatic),Yes,Yes,No,No,Yes,90.4,Fiber optic,
69.95,38,No,,0,,Month-to-month,7459-IMVYU,No,Yes,Male,1,2657.55,37-48,38,Yes,No,No,0,Yes,Electronic check,No,No,Yes,Yes,Yes,69.95,DSL,
86.1,45,No,,0,,Month-to-month,7460-ITWWP,No,Yes,Female,1,3861.45,37-48,45,No,No,Yes,1,Yes,Electronic check,Yes,Yes,No,No,No,86.1,Fiber optic,
70.35,1,No,,0,,Month-to-month,7465-ZZRVX,No,No,Male,1,70.35,0-12,1,No,No,No,0,Yes,Electronic check,No,Yes,No,No,No,70.35,Fiber optic,
92.95,37,No,,0,,Month-to-month,7483-IQWIB,Yes,Yes,Male,1,3415.25,37-48,37,No,Yes,No,0,Yes,Electronic check,Yes,Yes,No,Yes,Yes,92.95,Fiber optic,
51.55,2,No,,0,,Month-to-month,7501-VTYLJ,Yes,No,Female,1,106.2,0-12,2,No,No,No,0,Yes,Mailed check,No,No,No,Yes,No,51.55,DSL,
69.1,46,No,,0,,Month-to-month,7502-BNYGS,No,No,Female,1,3168,37-48,46,No,Yes,Yes,0,Yes,Credit card (automatic),Yes,Yes,No,Yes,No,69.1,DSL,
69.75,25,No,,0,,Month-to-month,7504-UWHNB,No,No,Male,1,1729.35,25-36,25,No,No,No,0,Yes,Electronic check,No,No,No,No,No,69.75,Fiber optic,
89,15,No,,0,,Month-to-month,7508-SMHXL,No,No,Female,1,1288.3,13-24,15,No,Yes,No,1,Yes,Credit card (automatic),No,No,No,Yes,Yes,89,Fiber optic,
84.6,12,No,,0,,Month-to-month,7517-LDMPS,No,No,Female,1,1017.35,0-12,12,No,No,Yes,0,Yes,Electronic check,No,Yes,No,Yes,No,84.6,Fiber optic,
67.45,66,No,,0,,Month-to-month,7520-HQWJU,Yes,Yes,Female,1,4508.65,61+,66,No,No,No,0,Yes,Bank transfer (automatic),Yes,Yes,Yes,Yes,Yes,67.45,DSL,
44.8,5,No,,0,,Month-to-month,7521-AFHAB,Yes,No,Female,1,220.45,0-12,5,No,No,No,0,Yes,Mailed check,Yes,No,No,No,No,44.8,DSL,
19.95,3,No,,0,,Month-to-month,7521-YXVZY,Yes,No,Male,1,58.3,0-12,3,No,No,No,0,Yes,Mailed check,No,No,No,No,No,19.95,No,
19.65,3,No,,0,,Month-to-month,7526-IVLYU,No,No,Male,1,68.35,0-12,3,No,No,No,0,Yes,Mailed check,No,Yes,No,No,No,19.65,No,
89.85,57,No,,0,,Month-to-month,7529-ZDFXI,No,No,Male,1,4925.35,49-60,57,No,No,Yes,1,Yes,Electronic check,Yes,Yes,No,Yes,Yes,89.85,Fiber optic,
20.05,12,No,,0,,Month-to-month,7531-GQHME,No,No,Male,1,265.45,0-12,12,No,No,No,0,Yes,Credit card (automatic),No,No,No,No,No,20.05,No,
109.4,63,No,,0,,Month-to-month,7537-CBQUZ,No,Yes,Male,1,7031.45,61+,63,No,Yes,Yes,1,Yes,Bank transfer (automatic),No,Yes,Yes,Yes,Yes,109.4,Fiber optic,
25.15,1,No,,0,,Month-to-month,7537-RBWEA,No,No,Female,1,25.15,0-12,1,No,No,No,0,No,Mailed check,No,Yes,No,No,No phone service,25.15,DSL,
20.05,18,No,,0,,Month-to-month,7542-CYDDM,No,No,Male,1,358.5,13-24,18,No,No,No,0,Yes,Mailed check,No,No,No,No,No,20.05,No,
45.65,6,No,,0,,Month-to-month,7554-AKDQF,No,No,Female,1,323.45,0-12,6,No,No,No,0,Yes,Mailed check,Yes,No,No,No,No,45.65,DSL,
70.15,13,No,,0,,Month-to-month,7562-UXTPG,No,No,Female,1,886.7,13-24,13,No,No,No,0,Yes,Mailed check,No,Yes,No,No,No,70.15,Fiber optic,
79.85,24,No,,0,,Month-to-month,7567-ECMCM,No,No,Male,1,2001,13-24,24,No,No,Yes,0,Yes,Credit card (automatic),No,Yes,No,No,No,79.85,Fiber optic,
110.2,46,No,,0,,Month-to-month,7576-JMYWV,Yes,No,Female,1,4972.1,37-48,46,Yes,Yes,Yes,1,Yes,Electronic check,Yes,Yes,Yes,Yes,Yes,110.2,Fiber optic,
89.25,1,No,,0,,Month-to-month,7577-SWIFR,No,No,Male,1,89.25,0-12,1,No,Yes,Yes,0,Yes,Electronic check,No,Yes,No,No,No,89.25,Fiber optic,
84.9,40,No,,0,,Month-to-month,7586-ZATGZ,No,No,Male,1,3369.05,37-48,40,No,Yes,No,0,Yes,Electronic check,No,Yes,No,No,Yes,84.9,Fiber optic,
100.75,27,No,,0,,Month-to-month,7587-AOVVU,Yes,No,Male,1,2793.55,25-36,27,Yes,Yes,No,0,Yes,Electronic check,Yes,No,Yes,Yes,Yes,100.75,Fiber optic,
29.85,1,No,,0,,Month-to-month,7590-VHVEG,No,No,Female,1,29.85,0-12,1,No,No,No,0,No,Electronic check,Yes,Yes,No,Yes,No phone service,29.85,DSL,
69.15,34,No,,0,,Month-to-month,7594-LZNWR,No,No,Male,1,2275.1,25-36,34,No,No,No,1,Yes,Credit card (automatic),No,No,No,No,No,69.15,Fiber optic,
50.6,32,No,,0,,Month-to-month,7595-EHCDL,Yes,Yes,Male,1,1653.45,25-36,32,No,Yes,Yes,0,No,Credit card (automatic),Yes,No,No,No,No phone service,50.6,DSL,
19.55,1,No,,0,,Month-to-month,7601-WFVZV,No,No,Male,1,19.55,0-12,1,No,No,No,0,Yes,Mailed check,No,No,No,No,No,19.55,No,
50.25,45,No,,0,,Month-to-month,7605-SNLQG,No,Yes,Female,1,2221.55,37-48,45,No,No,No,0,Yes,Credit card (automatic),Yes,Yes,No,No,No,50.25,DSL,
26.35,15,No,,0,,Month-to-month,7610-TVOPG,No,No,Male,1,378.6,13-24,15,No,No,No,0,Yes,Electronic check,No,Yes,No,No,Yes,26.35,No,
75,22,No,,0,,Month-to-month,7611-YKYTC,Yes,No,Male,1,1573.95,13-24,22,No,No,No,0,Yes,Bank transfer (automatic),Yes,No,Yes,No,No,75,Fiber optic,
19.45,1,No,,0,,Month-to-month,7617-EYGLW,No,No,Male,1,19.45,0-12,1,No,No,No,0,Yes,Electronic check,No,No,No,No,No,19.45,No,
85.9,42,No,,0,,Month-to-month,7621-VPNET,No,Yes,Female,1,3729.75,37-48,42,Yes,No,No,0,Yes,Credit card (automatic),Yes,Yes,No,No,Yes,85.9,Fiber optic,
30.1,28,No,,0,,Month-to-month,7622-NXQZR,No,No,Male,1,810.85,25-36,28,Yes,No,No,0,No,Credit card (automatic),No,Yes,No,No,No phone service,30.1,DSL,
19.7,6,No,,0,,Month-to-month,7623-HKYRK,Yes,No,Male,1,111.65,0-12,6,No,No,No,0,Yes,Mailed check,No,No,No,No,No,19.7,No,
38.5,8,No,,0,,Month-to-month,7634-WSWDB,Yes,No,Female,1,330.8,0-12,8,No,No,Yes,0,No,Electronic check,No,Yes,Yes,No,No phone service,38.5,DSL,
29.35,12,No,,0,,Month-to-month,7636-OWBPG,No,No,Male,1,381.2,0-12,12,No,No,No,1,No,Credit card (automatic),No,Yes,No,Yes,No phone service,29.35,DSL,
19.9,2,No,,0,,Month-to-month,7636-XUHWW,No,No,Male,1,33.7,0-12,2,No,No,No,0,Yes,Credit card (automatic),No,Yes,No,No,No,19.9,No,
86.55,21,No,,0,,Month-to-month,7658-UYUQS,No,Yes,Male,1,1857.25,13-24,21,No,Yes,No,1,Yes,Bank transfer (automatic),Yes,No,No,No,No,86.55,Fiber optic,
92.55,17,No,,0,,Month-to-month,7668-XCFYV,No,No,Female,1,1614.7,13-24,17,No,Yes,Yes,1,Yes,Electronic check,Yes,Yes,No,No,Yes,92.55,Fiber optic,
56.3,12,No,,0,,Month-to-month,7669-LCRSD,Yes,No,Male,1,628.65,0-12,12,No,Yes,No,0,Yes,Mailed check,Yes,Yes,No,No,No,56.3,DSL,
55.7,57,No,,0,,Month-to-month,7672-VFMXZ,No,No,Male,1,3171.6,49-60,57,Yes,No,No,0,Yes,Electronic check,Yes,No,Yes,No,No,55.7,DSL,
89.85,34,No,,0,,Month-to-month,7682-AZNDK,Yes,Yes,Male,1,3091.75,25-36,34,No,Yes,No,0,Yes,Electronic check,Yes,Yes,No,Yes,No,89.85,Fiber optic,
65,53,No,,0,,Month-to-month,7691-KGKGP,Yes,No,Male,1,3363.8,49-60,53,Yes,Yes,No,0,Yes,Credit card (automatic),Yes,No,No,Yes,No,65,DSL,
72.95,52,No,,0,,Month-to-month,7693-QPEFS,No,No,Male,1,3829.75,49-60,52,No,No,No,1,Yes,Bank transfer (automatic),No,Yes,No,No,Yes,72.95,Fiber optic,
20,1,No,,0,,Month-to-month,7698-YFGEZ,No,No,Male,1,20,0-12,1,No,No,No,0,Yes,Mailed check,No,No,No,No,No,20,No,
20.45,11,No,,0,,Month-to-month,7706-DZNKK,No,No,Male,1,237.3,0-12,11,No,No,No,0,Yes,Credit card (automatic),No,Yes,No,No,No,20.45,No,
61.9,40,No,,0,,Month-to-month,7707-PYBBH,No,No,Male,1,2647.1,37-48,40,Yes,No,No,0,Yes,Mailed check,No,Yes,Yes,Yes,No,61.9,DSL,
100.5,26,No,,0,,Month-to-month,7714-YXSMB,No,Yes,Female,1,2599.95,25-36,26,No,Yes,Yes,0,Yes,Bank transfer (automatic),No,Yes,No,No,Yes,100.5,Fiber optic,
68.6,15,No,,0,,Month-to-month,7718-RXDGG,No,No,Male,1,1108.6,13-24,15,No,No,No,0,Yes,Bank transfer (automatic),Yes,Yes,No,No,No,68.6,Fiber optic,
19.65,1,No,,0,,Month-to-month,7721-DVEKZ,No,No,Female,1,19.65,0-12,1,No,No,No,0,Yes,Mailed check,No,No,No,No,No,19.65,No,
19.5,9,No,,0,,Month-to-month,7727-SHVZV,No,No,Female,1,150.35,0-12,9,No,No,No,0,Yes,Bank transfer (automatic),No,No,No,No,No,19.5,No,
44.5,2,No,,0,,Month-to-month,7729-JTEEC,Yes,No,Male,1,90.05,0-12,2,No,No,No,0,Yes,Electronic check,Yes,Yes,No,No,No,44.5,DSL,
55,57,No,,0,,Month-to-month,7733-UDMTP,No,Yes,Female,1,3094.05,49-60,57,No,Yes,Yes,1,No,Electronic check,No,Yes,No,Yes,No phone service,55,DSL,
30.05,51,No,,0,,Month-to-month,7740-KKCXF,No,No,Male,1,1529.45,49-60,51,No,No,No,0,No,Credit card (automatic),Yes,Yes,No,Yes,No phone service,30.05,DSL,
48.8,6,No,,0,,Month-to-month,7742-MYPGI,Yes,No,Female,1,297.35,0-12,6,Yes,No,No,0,Yes,Mailed check,Yes,Yes,No,No,No,48.8,DSL,
35.75,28,No,,0,,Month-to-month,7746-AWNQW,No,Yes,Female,1,961.4,25-36,28,Yes,No,No,0,No,Mailed check,No,Yes,No,No,No phone service,35.75,DSL,
101.3,30,No,,0,,Month-to-month,7748-UMTRK,Yes,No,Female,1,2974.5,25-36,30,Yes,Yes,Yes,1,Yes,Electronic check,No,Yes,No,No,Yes,101.3,Fiber optic,
45.35,1,No,,0,,Month-to-month,7754-IXRMC,No,No,Female,1,45.35,0-12,1,No,No,No,0,Yes,Mailed check,No,No,No,No,No,45.35,DSL,
20.85,3,No,,0,,Month-to-month,7764-BDPEE,Yes,No,Male,1,60.65,0-12,3,No,No,No,0,Yes,Mailed check,No,No,No,No,No,20.85,No,
60.95,10,No,,0,,Month-to-month,7766-CLTIC,No,No,Female,1,629.55,0-12,10,Yes,No,Yes,0,Yes,Mailed check,No,Yes,No,No,No,60.95,DSL,
81.5,39,No,,0,,Month-to-month,7776-QGYJC,Yes,Yes,Female,1,3107.3,37-48,39,Yes,No,No,0,Yes,Bank transfer (automatic),Yes,Yes,No,No,No,81.5,Fiber optic,
20.1,12,No,,0,,Month-to-month,7777-UNYHB,Yes,No,Female,1,232.4,0-12,12,No,No,No,0,Yes,Credit card (automatic),Yes,Yes,No,No,No,20.1,No,
19.3,3,No,,0,,Month-to-month,7785-RDVIG,Yes,No,Female,1,54.7,0-12,3,No,No,No,0,Yes,Mailed check,Yes,No,No,No,No,19.3,No,
20.15,6,No,,0,,Month-to-month,7787-BNTZM,No,No,Male,1,130.5,0-12,6,No,No,No,0,Yes,Bank transfer (automatic),No,No,No,No,No,20.15,No,
94.2,61,No,,0,,Month-to-month,7789-CRUVC,No,Yes,Female,1,5895.45,61+,61,Yes,No,No,1,Yes,Credit card (automatic),Yes,Yes,Yes,Yes,Yes,94.2,Fiber optic,
50.75,1,No,,0,,Month-to-month,7794-JASDG,No,No,Male,1,50.75,0-12,1,No,No,No,0,Yes,Mailed check,No,Yes,Yes,No,No,50.75,DSL,
66.05,8,No,,0,,Month-to-month,7797-EJMDP,No,No,Female,1,574.5,0-12,8,Yes,No,Yes,0,Yes,Bank transfer (automatic),No,No,Yes,No,No,66.05,DSL,
69.65,14,No,,0,,Month-to-month,7798-JVXYM,No,No,Female,1,921.4,13-24,14,Yes,Yes,Yes,0,Yes,Electronic check,No,Yes,No,No,No,69.65,DSL,
68.35,18,No,,0,,Month-to-month,7799-DSEWS,No,Yes,Male,1,1299.8,13-24,18,Yes,Yes,No,0,Yes,Electronic check,No,Yes,Yes,No,No,68.35,DSL,
74.15,18,No,,0,,Month-to-month,7801-KICAO,No,No,Female,1,1345.75,13-24,18,No,No,No,0,Yes,Electronic check,No,Yes,No,No,Yes,74.15,Fiber optic,
84.05,52,No,,0,,Month-to-month,7803-XOCCZ,Yes,Yes,Female,1,4326.8,49-60,52,Yes,No,No,0,Yes,Bank transfer (automatic),Yes,Yes,Yes,No,No,84.05,Fiber optic,
20,3,No,,0,,Month-to-month,7808-DVWEP,No,No,Male,1,49.65,0-12,3,No,No,No,0,Yes,Bank transfer (automatic),Yes,No,No,No,No,20,No,
49.7,23,No,,0,,Month-to-month,7811-JIVPF,No,Yes,Female,1,1081.25,13-24,23,No,No,No,0,Yes,Credit card (automatic),No,No,No,No,No,49.7,DSL,
96.6,31,No,,0,,Month-to-month,7813-ZGGAW,No,Yes,Male,1,2877.95,25-36,31,Yes,Yes,No,1,Yes,Bank transfer (automatic),No,Yes,No,No,Yes,96.6,Fiber optic,
20.3,1,No,,0,,Month-to-month,7814-LEEVE,No,No,Female,1,20.3,0-12,1,No,No,No,0,Yes,Bank transfer (automatic),Yes,Yes,No,No,No,20.3,No,
107.7,68,No,,0,,Month-to-month,7821-DPRQE,No,No,Male,1,7320.9,61+,68,Yes,Yes,Yes,0,Yes,Electronic check,Yes,Yes,Yes,Yes,Yes,107.7,Fiber optic,
74.5,3,No,,0,,Month-to-month,7823-JSOAG,No,No,Male,1,217.45,0-12,3,No,No,No,0,Yes,Electronic check,No,No,No,No,Yes,74.5,Fiber optic,
80.65,58,No,,0,,Month-to-month,7824-PANSQ,No,No,Male,1,4807.35,49-60,58,Yes,No,No,0,Yes,Bank transfer (automatic),No,No,No,No,Yes,80.65,Fiber optic,
59.8,61,No,,0,,Month-to-month,7839-NUIAA,Yes,No,Female,1,3641.5,61+,61,No,No,No,0,Yes,Electronic check,Yes,No,Yes,Yes,Yes,59.8,DSL,
75,23,No,,0,,Month-to-month,7850-VWJUU,No,No,Female,1,1778.5,13-24,23,No,No,No,0,Yes,Bank transfer (automatic),No,Yes,Yes,No,No,75,Fiber optic,
93.8,13,No,,0,,Month-to-month,7852-LECYP,No,No,Male,1,1261,13-24,13,No,No,Yes,1,Yes,Credit card (automatic),Yes,No,Yes,Yes,Yes,93.8,Fiber optic,
29.05,4,No,,0,,Month-to-month,7853-OETYL,No,No,Female,1,129.6,0-12,4,No,No,No,0,No,Electronic check,Yes,Yes,Yes,No,No phone service,29.05,DSL,
19.75,1,No,,0,,Month-to-month,7853-WNZSY,No,No,Male,1,19.75,0-12,1,No,No,No,0,Yes,Credit card (automatic),No,Yes,No,No,No,19.75,No,
68.65,21,No,,0,,Month-to-month,7855-DIWPO,No,No,Female,1,1493.2,13-24,21,No,No,No,0,Yes,Electronic check,No,Yes,No,No,No,68.65,Fiber optic,
86.55,12,No,,0,,Month-to-month,7858-GTZSP,No,No,Female,1,1066.9,0-12,12,No,No,Yes,0,Yes,Electronic check,No,Yes,No,No,Yes,86.55,Fiber optic,
59.05,31,No,,0,,Month-to-month,7869-ZYDST,No,No,Male,1,1882.8,25-36,31,No,Yes,No,0,Yes,Credit card (automatic),Yes,Yes,No,No,Yes,59.05,DSL,
54.9,67,No,,0,,Month-to-month,7872-RDDLZ,No,No,Female,1,3725.5,61+,67,No,No,No,1,Yes,Electronic check,No,No,No,Yes,Yes,54.9,DSL,
20.05,4,No,,0,,Month-to-month,7874-ECPQJ,Yes,No,Female,1,85.5,0-12,4,No,No,No,0,Yes,Bank transfer (automatic),No,Yes,No,No,No,20.05,No,
48.8,15,No,,0,,Month-to-month,7876-BEUTG,No,No,Female,1,720.1,13-24,15,No,No,No,0,Yes,Mailed check,No,Yes,No,No,Yes,48.8,DSL,
44.55,4,No,,0,,Month-to-month,7878-JGDKK,No,No,Male,1,220.75,0-12,4,No,No,No,0,Yes,Mailed check,No,No,No,No,No,44.55,DSL,
19.9,1,No,,0,,Month-to-month,7878-RTCZG,No,No,Female,1,19.9,0-12,1,No,No,No,0,Yes,Mailed check,No,No,No,No,No,19.9,No,
42.4,4,No,,0,,Month-to-month,7880-XSOJX,No,No,Male,1,146.4,0-12,4,Yes,No,No,0,No,Mailed check,No,No,Yes,Yes,No phone service,42.4,DSL,
44.9,19,No,,0,,Month-to-month,7883-ROJOC,No,No,Female,1,839.65,13-24,19,No,No,No,0,Yes,Mailed check,Yes,No,No,No,No,44.9,DSL,
85.6,23,No,,0,,Month-to-month,7892-QVYKW,Yes,No,Female,1,1868.4,13-24,23,No,No,Yes,0,Yes,Electronic check,Yes,No,No,No,Yes,85.6,Fiber optic,
48.25,25,No,,0,,Month-to-month,7895-VONWT,No,Yes,Female,1,1293.8,25-36,25,No,Yes,Yes,0,No,Electronic check,No,Yes,No,No,No phone service,48.25,DSL,
76.45,14,No,,0,,Month-to-month,7901-HXJVA,No,Yes,Male,1,1117.55,13-24,14,No,No,No,0,Yes,Electronic check,No,No,No,No,No,76.45,Fiber optic,
101.05,56,No,,0,,Month-to-month,7901-TBKJX,No,Yes,Male,1,5594,49-60,56,No,Yes,Yes,1,Yes,Electronic check,No,Yes,No,No,Yes,101.05,Fiber optic,
64.2,7,No,,0,,Month-to-month,7905-NJMXS,No,No,Male,1,475,0-12,7,Yes,No,No,1,Yes,Electronic check,Yes,No,Yes,Yes,Yes,64.2,DSL,
64.35,5,No,,0,,Month-to-month,7905-TVXTA,No,No,Female,1,352.65,0-12,5,Yes,Yes,No,0,Yes,Electronic check,No,Yes,Yes,No,No,64.35,DSL,
24.85,19,No,,0,,Month-to-month,7909-FIOIY,Yes,No,Female,1,434.8,13-24,19,No,No,No,0,No,Mailed check,Yes,Yes,No,No,No phone service,24.85,DSL,
73.25,16,No,,0,,Month-to-month,7916-VCCPB,Yes,No,Female,1,1195.75,13-24,16,No,No,No,0,Yes,Bank transfer (automatic),Yes,No,No,Yes,No,73.25,Fiber optic,
69.3,25,No,,0,,Month-to-month,7924-GJZFI,No,No,Female,1,1813.1,25-36,25,No,No,No,1,Yes,Electronic check,Yes,Yes,No,No,No,69.3,Fiber optic,
81.3,45,No,,0,,Month-to-month,7925-PNRGI,Yes,Yes,Female,1,3541.1,37-48,45,Yes,Yes,No,0,Yes,Mailed check,Yes,No,Yes,Yes,Yes,81.3,DSL,
19.3,1,No,,0,,Month-to-month,7926-IJOOU,No,No,Male,1,19.3,0-12,1,No,No,No,0,Yes,Credit card (automatic),No,No,No,No,No,19.3,No,
90.6,11,No,,0,,Month-to-month,7928-VJYAB,Yes,No,Male,1,1020.2,0-12,11,No,Yes,Yes,0,Yes,Electronic check,Yes,No,No,No,No,90.6,Fiber optic,
81,20,No,,0,,Month-to-month,7929-DMBCV,No,Yes,Female,1,1683.7,13-24,20,Yes,No,No,0,Yes,Mailed check,Yes,Yes,No,No,No,81,Fiber optic,
34.7,11,No,,0,,Month-to-month,7950-XWOVN,No,Yes,Male,1,383.55,0-12,11,No,No,No,0,No,Mailed check,No,No,No,Yes,No phone service,34.7,DSL,
89.85,3,No,,0,,Month-to-month,7952-OBOYL,No,Yes,Male,1,244.45,0-12,3,Yes,Yes,No,0,Yes,Mailed check,No,Yes,No,No,No,89.85,Fiber optic,
19.4,27,No,,0,,Month-to-month,7956-XQWGU,No,No,Male,1,460.25,25-36,27,No,No,No,0,Yes,Credit card (automatic),No,Yes,No,No,No,19.4,No,
80.35,21,No,,0,,Month-to-month,7964-VEXDG,Yes,No,Male,1,1747.2,13-24,21,No,No,No,0,Yes,Electronic check,No,No,Yes,No,Yes,80.35,Fiber optic,
66.3,24,No,,0,,Month-to-month,7964-YESJC,No,Yes,Female,1,1559.45,13-24,24,No,No,No,0,Yes,Mailed check,Yes,No,Yes,Yes,Yes,66.3,DSL,
54.5,10,No,,0,,Month-to-month,7966-YOTQW,No,No,Male,1,568.2,0-12,10,No,No,No,0,Yes,Credit card (automatic),No,Yes,Yes,No,Yes,54.5,DSL,
70.7,8,No,,0,,Month-to-month,7967-HYCDE,No,No,Male,1,553.4,0-12,8,No,No,No,0,Yes,Bank transfer (automatic),No,No,No,No,No,70.7,Fiber optic,
18.95,6,No,,0,,Month-to-month,7968-QUXNS,No,No,Male,1,110.15,0-12,6,No,No,No,0,Yes,Mailed check,No,No,No,No,No,18.95,No,
20.7,4,No,,0,,Month-to-month,7976-CICYS,No,No,Male,1,83.75,0-12,4,No,No,No,0,Yes,Credit card (automatic),No,Yes,No,No,No,20.7,No,
74.6,25,No,,0,,Month-to-month,7978-DKUQH,No,Yes,Female,1,1797.75,25-36,25,No,No,No,0,Yes,Electronic check,Yes,Yes,No,No,No,74.6,Fiber optic,
94.8,36,No,,0,,Month-to-month,7982-VCELR,No,No,Female,1,3565.65,25-36,36,No,Yes,Yes,0,Yes,Credit card (automatic),No,Yes,No,Yes,No,94.8,Fiber optic,
39.2,49,No,,0,,Month-to-month,7989-AWGEH,Yes,No,Male,1,1838.15,49-60,49,No,No,Yes,0,No,Electronic check,Yes,Yes,Yes,No,No phone service,39.2,DSL,
83.25,18,No,,0,,Month-to-month,7989-VCQOH,Yes,Yes,Male,1,1611.15,13-24,18,Yes,Yes,Yes,0,Yes,Electronic check,Yes,No,Yes,No,No,83.25,DSL,
75.1,15,No,,0,,Month-to-month,7993-NQLJE,Yes,No,Male,1,1151.55,13-24,15,No,No,No,0,Yes,Mailed check,Yes,No,Yes,No,No,75.1,Fiber optic,
85.65,8,No,,0,,Month-to-month,7994-UYIVZ,No,No,Male,1,659.45,0-12,8,No,No,Yes,0,Yes,Bank transfer (automatic),Yes,Yes,No,No,Yes,85.65,Fiber optic,
20.45,15,No,,0,,Month-to-month,7998-ZLXWN,No,No,Female,1,330.8,13-24,15,No,No,No,0,Yes,Credit card (automatic),Yes,No,No,No,No,20.45,No,
21.2,10,No,,0,,Month-to-month,8003-EWNDZ,No,No,Female,1,222.65,0-12,10,No,No,No,0,Yes,Electronic check,No,Yes,No,No,No,21.2,No,
20.1,2,No,,0,,Month-to-month,8006-PYCSW,No,No,Female,1,39.8,0-12,2,No,No,No,0,Yes,Mailed check,No,No,No,No,No,20.1,No,
90.25,43,No,,0,,Month-to-month,8012-SOUDQ,No,No,Female,1,3838.75,37-48,43,No,Yes,No,1,Yes,Electronic check,No,Yes,No,Yes,Yes,90.25,Fiber optic,
116.5,55,No,,0,,Month-to-month,8016-NCFVO,No,Yes,Male,1,6382.55,49-60,55,Yes,Yes,Yes,1,Yes,Electronic check,No,Yes,Yes,Yes,Yes,116.5,Fiber optic,
56.6,40,No,,0,,Month-to-month,8017-UVSZU,No,No,Female,1,2379.1,37-48,40,No,No,No,0,Yes,Credit card (automatic),Yes,No,No,Yes,Yes,56.6,DSL,
76.85,56,No,,0,,Month-to-month,8023-QHAIO,No,No,Female,1,4275.75,49-60,56,Yes,No,No,1,Yes,Bank transfer (automatic),Yes,Yes,No,No,Yes,76.85,Fiber optic,
59.85,39,No,,0,,Month-to-month,8033-ATFAS,Yes,Yes,Female,1,2341.5,37-48,39,No,Yes,No,0,Yes,Mailed check,Yes,Yes,No,No,No,59.85,DSL,
89.25,6,No,,0,,Month-to-month,8035-PWSEV,No,Yes,Female,1,487.05,0-12,6,Yes,No,Yes,0,Yes,Electronic check,No,Yes,No,No,No,89.25,Fiber optic,
71.1,1,No,,0,,Month-to-month,8040-MNRTF,No,No,Female,1,71.1,0-12,1,No,No,No,0,Yes,Mailed check,No,No,No,No,No,71.1,Fiber optic,
21.15,12,No,,0,,Month-to-month,8044-BGWPI,Yes,No,Male,1,306.05,0-12,12,No,No,No,0,Yes,Electronic check,Yes,Yes,No,No,No,21.15,No,
20.2,1,No,,0,,Month-to-month,8048-DSDFQ,No,No,Male,1,20.2,0-12,1,No,No,No,0,Yes,Mailed check,No,No,No,No,No,20.2,No,
60.2,10,No,,0,,Month-to-month,8049-WJCLQ,Yes,Yes,Male,1,563.5,0-12,10,No,Yes,No,0,Yes,Mailed check,Yes,No,No,No,No,60.2,DSL,
90.05,54,No,,0,,Month-to-month,8058-DMYRU,No,No,Male,1,4931.8,49-60,54,No,No,Yes,1,Yes,Electronic check,No,Yes,No,Yes,Yes,90.05,Fiber optic,
105.35,33,No,,0,,Month-to-month,8059-UDZFY,Yes,Yes,Female,1,3465.05,25-36,33,No,Yes,Yes,1,Yes,Bank transfer (automatic),No,Yes,No,Yes,Yes,105.35,Fiber optic,
49.85,1,No,,0,,Month-to-month,8064-RAVOH,Yes,Yes,Male,1,49.85,0-12,1,No,No,No,0,Yes,Electronic check,No,Yes,No,No,No,49.85,DSL,
99.1,65,No,,0,,Month-to-month,8065-BVEPF,No,Yes,Male,1,6496.15,61+,65,No,Yes,Yes,1,Yes,Bank transfer (automatic),No,Yes,No,Yes,No,99.1,Fiber optic,
31.1,14,No,,0,,Month-to-month,8069-YQQAJ,No,No,Male,1,419.7,13-24,14,No,No,No,0,No,Mailed check,No,Yes,No,Yes,No phone service,31.1,DSL,
34.25,24,No,,0,,Month-to-month,8070-AAWZP,No,Yes,Male,1,828.2,13-24,24,Yes,No,No,1,No,Mailed check,Yes,No,No,No,No phone service,34.25,DSL,
44,13,No,,0,,Month-to-month,8082-GHXOP,Yes,No,Male,1,659.35,13-24,13,No,No,No,0,Yes,Mailed check,No,No,No,No,No,44,DSL,
94.05,9,No,,0,,Month-to-month,8087-LGYHQ,No,Yes,Male,1,811.65,0-12,9,No,Yes,Yes,0,Yes,Electronic check,No,Yes,No,No,No,94.05,Fiber optic,
45.25,10,No,,0,,Month-to-month,8095-WANWK,No,No,Female,1,428.7,0-12,10,No,No,No,0,Yes,Mailed check,No,No,No,No,No,45.25,DSL,
56.2,19,No,,0,,Month-to-month,8096-LOIST,No,No,Female,1,1093.4,13-24,19,No,No,Yes,0,Yes,Electronic check,No,Yes,No,No,No,56.2,DSL,
69.9,54,No,,0,,Month-to-month,8097-VBQTZ,No,No,Male,1,3883.3,49-60,54,Yes,Yes,No,0,Yes,Mailed check,No,Yes,Yes,Yes,No,69.9,DSL,
63.95,43,No,,0,,Month-to-month,8100-HZZLJ,Yes,No,Female,1,2737.05,37-48,43,No,No,Yes,0,Yes,Electronic check,No,Yes,Yes,Yes,No,63.95,DSL,
79.8,12,No,,0,,Month-to-month,8104-OSKWT,No,No,Female,1,1001.2,0-12,12,No,No,No,0,Yes,Electronic check,No,Yes,Yes,No,Yes,79.8,Fiber optic,
75.1,14,No,,0,,Month-to-month,8107-KNCIM,No,No,Male,1,1013.35,13-24,14,No,No,No,1,Yes,Electronic check,Yes,Yes,No,No,Yes,75.1,Fiber optic,
50.55,11,No,,0,,Month-to-month,8108-UXRQN,Yes,No,Female,1,565.35,0-12,11,No,Yes,Yes,0,No,Electronic check,Yes,No,Yes,No,No phone service,50.55,DSL,
40.7,10,No,,0,,Month-to-month,8111-BKVDS,No,Yes,Female,1,449.3,0-12,10,No,No,No,0,No,Bank transfer (automatic),No,No,Yes,Yes,No phone service,40.7,DSL,
101.5,9,No,,0,,Month-to-month,8118-TJAFG,Yes,No,Male,1,906.85,0-12,9,Yes,Yes,Yes,0,Yes,Electronic check,Yes,Yes,No,Yes,No,101.5,Fiber optic,
69.55,4,No,,0,,Month-to-month,8120-JDCAM,Yes,No,Male,1,284.9,0-12,4,No,No,No,0,Yes,Mailed check,Yes,Yes,No,No,No,69.55,Fiber optic,
104.5,36,No,,0,,Month-to-month,8123-QBNAZ,Yes,Yes,Female,1,3684.95,25-36,36,No,Yes,Yes,0,Yes,Credit card (automatic),Yes,Yes,Yes,No,Yes,104.5,Fiber optic,
85.95,6,No,,0,,Month-to-month,8132-YPVBX,No,No,Female,1,514.6,0-12,6,No,No,Yes,0,Yes,Mailed check,No,Yes,No,Yes,No,85.95,Fiber optic,
19.75,15,No,,0,,Month-to-month,8138-EALND,No,No,Male,1,311.6,13-24,15,No,No,No,0,Yes,Mailed check,No,No,No,No,No,19.75,No,
49.8,34,No,,0,,Month-to-month,8148-BPLZQ,No,No,Male,1,1734.2,25-36,34,No,No,No,0,Yes,Electronic check,No,Yes,No,Yes,No,49.8,DSL,
73.15,39,No,,0,,Month-to-month,8149-AIQCG,No,No,Male,1,2730.85,37-48,39,No,No,No,0,Yes,Credit card (automatic),No,Yes,No,No,Yes,73.15,Fiber optic,
19.85,2,No,,0,,Month-to-month,8150-QUDFX,No,No,Male,1,51.6,0-12,2,No,No,No,0,Yes,Mailed check,No,No,No,No,No,19.85,No,
35.65,11,No,,0,,Month-to-month,8158-WPEZG,No,No,Male,1,425.1,0-12,11,Yes,No,No,0,No,Electronic check,No,Yes,No,Yes,No phone service,35.65,DSL,
66.85,7,No,,0,,Month-to-month,8160-HOWOX,No,No,Female,1,458.1,0-12,7,No,Yes,Yes,0,Yes,Electronic check,No,Yes,No,No,No,66.85,DSL,
94.1,7,No,,0,,Month-to-month,8161-QYMTT,No,No,Male,1,701.3,0-12,7,No,Yes,Yes,0,Yes,Electronic check,No,Yes,No,No,Yes,94.1,Fiber optic,
30.4,3,No,,0,,Month-to-month,8167-GJLRN,No,No,Male,1,82.15,0-12,3,Yes,No,No,0,No,Electronic check,No,No,No,No,No phone service,30.4,DSL,
44.55,1,No,,0,,Month-to-month,8180-AKMJV,No,No,Female,1,44.55,0-12,1,No,No,No,0,Yes,Credit card (automatic),No,Yes,No,No,No,44.55,DSL,
90.8,53,No,,0,,Month-to-month,8189-HBVRW,No,Yes,Female,1,4921.2,49-60,53,No,No,No,0,Yes,Electronic check,No,No,Yes,Yes,Yes,90.8,Fiber optic,
90.95,32,No,,0,,Month-to-month,8189-XRIKE,No,No,Female,1,2897.95,25-36,32,No,Yes,Yes,1,Yes,Electronic check,No,No,No,No,No,90.95,Fiber optic,
80.45,14,No,,0,,Month-to-month,8198-RKSZG,Yes,No,Female,1,1137.05,13-24,14,Yes,Yes,Yes,0,Yes,Credit card (automatic),Yes,No,No,Yes,Yes,80.45,DSL,
60.35,25,No,,0,,Month-to-month,8201-AAXCB,Yes,No,Male,1,1404.65,25-36,25,No,Yes,No,0,Yes,Electronic check,Yes,No,No,No,Yes,60.35,DSL,
20.25,1,No,,0,,Month-to-month,8203-XJZRC,No,No,Male,1,20.25,0-12,1,No,No,No,0,Yes,Mailed check,No,No,No,No,No,20.25,No,
20.3,23,No,,0,,Month-to-month,8204-TIFGJ,No,No,Female,1,470.6,13-24,23,No,No,No,0,Yes,Bank transfer (automatic),No,Yes,No,No,No,20.3,No,
49.2,12,No,,0,,Month-to-month,8205-MQUGY,Yes,No,Male,1,571.15,0-12,12,No,No,No,0,Yes,Electronic check,Yes,Yes,Yes,No,No,49.2,DSL,
80,22,No,,0,,Month-to-month,8212-CRQXP,No,No,Female,1,1706.45,13-24,22,No,Yes,No,0,Yes,Credit card (automatic),Yes,Yes,No,No,No,80,Fiber optic,
90.35,5,No,,0,,Month-to-month,8212-DJRCH,Yes,Yes,Male,1,434.5,0-12,5,No,No,Yes,0,Yes,Mailed check,Yes,Yes,Yes,No,No,90.35,Fiber optic,
55.75,5,No,,0,,Month-to-month,8217-QYOHV,No,No,Male,1,266.95,0-12,5,Yes,No,No,0,Yes,Mailed check,No,Yes,Yes,No,No,55.75,DSL,
61,35,No,,0,,Month-to-month,8221-EQDGL,No,Yes,Male,1,2130.45,25-36,35,No,No,No,0,Yes,Mailed check,Yes,No,Yes,Yes,No,61,DSL,
73.3,12,No,,0,,Month-to-month,8224-DWCKX,No,No,Male,1,828.05,0-12,12,No,No,No,1,Yes,Credit card (automatic),No,Yes,No,No,Yes,73.3,Fiber optic,
56.7,27,No,,0,,Month-to-month,8224-IVVPA,No,No,Female,1,1652.95,25-36,27,No,No,No,0,Yes,Mailed check,No,Yes,Yes,Yes,No,56.7,DSL,
51.2,10,No,,0,,Month-to-month,8229-MYEJZ,No,No,Female,1,498.25,0-12,10,No,No,No,0,Yes,Electronic check,No,No,No,Yes,No,51.2,DSL,
44.65,7,No,,0,,Month-to-month,8242-JSVBO,No,No,Male,1,322.5,0-12,7,No,No,No,0,Yes,Bank transfer (automatic),No,Yes,No,No,No,44.65,DSL,
84.7,5,No,,0,,Month-to-month,8242-SOQUO,No,No,Female,1,392.5,0-12,5,No,Yes,No,1,Yes,Electronic check,No,Yes,No,Yes,No,84.7,Fiber optic,
21.1,17,No,,0,,Month-to-month,8246-SHFGA,No,No,Male,1,385.55,13-24,17,No,No,No,0,Yes,Credit card (automatic),No,No,No,No,No,21.1,No,
59.9,5,No,,0,,Month-to-month,8250-ZNGGW,No,No,Female,1,287.85,0-12,5,Yes,No,No,1,Yes,Credit card (automatic),No,No,Yes,Yes,No,59.9,DSL,
34.65,7,No,,0,,Month-to-month,8259-NFJTV,Yes,No,Female,1,246.6,0-12,7,Yes,No,No,0,No,Mailed check,Yes,No,Yes,No,No phone service,34.65,DSL,
20.45,1,No,,0,,Month-to-month,8262-COGGB,No,No,Male,1,20.45,0-12,1,No,No,No,0,Yes,Mailed check,No,Yes,No,No,No,20.45,No,
68.9,20,No,,0,,Month-to-month,8263-OKETD,No,No,Female,1,1370.35,13-24,20,Yes,No,Yes,0,Yes,Credit card (automatic),No,Yes,No,Yes,Yes,68.9,DSL,
90.4,4,No,,0,,Month-to-month,8266-VBFQL,No,Yes,Male,1,356.65,0-12,4,Yes,No,Yes,0,Yes,Electronic check,No,Yes,No,No,No,90.4,Fiber optic,
21.05,1,No,,0,,Month-to-month,8267-KFGYD,Yes,No,Male,1,21.05,0-12,1,No,No,No,0,Yes,Mailed check,No,Yes,No,No,No,21.05,No,
70.5,9,No,,0,,Month-to-month,8270-RKSAP,No,No,Male,1,597.9,0-12,9,No,No,No,0,Yes,Electronic check,No,Yes,No,No,No,70.5,Fiber optic,
47.95,1,No,,0,,Month-to-month,8286-AFUYI,No,No,Male,1,47.95,0-12,1,No,No,No,0,Yes,Electronic check,No,No,Yes,No,No,47.95,DSL,
19.4,7,No,,0,,Month-to-month,8295-FHIVV,No,No,Male,1,168.65,0-12,7,No,No,No,0,Yes,Mailed check,No,Yes,No,No,No,19.4,No,
70.6,1,No,,0,,Month-to-month,8309-IEYJD,No,No,Female,1,70.6,0-12,1,No,No,No,1,Yes,Mailed check,No,Yes,No,No,No,70.6,Fiber optic,
61.3,4,No,,0,,Month-to-month,8313-KTIHG,No,No,Male,1,249.4,0-12,4,Yes,Yes,No,0,Yes,Electronic check,No,Yes,No,No,No,61.3,DSL,
104.15,24,No,,0,,Month-to-month,8313-NDOIA,No,Yes,Female,1,2494.65,13-24,24,No,Yes,Yes,0,Yes,Electronic check,No,Yes,No,Yes,Yes,104.15,Fiber optic,
20.05,14,No,,0,,Month-to-month,8317-BVKSO,No,No,Male,1,299.3,13-24,14,No,No,No,0,Yes,Electronic check,No,Yes,No,No,No,20.05,No,
75.15,7,No,,0,,Month-to-month,8325-QRPZR,No,Yes,Female,1,525,0-12,7,No,No,No,0,Yes,Electronic check,No,Yes,No,No,No,75.15,Fiber optic,
69.75,50,No,,0,,Month-to-month,8329-GWVPJ,Yes,No,Female,1,3557.7,49-60,50,No,No,No,0,Yes,Bank transfer (automatic),Yes,Yes,No,No,No,69.75,Fiber optic,
50.1,9,No,,0,,Month-to-month,8344-WFMFH,Yes,No,Male,1,484.05,0-12,9,No,No,No,0,Yes,Electronic check,No,Yes,No,Yes,No,50.1,DSL,
41.1,39,No,,0,,Month-to-month,8350-NYMVI,No,Yes,Female,1,1597.05,37-48,39,Yes,No,No,0,No,Bank transfer (automatic),No,No,No,Yes,No phone service,41.1,DSL,
45,1,No,,0,,Month-to-month,8356-WUAOJ,No,No,Female,1,45,0-12,1,No,No,No,0,Yes,Electronic check,Yes,Yes,No,No,No,45,DSL,
101.15,38,No,,0,,Month-to-month,8378-LKJAF,Yes,Yes,Male,1,3956.7,37-48,38,No,Yes,Yes,0,Yes,Credit card (automatic),Yes,Yes,No,No,Yes,101.15,Fiber optic,
100.6,57,No,,0,,Month-to-month,8384-FZBJK,Yes,No,Female,1,5611.7,49-60,57,No,Yes,Yes,0,Yes,Electronic check,Yes,Yes,No,Yes,Yes,100.6,Fiber optic,
20.05,15,No,,0,,Month-to-month,8387-UGUSU,Yes,No,Female,1,284.3,13-24,15,No,No,No,0,Yes,Mailed check,Yes,No,No,No,No,20.05,No,
56.75,4,No,,0,,Month-to-month,8388-FYNPZ,No,Yes,Male,1,245.15,0-12,4,No,No,No,0,Yes,Electronic check,No,No,Yes,No,No,56.75,DSL,
19.45,1,No,,0,,Month-to-month,8393-JMVMB,No,No,Male,1,19.45,0-12,1,No,No,No,0,Yes,Mailed check,No,No,No,No,No,19.45,No,
55.7,55,No,,0,,Month-to-month,8400-WZICQ,Yes,No,Female,1,3131.8,49-60,55,No,No,No,0,Yes,Electronic check,Yes,No,Yes,Yes,No,55.7,DSL,
69.4,42,No,,0,,Month-to-month,8401-EMUWF,Yes,No,Male,1,3058.3,37-48,42,No,Yes,No,0,Yes,Bank transfer (automatic),Yes,Yes,Yes,Yes,Yes,69.4,DSL,
86.65,26,No,,0,,Month-to-month,8404-FYDIB,No,No,Male,1,2208.75,25-36,26,No,No,No,0,Yes,Credit card (automatic),No,Yes,Yes,Yes,Yes,86.65,Fiber optic,
65.6,4,No,,0,,Month-to-month,8404-GFGCZ,No,Yes,Male,1,250.1,0-12,4,No,Yes,No,0,Yes,Electronic check,Yes,No,No,No,Yes,65.6,DSL,
25.25,15,No,,0,,Month-to-month,8404-VLQFB,Yes,No,Female,1,394.85,13-24,15,No,No,No,0,Yes,Electronic check,Yes,Yes,No,No,Yes,25.25,No,
19.4,4,No,,0,,Month-to-month,8410-BGQXN,No,No,Male,1,93.4,0-12,4,No,No,No,0,Yes,Mailed check,No,No,No,No,No,19.4,No,
95.3,57,No,,0,,Month-to-month,8421-WZOOW,Yes,Yes,Female,1,5567.45,49-60,57,Yes,Yes,No,1,Yes,Credit card (automatic),Yes,Yes,No,Yes,No,95.3,Fiber optic,
20,10,No,,0,,Month-to-month,8439-LTUGF,No,No,Male,1,198.6,0-12,10,No,No,No,0,Yes,Credit card (automatic),No,Yes,No,No,No,20,No,
50.05,1,No,,0,,Month-to-month,8445-DNBAE,Yes,No,Male,1,50.05,0-12,1,No,No,No,0,Yes,Electronic check,No,Yes,No,No,Yes,50.05,DSL,
39.85,35,No,,0,,Month-to-month,8450-UYIBU,No,Yes,Female,1,1434.6,25-36,35,No,Yes,No,1,No,Electronic check,No,Yes,No,No,No phone service,39.85,DSL,
44.45,8,No,,0,,Month-to-month,8455-HIRAQ,No,No,Female,1,369.3,0-12,8,No,No,No,0,Yes,Mailed check,No,No,No,No,No,44.45,DSL,
78.7,19,No,,0,,Month-to-month,8456-QDAVC,No,No,Male,1,1495.1,13-24,19,No,Yes,No,0,Yes,Bank transfer (automatic),No,Yes,No,No,No,78.7,Fiber optic,
19.6,20,No,,0,,Month-to-month,8457-XIGKN,No,No,Male,1,356.15,13-24,20,No,No,No,0,Yes,Credit card (automatic),No,Yes,No,No,No,19.6,No,
55.1,22,No,,0,,Month-to-month,8467-WYNSR,No,No,Male,1,1253.15,13-24,22,Yes,No,No,0,Yes,Mailed check,No,No,Yes,No,No,55.1,DSL,
99.65,57,No,,0,,Month-to-month,8468-EHYJA,No,No,Female,1,5497.05,49-60,57,No,Yes,Yes,0,Yes,Electronic check,Yes,Yes,Yes,No,Yes,99.65,Fiber optic,
67.8,13,No,,0,,Month-to-month,8474-UMLNT,No,No,Female,1,842.25,13-24,13,Yes,No,Yes,0,Yes,Bank transfer (automatic),No,No,Yes,Yes,No,67.8,DSL,
76.05,31,No,,0,,Month-to-month,8486-AYEQH,No,No,Female,1,2227.8,25-36,31,No,No,No,0,Yes,Electronic check,No,Yes,No,No,Yes,76.05,Fiber optic,
80.55,18,No,,0,,Month-to-month,8490-BXHEO,No,No,Male,1,1411.65,13-24,18,No,No,No,1,Yes,Credit card (automatic),No,Yes,No,Yes,Yes,80.55,Fiber optic,
108.95,64,No,,0,,Month-to-month,8495-LJDFO,No,Yes,Female,1,7111.3,61+,64,Yes,Yes,Yes,1,Yes,Bank transfer (automatic),No,Yes,Yes,No,Yes,108.95,Fiber optic,
55.65,42,No,,0,,Month-to-month,8495-PRWFH,No,Yes,Female,1,2421.75,37-48,42,No,No,No,1,Yes,Electronic check,No,No,No,No,Yes,55.65,DSL,
55.15,65,No,,0,,Month-to-month,8498-XXGWA,No,Yes,Female,1,3673.15,61+,65,No,No,No,0,Yes,Mailed check,Yes,Yes,Yes,No,No,55.15,DSL,
106.45,61,No,,0,,Month-to-month,8535-SFUTN,No,Yes,Male,1,6300.15,61+,61,No,Yes,Yes,0,Yes,Electronic check,No,Yes,Yes,No,Yes,106.45,Fiber optic,
73.5,8,No,,0,,Month-to-month,8541-QVFKM,No,No,Female,1,632.2,0-12,8,No,No,No,0,Yes,Electronic check,No,Yes,No,No,Yes,73.5,Fiber optic,
77.4,3,No,,0,,Month-to-month,8543-MSDMF,No,Yes,Male,1,206.15,0-12,3,No,Yes,Yes,0,Yes,Electronic check,No,Yes,Yes,No,No,77.4,DSL,
80.05,14,No,,0,,Month-to-month,8544-GOQSH,No,No,Female,1,1112.3,13-24,14,Yes,No,No,0,Yes,Credit card (automatic),No,Yes,No,Yes,No,80.05,Fiber optic,
96.75,35,No,,0,,Month-to-month,8547-NSBBO,No,Yes,Male,1,3403.4,25-36,35,Yes,No,No,0,Yes,Mailed check,No,Yes,Yes,Yes,Yes,96.75,Fiber optic,
63.85,66,No,,0,,Month-to-month,8548-AWOFC,No,No,Male,1,4264.6,61+,66,Yes,No,Yes,0,Yes,Electronic check,Yes,No,No,No,Yes,63.85,DSL,
104.5,48,No,,0,,Month-to-month,8552-OBVRU,Yes,Yes,Female,1,5068.05,37-48,48,Yes,Yes,Yes,1,Yes,Electronic check,Yes,Yes,Yes,No,No,104.5,Fiber optic,
19.8,1,No,,0,,Month-to-month,8562-GHPPI,No,No,Female,1,19.8,0-12,1,No,No,No,0,Yes,Credit card (automatic),No,No,No,No,No,19.8,No,
90.95,17,No,,0,,Month-to-month,8563-OYMQY,No,Yes,Male,1,1612.2,13-24,17,No,No,Yes,0,Yes,Credit card (automatic),No,Yes,No,Yes,No,90.95,Fiber optic,
19.5,1,No,,0,,Month-to-month,8566-YPRGL,No,No,Female,1,19.5,0-12,1,No,No,No,0,Yes,Mailed check,No,Yes,No,No,No,19.5,No,
19.75,16,No,,0,,Month-to-month,8573-CGOCC,No,No,Male,1,294.9,13-24,16,No,No,No,0,Yes,Credit card (automatic),No,No,No,No,No,19.75,No,
35,50,No,,0,,Month-to-month,8582-KRHPJ,No,No,Male,1,1782.4,49-60,50,No,No,No,0,No,Mailed check,No,Yes,Yes,Yes,No phone service,35,DSL,
75.6,8,No,,0,,Month-to-month,8584-KMVXD,No,No,Female,1,535.55,0-12,8,No,No,No,0,Yes,Electronic check,No,No,No,Yes,No,75.6,Fiber optic,
74.65,41,No,,0,,Month-to-month,8591-NXRCV,No,Yes,Female,1,3090.65,37-48,41,Yes,No,Yes,0,Yes,Bank transfer (automatic),No,Yes,Yes,No,Yes,74.65,DSL,
19.55,1,No,,0,,Month-to-month,8605-ITULD,No,No,Female,1,19.55,0-12,1,No,No,No,0,Yes,Mailed check,No,No,No,No,No,19.55,No,
73.6,3,No,,0,,Month-to-month,8617-ENBDS,No,Yes,Male,1,232.5,0-12,3,No,No,No,0,Yes,Credit card (automatic),No,Yes,No,No,No,73.6,Fiber optic,
20.7,1,No,,0,,Month-to-month,8620-RJPZN,No,No,Female,1,20.7,0-12,1,No,No,No,0,Yes,Electronic check,No,No,No,No,No,20.7,No,
90.75,6,No,,0,,Month-to-month,8622-ZLFKO,No,No,Female,1,512.25,0-12,6,No,No,Yes,0,Yes,Electronic check,Yes,Yes,No,Yes,Yes,90.75,Fiber optic,
66.05,26,No,,0,,Month-to-month,8623-ULFNQ,No,No,Female,1,1652.4,25-36,26,Yes,No,Yes,1,Yes,Electronic check,No,Yes,No,No,Yes,66.05,DSL,
69.8,18,No,,0,,Month-to-month,8630-FJLIB,No,No,Female,1,1221.65,13-24,18,No,No,No,0,Yes,Electronic check,No,Yes,No,No,No,69.8,Fiber optic,
99.8,46,No,,0,,Month-to-month,8631-WUXGY,Yes,Yes,Female,1,4391.25,37-48,46,No,Yes,Yes,0,Yes,Electronic check,No,Yes,No,Yes,No,99.8,Fiber optic,
40.15,42,No,,0,,Month-to-month,8644-XYTSV,No,No,Male,1,1626.05,37-48,42,No,Yes,No,0,No,Bank transfer (automatic),Yes,Yes,Yes,No,No phone service,40.15,DSL,
55,14,No,,0,,Month-to-month,8645-KWHJO,No,Yes,Male,1,771.95,13-24,14,Yes,Yes,Yes,0,No,Electronic check,No,Yes,No,No,No phone service,55,DSL,
74.3,57,No,,0,,Month-to-month,8647-SDTWQ,Yes,No,Male,1,4018.35,49-60,57,No,No,No,0,Yes,Electronic check,Yes,Yes,No,No,Yes,74.3,Fiber optic,
46.35,14,No,,0,,Month-to-month,8648-PFRMP,No,No,Female,1,672.7,13-24,14,No,Yes,Yes,1,No,Electronic check,No,Yes,No,No,No phone service,46.35,DSL,
54.15,2,No,,0,,Month-to-month,8654-DHAOW,No,No,Female,1,101.65,0-12,2,No,No,No,0,Yes,Mailed check,No,No,No,Yes,Yes,54.15,DSL,
74.65,64,No,,0,,Month-to-month,8659-HDIYE,No,Yes,Female,1,4869.35,61+,64,Yes,No,Yes,1,Yes,Credit card (automatic),No,No,No,Yes,Yes,74.65,DSL,
44.75,3,No,,0,,Month-to-month,8660-BUETV,No,No,Female,1,148.05,0-12,3,No,No,No,0,Yes,Mailed check,No,No,No,No,No,44.75,DSL,
69.5,26,No,,0,,Month-to-month,8663-UPDGF,No,No,Female,1,1800.05,25-36,26,No,Yes,No,0,Yes,Bank transfer (automatic),No,Yes,Yes,Yes,Yes,69.5,DSL,
45.55,46,No,,0,,Month-to-month,8671-KKKOS,No,No,Female,1,2062.15,37-48,46,No,Yes,No,0,No,Electronic check,Yes,No,Yes,Yes,No phone service,45.55,DSL,
30.5,4,No,,0,,Month-to-month,8676-OOQEJ,No,No,Male,1,118.4,0-12,4,Yes,No,No,0,No,Electronic check,No,No,No,No,No phone service,30.5,DSL,
105.45,56,No,,0,,Month-to-month,8677-HDZEE,No,No,Female,1,5916.95,49-60,56,Yes,Yes,Yes,0,Yes,Bank transfer (automatic),No,Yes,No,Yes,Yes,105.45,Fiber optic,
20.65,29,No,,0,,Month-to-month,8681-ICONS,Yes,No,Male,1,654.85,25-36,29,No,No,No,0,Yes,Mailed check,Yes,Yes,No,No,No,20.65,No,
74,1,No,,0,,Month-to-month,8687-BAFGU,No,No,Male,1,74,0-12,1,Yes,No,No,0,Yes,Electronic check,No,No,No,No,No,74,Fiber optic,
75.55,34,No,,0,,Month-to-month,8695-ARGXZ,No,No,Male,1,2425.4,25-36,34,No,No,No,1,Yes,Electronic check,Yes,Yes,No,No,Yes,75.55,Fiber optic,
51.25,1,No,,0,,Month-to-month,8695-WDYEA,No,No,Male,1,51.25,0-12,1,No,No,No,0,Yes,Mailed check,No,No,Yes,No,No,51.25,DSL,
83.8,52,No,,0,,Month-to-month,8705-DWKTI,No,Yes,Male,1,4331.4,49-60,52,No,No,Yes,0,Yes,Credit card (automatic),No,Yes,No,No,No,83.8,Fiber optic,
44.8,1,No,,0,,Month-to-month,8705-WZCYL,No,No,Male,1,44.8,0-12,1,No,No,No,0,Yes,Electronic check,No,Yes,No,No,No,44.8,DSL,
43.55,21,No,,0,,Month-to-month,8706-HRADD,No,No,Male,1,1011.5,13-24,21,Yes,Yes,No,0,No,Mailed check,No,Yes,Yes,No,No phone service,43.55,DSL,
100,33,No,,0,,Month-to-month,8709-KRDVL,No,No,Female,1,3320.6,25-36,33,No,Yes,Yes,0,Yes,Electronic check,No,Yes,No,Yes,Yes,100,Fiber optic,
44.9,1,No,,0,,Month-to-month,8710-YGLWG,No,No,Male,1,44.9,0-12,1,No,No,No,0,Yes,Mailed check,No,Yes,No,No,No,44.9,DSL,
24.85,2,No,,0,,Month-to-month,8713-IGZSO,No,No,Male,1,62,0-12,2,No,No,No,0,Yes,Mailed check,No,No,No,No,Yes,24.85,No,
82.85,4,No,,0,,Month-to-month,8714-CTZJW,No,Yes,Female,1,319.6,0-12,4,No,No,Yes,0,Yes,Credit card (automatic),No,Yes,No,No,No,82.85,Fiber optic,
44,1,No,,0,,Month-to-month,8720-RQSBJ,No,No,Male,1,44,0-12,1,No,No,No,1,Yes,Electronic check,No,No,No,No,No,44,DSL,
69.05,27,No,,0,,Month-to-month,8725-JEDFD,No,No,Male,1,1793.25,25-36,27,No,No,No,0,Yes,Mailed check,No,Yes,No,No,No,69.05,Fiber optic,
74.25,41,No,,0,,Month-to-month,8728-SKJLR,No,No,Male,1,3089.1,37-48,41,Yes,No,No,0,Yes,Electronic check,No,Yes,No,No,No,74.25,Fiber optic,
81.9,26,No,,0,,Month-to-month,8731-WBBMB,No,Yes,Female,1,2078.55,25-36,26,Yes,Yes,Yes,0,Yes,Bank transfer (automatic),Yes,No,No,Yes,No,81.9,DSL,
85.95,10,No,,0,,Month-to-month,8734-DKSTZ,Yes,No,Female,1,858.6,0-12,10,No,No,Yes,0,Yes,Electronic check,Yes,No,No,No,Yes,85.95,Fiber optic,
59.7,31,No,,0,,Month-to-month,8734-FNWVH,Yes,No,Male,1,1825.5,25-36,31,No,No,Yes,0,Yes,Bank transfer (automatic),Yes,No,No,No,Yes,59.7,DSL,
54.95,10,No,,0,,Month-to-month,8735-DCXNF,No,No,Male,1,568.85,0-12,10,Yes,No,No,0,Yes,Credit card (automatic),Yes,Yes,Yes,No,No,54.95,DSL,
50.2,14,No,,0,,Month-to-month,8735-IJJEG,No,Yes,Male,1,668.85,13-24,14,No,No,No,0,Yes,Credit card (automatic),Yes,No,No,No,No,50.2,DSL,
20.4,9,No,,0,,Month-to-month,8735-NBLWT,Yes,No,Male,1,184.1,0-12,9,No,No,No,0,Yes,Mailed check,No,No,No,No,No,20.4,No,
20.35,2,No,,0,,Month-to-month,8739-QOTTN,No,No,Female,1,41.85,0-12,2,No,No,No,0,Yes,Mailed check,Yes,No,No,No,No,20.35,No,
84,5,No,,0,,Month-to-month,8739-XNIKG,No,No,Female,1,424.75,0-12,5,No,Yes,No,0,Yes,Electronic check,No,Yes,No,No,Yes,84,Fiber optic,
35.05,46,No,,0,,Month-to-month,8741-LQOBK,Yes,No,Female,1,1620.25,37-48,46,No,No,No,0,No,Bank transfer (automatic),Yes,No,Yes,Yes,No phone service,35.05,DSL,
25.25,4,No,,0,,Month-to-month,8746-OQQRW,No,No,Male,1,101.9,0-12,4,No,No,No,0,Yes,Mailed check,No,No,No,No,Yes,25.25,No,
20.05,1,No,,0,,Month-to-month,8749-CLJXC,No,No,Male,1,20.05,0-12,1,No,No,No,0,Yes,Mailed check,No,No,No,No,No,20.05,No,
89.9,28,No,,0,,Month-to-month,8751-EDEKA,No,Yes,Female,1,2433.5,25-36,28,No,No,Yes,0,Yes,Credit card (automatic),Yes,No,No,Yes,No,89.9,Fiber optic,
95.35,69,No,,0,,Month-to-month,8755-IWJHN,No,Yes,Male,1,6382,61+,69,No,No,Yes,1,Yes,Bank transfer (automatic),Yes,Yes,No,Yes,Yes,95.35,Fiber optic,
44.95,68,No,,0,,Month-to-month,8756-RDDLT,No,No,Female,1,3085.35,61+,68,Yes,No,Yes,0,No,Electronic check,No,No,No,Yes,No phone service,44.95,DSL,
49.8,1,No,,0,,Month-to-month,8757-TFHHJ,No,No,Male,1,49.8,0-12,1,No,No,No,0,Yes,Credit card (automatic),No,Yes,Yes,No,No,49.8,DSL,
74.3,1,No,,0,,Month-to-month,8775-ERLNB,No,No,Male,1,74.3,0-12,1,No,No,No,1,Yes,Electronic check,Yes,No,No,No,Yes,74.3,Fiber optic,
74.85,9,No,,0,,Month-to-month,8778-LMWTJ,No,No,Female,1,708.2,0-12,9,No,No,No,0,Yes,Electronic check,No,Yes,Yes,No,No,74.85,Fiber optic,
19.2,25,No,,0,,Month-to-month,8780-RSYYU,No,No,Female,1,532.1,25-36,25,No,No,No,0,Yes,Credit card (automatic),No,Yes,No,No,No,19.2,No,
90.4,44,No,,0,,Month-to-month,8782-LKFPK,No,Yes,Male,1,4063,37-48,44,No,No,Yes,0,Yes,Mailed check,No,Yes,No,No,Yes,90.4,Fiber optic,
99.8,60,No,,0,,Month-to-month,8785-CJSHH,No,No,Female,1,5985.75,49-60,60,No,Yes,Yes,0,Yes,Electronic check,Yes,Yes,No,Yes,Yes,99.8,Fiber optic,
49.05,12,No,,0,,Month-to-month,8791-GFXLZ,No,No,Male,1,593.05,0-12,12,No,No,No,0,Yes,Bank transfer (automatic),No,Yes,No,Yes,No,49.05,DSL,
29.75,28,No,,0,,Month-to-month,8799-OXZMD,No,Yes,Female,1,790.7,25-36,28,No,No,No,0,No,Mailed check,No,Yes,No,No,No phone service,29.75,DSL,
84.05,12,No,,0,,Month-to-month,8800-JOOCF,Yes,No,Female,1,966.55,0-12,12,No,Yes,No,0,Yes,Electronic check,No,Yes,No,No,Yes,84.05,Fiber optic,
107.5,30,No,,0,,Month-to-month,8800-ZKRFW,Yes,Yes,Female,1,3242.5,25-36,30,Yes,Yes,Yes,0,Yes,Electronic check,Yes,Yes,No,Yes,Yes,107.5,Fiber optic,
49.2,2,No,,0,,Month-to-month,8805-JNRAZ,No,No,Female,1,103.7,0-12,2,No,No,No,0,Yes,Mailed check,No,No,No,Yes,No,49.2,DSL,
40.35,41,No,,0,,Month-to-month,8807-ARQET,No,No,Female,1,1677.85,37-48,41,No,No,Yes,0,No,Electronic check,No,Yes,No,Yes,No phone service,40.35,DSL,
25.4,25,No,,0,,Month-to-month,8815-LMFLX,Yes,No,Male,1,546.85,25-36,25,No,No,No,0,Yes,Bank transfer (automatic),Yes,Yes,No,No,Yes,25.4,No,
104.45,46,No,,0,,Month-to-month,8818-DOPVL,No,Yes,Female,1,4863.85,37-48,46,No,Yes,Yes,1,Yes,Electronic check,No,Yes,No,Yes,Yes,104.45,Fiber optic,
80.45,31,No,,0,,Month-to-month,8819-IMISP,No,No,Male,1,2429.1,25-36,31,No,No,No,0,Yes,Electronic check,No,Yes,No,Yes,Yes,80.45,Fiber optic,
60.2,60,No,,0,,Month-to-month,8847-GEOOQ,No,Yes,Male,1,3582.4,49-60,60,Yes,Yes,Yes,0,No,Bank transfer (automatic),Yes,Yes,No,Yes,No phone service,60.2,DSL,
91.25,33,No,,0,,Month-to-month,8849-AYPTR,No,No,Male,1,2964.05,25-36,33,No,Yes,Yes,0,Yes,Electronic check,Yes,No,No,No,No,91.25,Fiber optic,
71.05,25,No,,0,,Month-to-month,8851-RAGOV,No,No,Female,1,1837.7,25-36,25,Yes,No,Yes,0,Yes,Mailed check,Yes,Yes,Yes,Yes,No,71.05,DSL,
84.55,45,No,,0,,Month-to-month,8868-GAGIO,No,Yes,Male,1,3713.95,37-48,45,No,No,No,0,Yes,Mailed check,Yes,Yes,Yes,No,Yes,84.55,Fiber optic,
73.85,6,No,,0,,Month-to-month,8873-GLDMH,No,No,Female,1,401.3,0-12,6,No,No,No,0,Yes,Mailed check,No,Yes,No,No,Yes,73.85,Fiber optic,
84.35,20,No,,0,,Month-to-month,8875-AKBYH,No,No,Male,1,1745.2,13-24,20,No,Yes,No,1,Yes,Electronic check,No,Yes,No,No,Yes,84.35,Fiber optic,
59.45,52,No,,0,,Month-to-month,8878-RYUKI,No,Yes,Female,1,3043.7,49-60,52,No,No,Yes,0,Yes,Electronic check,No,Yes,No,No,No,59.45,DSL,
49.55,1,No,,0,,Month-to-month,8885-QSQBX,No,No,Female,1,49.55,0-12,1,No,No,No,0,Yes,Bank transfer (automatic),No,No,Yes,No,No,49.55,DSL,
44.25,7,No,,0,,Month-to-month,8887-IPQNC,No,No,Female,1,313.45,0-12,7,No,No,No,0,Yes,Mailed check,Yes,Yes,No,No,No,44.25,DSL,
25,1,No,,0,,Month-to-month,8896-BQTTI,No,No,Male,1,25,0-12,1,No,No,No,0,Yes,Mailed check,No,Yes,No,No,Yes,25,No,
101.75,15,No,,0,,Month-to-month,8903-WMRNW,No,Yes,Female,1,1669.4,13-24,15,No,Yes,Yes,0,Yes,Electronic check,Yes,No,Yes,No,No,101.75,Fiber optic,
55.3,2,No,,0,,Month-to-month,8903-XEBGX,Yes,No,Male,1,108.65,0-12,2,No,No,Yes,0,Yes,Electronic check,No,Yes,No,No,No,55.3,DSL,
24.95,54,No,,0,,Month-to-month,8904-OPDCK,No,No,Male,1,1364.75,49-60,54,No,No,No,1,No,Bank transfer (automatic),Yes,Yes,No,No,No phone service,24.95,DSL,
71.55,34,No,,0,,Month-to-month,8910-LEDAG,No,No,Male,1,2427.35,25-36,34,No,No,No,1,Yes,Credit card (automatic),Yes,No,No,No,No,71.55,Fiber optic,
55.95,18,No,,0,,Month-to-month,8930-XOTDP,Yes,No,Female,1,1082.8,13-24,18,No,Yes,No,0,Yes,Mailed check,Yes,No,No,No,No,55.95,DSL,
20.45,12,No,,0,,Month-to-month,8942-DBMHZ,No,No,Male,1,255.35,0-12,12,No,No,No,0,Yes,Mailed check,No,No,No,No,No,20.45,No,
19.45,15,No,,0,,Month-to-month,8944-AILEF,No,No,Male,1,340.85,13-24,15,No,No,No,0,Yes,Credit card (automatic),Yes,Yes,No,No,No,19.45,No,
44.95,1,No,,0,,Month-to-month,8950-MTZNV,No,No,Male,1,44.95,0-12,1,No,No,No,0,Yes,Mailed check,No,Yes,No,No,No,44.95,DSL,
55.9,3,No,,0,,Month-to-month,8963-JLGJT,Yes,Yes,Male,1,157.55,0-12,3,No,No,No,0,Yes,Mailed check,No,No,Yes,No,No,55.9,DSL,
20.55,22,No,,0,,Month-to-month,8963-MQVYN,Yes,No,Female,1,469.85,13-24,22,No,No,No,0,Yes,Electronic check,No,Yes,No,No,No,20.55,No,
50.45,14,No,,0,,Month-to-month,8967-SZQAS,No,No,Female,1,765.45,13-24,14,No,No,No,0,Yes,Electronic check,No,No,No,Yes,No,50.45,DSL,
20.15,1,No,,0,,Month-to-month,8974-OVACP,No,No,Female,1,20.15,0-12,1,No,No,No,0,Yes,Mailed check,No,No,No,No,No,20.15,No,
62.1,35,No,,0,,Month-to-month,8980-WQFWL,No,Yes,Female,1,2096.1,25-36,35,No,No,Yes,0,Yes,Electronic check,No,Yes,No,No,No,62.1,DSL,
78,11,No,,0,,Month-to-month,8981-FJGLA,Yes,Yes,Male,1,851.8,0-12,11,No,No,No,0,Yes,Mailed check,No,Yes,No,No,Yes,78,Fiber optic,
69.05,9,No,,0,,Month-to-month,8990-ZXLSU,No,No,Female,1,651.5,0-12,9,No,No,No,0,Yes,Electronic check,No,No,No,No,No,69.05,Fiber optic,
18.85,1,No,,0,,Month-to-month,8992-CEUEN,No,No,Female,1,18.85,0-12,1,No,No,No,0,Yes,Electronic check,No,No,No,No,No,18.85,No,
61.65,21,No,,0,,Month-to-month,8992-OBVDG,No,Yes,Male,1,1393.6,13-24,21,No,No,Yes,0,Yes,Mailed check,No,No,No,No,No,61.65,DSL,
56,13,No,,0,,Month-to-month,8992-VONJD,Yes,No,Female,1,764.55,13-24,13,No,No,No,0,Yes,Electronic check,No,Yes,Yes,Yes,No,56,DSL,
69.15,7,No,,0,,Month-to-month,8993-IZEUX,No,No,Male,1,488.65,0-12,7,No,No,No,0,Yes,Bank transfer (automatic),No,No,No,No,No,69.15,Fiber optic,
79.9,42,No,,0,,Month-to-month,9003-CPATH,No,Yes,Male,1,3313.4,37-48,42,No,No,No,0,Yes,Electronic check,No,No,No,No,Yes,79.9,Fiber optic,
45.55,48,No,,0,,Month-to-month,9013-AQORL,Yes,Yes,Female,1,2108.35,37-48,48,No,No,Yes,0,No,Credit card (automatic),No,No,No,Yes,No phone service,45.55,DSL,
40.75,9,No,,0,,Month-to-month,9026-LHEVG,No,No,Female,1,359.4,0-12,9,No,No,Yes,0,No,Electronic check,No,No,No,Yes,No phone service,40.75,DSL,
25.05,7,No,,0,,Month-to-month,9027-YFHQJ,No,No,Male,1,152.95,0-12,7,No,No,No,0,Yes,Bank transfer (automatic),No,Yes,No,No,Yes,25.05,No,
79.3,32,No,,0,,Month-to-month,9029-FEGVJ,No,Yes,Female,1,2570,25-36,32,No,No,No,1,Yes,Mailed check,Yes,No,No,No,Yes,79.3,Fiber optic,
19.1,3,No,,0,,Month-to-month,9039-ZVJDC,No,No,Male,1,53.05,0-12,3,No,No,No,0,Yes,Mailed check,No,Yes,No,No,No,19.1,No,
20.75,35,No,,0,,Month-to-month,9046-DQMTP,No,No,Male,1,739.9,25-36,35,No,No,No,0,Yes,Bank transfer (automatic),No,No,No,No,No,20.75,No,
19.15,27,No,,0,,Month-to-month,9046-JBFWA,Yes,No,Male,1,537.35,25-36,27,No,No,No,0,Yes,Mailed check,No,No,No,No,No,19.15,No,
81.5,2,No,,0,,Month-to-month,9050-IKDZA,No,No,Female,1,162.55,0-12,2,No,Yes,No,1,Yes,Mailed check,No,No,No,No,No,81.5,Fiber optic,
109.4,65,No,,0,,Month-to-month,9052-VKDUW,No,Yes,Female,1,7227.45,61+,65,No,Yes,Yes,1,Yes,Credit card (automatic),Yes,Yes,Yes,Yes,Yes,109.4,Fiber optic,
89.2,41,No,,0,,Month-to-month,9053-EJUNL,No,No,Male,1,3645.75,37-48,41,No,Yes,No,0,Yes,Electronic check,No,Yes,No,Yes,Yes,89.2,Fiber optic,
88.75,22,No,,0,,Month-to-month,9054-FOWNV,Yes,Yes,Male,1,1885.15,13-24,22,No,Yes,No,0,Yes,Electronic check,Yes,Yes,No,No,Yes,88.75,Fiber optic,
94.4,65,No,,0,,Month-to-month,9058-HRZSV,No,Yes,Female,1,6126.15,61+,65,No,No,Yes,1,Yes,Electronic check,Yes,No,Yes,Yes,No,94.4,Fiber optic,
94.6,24,No,,0,,Month-to-month,9058-MJLZC,No,No,Female,1,2283.15,13-24,24,No,Yes,Yes,0,Yes,Electronic check,No,Yes,Yes,No,No,94.6,Fiber optic,
59.95,23,No,,0,,Month-to-month,9069-LGEUL,No,No,Male,1,1406,13-24,23,No,No,Yes,0,Yes,Bank transfer (automatic),Yes,Yes,Yes,No,No,59.95,DSL,
39.45,50,No,,0,,Month-to-month,9074-KGVOX,Yes,No,Male,1,2021.35,49-60,50,No,Yes,No,0,No,Credit card (automatic),Yes,Yes,Yes,No,No phone service,39.45,DSL,
100.75,47,No,,0,,Month-to-month,9079-LWTFD,No,No,Male,1,4669.2,37-48,47,Yes,Yes,No,0,Yes,Mailed check,No,No,Yes,Yes,Yes,100.75,Fiber optic,
58.35,12,No,,0,,Month-to-month,9089-UOWJG,Yes,Yes,Female,1,740.55,0-12,12,No,Yes,No,0,Yes,Credit card (automatic),Yes,Yes,No,No,No,58.35,DSL,
24.85,22,No,,0,,Month-to-month,9092-GDZKO,No,No,Male,1,493.4,13-24,22,No,No,No,0,Yes,Credit card (automatic),No,Yes,No,No,Yes,24.85,No,
94.2,11,No,,0,,Month-to-month,9093-FPDLG,No,Yes,Female,1,999.9,0-12,11,Yes,No,Yes,0,Yes,Electronic check,No,Yes,No,Yes,No,94.2,Fiber optic,
100.15,15,No,,0,,Month-to-month,9094-AZPHK,No,No,Female,1,1415,13-24,15,No,Yes,Yes,0,Yes,Electronic check,No,Yes,No,Yes,Yes,100.15,Fiber optic,
48.8,14,No,,0,,Month-to-month,9097-ZUBYC,No,No,Male,1,664.4,13-24,14,Yes,No,No,0,Yes,Bank transfer (automatic),Yes,No,No,No,No,48.8,DSL,
54.4,23,No,,0,,Month-to-month,9099-FTUHS,No,No,Female,1,1249.25,13-24,23,No,No,No,0,Yes,Electronic check,No,No,Yes,No,Yes,54.4,DSL,
19.4,2,No,,0,,Month-to-month,9101-NTIXF,No,No,Male,1,50.6,0-12,2,No,No,No,0,Yes,Mailed check,No,No,No,No,No,19.4,No,
19.75,1,No,,0,,Month-to-month,9103-CXVOK,Yes,No,Male,1,19.75,0-12,1,No,No,No,0,Yes,Electronic check,Yes,No,No,No,No,19.75,No,
53.55,1,No,,0,,Month-to-month,9108-EJFJP,No,No,Female,1,53.55,0-12,1,No,No,No,0,Yes,Mailed check,Yes,Yes,Yes,Yes,No,53.55,DSL,
70.55,35,No,,0,,Month-to-month,9112-WSNPU,No,No,Female,1,2419,25-36,35,No,No,No,1,Yes,Electronic check,No,No,No,No,No,70.55,Fiber optic,
51.1,40,No,,0,,Month-to-month,9115-YQHGA,No,No,Male,1,2092.9,37-48,40,Yes,No,No,0,Yes,Electronic check,No,Yes,No,No,No,51.1,DSL,
85.05,16,No,,0,,Month-to-month,9121-PHQSR,No,No,Male,1,1391.15,13-24,16,No,Yes,No,1,Yes,Credit card (automatic),Yes,Yes,No,No,Yes,85.05,Fiber optic,
20.3,1,No,,0,,Month-to-month,9122-UMROB,No,No,Male,1,20.3,0-12,1,No,No,No,0,Yes,Mailed check,No,No,No,No,No,20.3,No,
103.6,18,No,,0,,Month-to-month,9129-UXERG,No,No,Female,1,1806.35,13-24,18,Yes,Yes,Yes,1,Yes,Credit card (automatic),No,Yes,No,Yes,Yes,103.6,Fiber optic,
98.7,23,No,,0,,Month-to-month,9133-AYJZG,No,No,Female,1,2249.1,13-24,23,No,Yes,Yes,0,Yes,Credit card (automatic),No,Yes,No,Yes,Yes,98.7,Fiber optic,
19.2,2,No,,0,,Month-to-month,9137-NOQKA,No,No,Male,1,37.2,0-12,2,No,No,No,1,Yes,Electronic check,No,No,No,No,No,19.2,No,
106.9,35,No,,0,,Month-to-month,9137-UIYPG,Yes,Yes,Female,1,3756.45,25-36,35,Yes,Yes,Yes,0,Yes,Electronic check,Yes,Yes,Yes,No,No,106.9,Fiber optic,
68.85,44,No,,0,,Month-to-month,9142-KZXOP,No,No,Male,1,2958.95,37-48,44,No,No,No,0,Yes,Credit card (automatic),No,No,No,No,No,68.85,Fiber optic,
19.35,29,No,,0,,Month-to-month,9142-XMYJH,No,No,Female,1,601.6,25-36,29,No,No,No,0,Yes,Credit card (automatic),No,No,No,No,No,19.35,No,
55.15,24,No,,0,,Month-to-month,9143-CANJF,Yes,No,Female,1,1319.85,13-24,24,Yes,No,No,0,Yes,Electronic check,Yes,No,Yes,No,No,55.15,DSL,
25.55,14,No,,0,,Month-to-month,9146-JRIOX,Yes,No,Female,1,372.45,13-24,14,No,No,No,0,Yes,Mailed check,Yes,No,No,No,Yes,25.55,No,
48.85,15,No,,0,,Month-to-month,9163-GHAYE,No,No,Female,1,736.8,13-24,15,No,No,No,0,Yes,Electronic check,No,No,No,Yes,No,48.85,DSL,
84.15,22,No,,0,,Month-to-month,9167-APMXZ,No,No,Female,1,1821.95,13-24,22,No,Yes,No,0,Yes,Bank transfer (automatic),No,Yes,No,No,Yes,84.15,Fiber optic,
104.15,44,No,,0,,Month-to-month,9168-INPSZ,No,Yes,Female,1,4495.65,37-48,44,Yes,Yes,Yes,1,Yes,Electronic check,Yes,No,No,No,Yes,104.15,Fiber optic,
74.75,12,No,,0,,Month-to-month,9169-BSVIN,No,Yes,Male,1,827.05,0-12,12,No,Yes,Yes,0,Yes,Bank transfer (automatic),No,No,No,No,Yes,74.75,DSL,
20.45,38,No,,0,,Month-to-month,9184-GALIL,Yes,No,Female,1,781.25,37-48,38,No,No,No,0,Yes,Mailed check,Yes,No,No,No,No,20.45,No,
84.95,18,No,,0,,Month-to-month,9208-OLGAQ,No,Yes,Female,1,1443.65,13-24,18,No,No,Yes,1,Yes,Electronic check,No,Yes,No,No,No,84.95,Fiber optic,
44,1,No,,0,,Month-to-month,9214-EKVXR,No,No,Female,1,44,0-12,1,No,No,No,0,Yes,Mailed check,No,Yes,No,No,No,44,DSL,
45.6,1,No,,0,,Month-to-month,9244-ZVAPM,No,No,Male,1,45.6,0-12,1,No,No,No,0,Yes,Mailed check,No,No,No,No,No,45.6,DSL,
20.3,11,No,,0,,Month-to-month,9256-JTBNZ,No,No,Female,1,246.3,0-12,11,No,No,No,0,Yes,Bank transfer (automatic),No,No,No,No,No,20.3,No,
54.65,3,No,,0,,Month-to-month,9261-WDCAF,No,No,Male,1,189.1,0-12,3,No,No,Yes,0,Yes,Mailed check,No,No,No,No,No,54.65,DSL,
70.15,10,No,,0,,Month-to-month,9272-LSVYH,No,No,Male,1,735.5,0-12,10,No,No,No,0,Yes,Mailed check,No,No,No,No,No,70.15,Fiber optic,
83.2,15,No,,0,,Month-to-month,9274-UARKJ,No,No,Female,1,1130,13-24,15,No,Yes,No,0,Yes,Bank transfer (automatic),No,Yes,No,Yes,No,83.2,Fiber optic,
24.6,3,No,,0,,Month-to-month,9277-JOOMO,No,No,Female,1,86.35,0-12,3,No,No,No,0,Yes,Mailed check,No,No,No,No,Yes,24.6,No,
109.1,52,No,,0,,Month-to-month,9278-VZKCD,No,Yes,Female,1,5647.95,49-60,52,No,Yes,Yes,1,Yes,Electronic check,Yes,Yes,Yes,Yes,Yes,109.1,Fiber optic,
95.4,21,No,,0,,Month-to-month,9279-CJEOJ,No,No,Female,1,2025.1,13-24,21,No,Yes,Yes,1,Yes,Bank transfer (automatic),No,Yes,No,No,Yes,95.4,Fiber optic,
90.7,39,No,,0,,Month-to-month,9281-OFDMF,No,No,Male,1,3413.25,37-48,39,No,No,Yes,1,Yes,Electronic check,No,No,No,Yes,Yes,90.7,Fiber optic,
43.95,46,No,,0,,Month-to-month,9281-PKKZE,No,No,Female,1,2007.85,37-48,46,No,Yes,Yes,0,No,Electronic check,Yes,Yes,No,No,No phone service,43.95,DSL,
96.85,13,No,,0,,Month-to-month,9290-SHCMB,No,Yes,Female,1,1235.55,13-24,13,No,Yes,Yes,1,Yes,Electronic check,No,Yes,No,No,No,96.85,Fiber optic,
20.2,5,No,,0,,Month-to-month,9294-TDIPC,Yes,No,Male,1,83.75,0-12,5,No,No,No,0,Yes,Mailed check,No,No,No,No,No,20.2,No,
55.3,47,No,,0,,Month-to-month,9308-ANMVE,Yes,No,Male,1,2654.05,37-48,47,No,No,No,0,Yes,Electronic check,No,Yes,Yes,Yes,No,55.3,DSL,
19.6,38,No,,0,,Month-to-month,9313-CDOGY,Yes,No,Male,1,717.3,37-48,38,No,No,No,0,Yes,Electronic check,Yes,No,No,No,No,19.6,No,
20.9,26,No,,0,,Month-to-month,9313-QOLTZ,No,No,Male,1,518.3,25-36,26,No,No,No,0,Yes,Mailed check,No,No,No,No,No,20.9,No,
84.8,14,No,,0,,Month-to-month,9314-IJWSQ,Yes,No,Female,1,1203.9,13-24,14,No,Yes,No,0,Yes,Electronic check,Yes,Yes,No,No,Yes,84.8,Fiber optic,
43.55,8,No,,0,,Month-to-month,9327-QSDED,No,No,Male,1,335.4,0-12,8,No,No,No,0,Yes,Mailed check,No,No,No,No,No,43.55,DSL,
54.85,6,No,,0,,Month-to-month,9332-GYWLO,Yes,No,Female,1,355.1,0-12,6,No,Yes,No,0,Yes,Electronic check,Yes,No,No,No,No,54.85,DSL,
74.85,7,No,,0,,Month-to-month,9334-GWGOW,No,No,Male,1,485.25,0-12,7,No,No,No,1,Yes,Electronic check,Yes,Yes,No,No,Yes,74.85,Fiber optic,
54.65,33,No,,0,,Month-to-month,9342-VNIMQ,No,No,Male,1,1665.2,25-36,33,No,No,No,0,Yes,Bank transfer (automatic),No,Yes,No,Yes,Yes,54.65,DSL,
44.8,4,No,,0,,Month-to-month,9348-YVOMK,No,No,Male,1,176.2,0-12,4,No,No,No,0,Yes,Credit card (automatic),No,Yes,No,No,No,44.8,DSL,
89.55,67,No,,0,,Month-to-month,9350-VLHMB,Yes,No,Male,1,6373.1,61+,67,No,No,Yes,0,Yes,Bank transfer (automatic),Yes,Yes,No,Yes,Yes,89.55,Fiber optic,
66.4,42,No,,0,,Month-to-month,9351-LZYGF,No,No,Female,1,2727.8,37-48,42,Yes,No,No,0,Yes,Credit card (automatic),Yes,Yes,Yes,Yes,Yes,66.4,DSL,
78.8,26,No,,0,,Month-to-month,9355-NPPFS,No,No,Female,1,2006.1,25-36,26,No,No,Yes,1,Yes,Electronic check,No,Yes,No,No,No,78.8,Fiber optic,
94.1,24,No,,0,,Month-to-month,9360-OMDZZ,No,No,Male,1,2322.85,13-24,24,No,Yes,Yes,0,Yes,Electronic check,No,Yes,No,No,Yes,94.1,Fiber optic,
64.1,40,No,,0,,Month-to-month,9362-MWODR,Yes,No,Female,1,2460.35,37-48,40,Yes,Yes,No,0,Yes,Credit card (automatic),No,Yes,Yes,No,No,64.1,DSL,
19.8,15,No,,0,,Month-to-month,9364-YKUVW,No,No,Male,1,309.4,13-24,15,No,No,No,0,Yes,Mailed check,No,Yes,No,No,No,19.8,No,
70.55,27,No,,0,,Month-to-month,9365-SRSZE,No,No,Male,1,1943.9,25-36,27,No,No,No,1,Yes,Electronic check,Yes,Yes,No,No,No,70.55,Fiber optic,
20.7,4,No,,0,,Month-to-month,9367-OIUXP,No,No,Male,1,73.05,0-12,4,No,No,No,0,Yes,Mailed check,No,No,No,No,No,20.7,No,
20.1,12,No,,0,,Month-to-month,9367-TCUYN,No,No,Female,1,223.6,0-12,12,No,No,No,0,Yes,Mailed check,No,No,No,No,No,20.1,No,
50,33,No,,0,,Month-to-month,9373-WSLOY,No,Yes,Male,1,1750.85,25-36,33,Yes,Yes,No,1,No,Electronic check,Yes,Yes,No,Yes,No phone service,50,DSL,
19.25,1,No,,0,,Month-to-month,9374-YOLBJ,Yes,No,Female,1,19.25,0-12,1,No,No,No,0,Yes,Electronic check,Yes,No,No,No,No,19.25,No,
50.05,6,No,,0,,Month-to-month,9375-MHRRS,No,No,Male,1,288.35,0-12,6,Yes,No,No,0,Yes,Mailed check,No,No,No,No,No,50.05,DSL,
69.95,5,No,,0,,Month-to-month,9389-ACWBI,Yes,No,Female,1,320.4,0-12,5,No,No,No,0,Yes,Credit card (automatic),Yes,No,No,No,No,69.95,Fiber optic,
19.5,23,No,,0,,Month-to-month,9391-TTOYH,No,No,Female,1,470.2,13-24,23,No,No,No,0,Yes,Mailed check,No,Yes,No,No,No,19.5,No,
48.85,15,No,,0,,Month-to-month,9396-ZSFLL,No,No,Female,1,631.4,13-24,15,No,No,No,0,Yes,Mailed check,No,No,No,No,Yes,48.85,DSL,
74.45,3,No,,0,,Month-to-month,9398-MMQTO,No,No,Male,1,221.1,0-12,3,No,No,No,0,Yes,Credit card (automatic),No,No,No,Yes,No,74.45,Fiber optic,
91.5,15,No,,0,,Month-to-month,9402-ORRAH,No,No,Female,1,1400.3,13-24,15,No,Yes,Yes,1,Yes,Electronic check,No,Yes,No,No,No,91.5,Fiber optic,
105.15,45,No,,0,,Month-to-month,9408-HRXRK,Yes,No,Female,1,4730.9,37-48,45,No,Yes,Yes,0,Yes,Electronic check,Yes,Yes,Yes,Yes,Yes,105.15,Fiber optic,
55.75,8,No,,0,,Month-to-month,9415-TPKRV,Yes,No,Female,1,446.8,0-12,8,No,No,No,0,Yes,Electronic check,Yes,No,No,Yes,Yes,55.75,DSL,
18.75,2,No,,0,,Month-to-month,9426-SXNHE,No,No,Female,1,53.15,0-12,2,No,No,No,0,Yes,Bank transfer (automatic),No,No,No,No,No,18.75,No,
70.8,17,No,,0,,Month-to-month,9432-VOFYX,No,No,Male,1,1207,13-24,17,No,No,No,0,Yes,Electronic check,No,Yes,No,No,No,70.8,Fiber optic,
19.1,1,No,,0,,Month-to-month,9441-QHEVC,No,No,Male,1,19.1,0-12,1,No,No,No,0,Yes,Mailed check,No,No,No,No,No,19.1,No,
85.2,27,No,,0,,Month-to-month,9445-ZUEQE,Yes,No,Male,1,2151.6,25-36,27,Yes,No,No,0,Yes,Credit card (automatic),Yes,Yes,No,Yes,Yes,85.2,Fiber optic,
83.15,35,No,,0,,Month-to-month,9450-TRJUU,No,No,Male,1,2848.45,25-36,35,No,Yes,No,0,Yes,Electronic check,No,No,No,No,Yes,83.15,Fiber optic,
19.05,25,No,,0,,Month-to-month,9467-ROOLM,No,No,Female,1,461.3,25-36,25,No,No,No,0,Yes,Mailed check,No,No,No,No,No,19.05,No,
90.35,37,No,,0,,Month-to-month,9469-WEJBT,No,Yes,Male,1,3419.3,37-48,37,Yes,No,Yes,0,Yes,Electronic check,Yes,Yes,No,No,No,90.35,Fiber optic,
89.65,35,No,,0,,Month-to-month,9470-XCCEM,Yes,No,Male,1,3161.6,25-36,35,No,Yes,No,0,Yes,Bank transfer (automatic),Yes,Yes,No,Yes,Yes,89.65,Fiber optic,
112.9,72,No,,0,,Month-to-month,9481-IEBZY,No,Yes,Male,1,8061.5,61+,72,Yes,Yes,Yes,1,Yes,Credit card (automatic),Yes,Yes,Yes,Yes,Yes,112.9,Fiber optic,
59.8,14,No,,0,,Month-to-month,9481-SFCQY,Yes,Yes,Female,1,824.85,13-24,14,No,Yes,No,0,Yes,Credit card (automatic),No,Yes,No,No,No,59.8,DSL,
60.9,8,No,,0,,Month-to-month,9489-UTFKA,No,No,Male,1,551.95,0-12,8,No,Yes,No,1,Yes,Bank transfer (automatic),Yes,No,Yes,No,No,60.9,DSL,
75.05,10,No,,0,,Month-to-month,9494-MRNYX,No,No,Male,1,786.3,0-12,10,No,No,No,0,Yes,Electronic check,No,No,No,No,Yes,75.05,Fiber optic,
95.95,45,No,,0,,Month-to-month,9495-SKLKD,Yes,Yes,Male,1,4456.65,37-48,45,No,No,Yes,0,Yes,Bank transfer (automatic),Yes,Yes,No,Yes,Yes,95.95,Fiber optic,
51,11,No,,0,,Month-to-month,9496-IVVRP,Yes,No,Female,1,581.7,0-12,11,No,No,No,0,Yes,Bank transfer (automatic),Yes,No,Yes,No,No,51,DSL,
80.05,35,No,,0,,Month-to-month,9500-LTVBP,No,No,Female,1,2835.9,25-36,35,Yes,No,No,0,Yes,Credit card (automatic),No,No,No,No,Yes,80.05,Fiber optic,
51.7,59,No,,0,,Month-to-month,9501-UKKNL,No,No,Male,1,3005.8,49-60,59,Yes,Yes,Yes,0,No,Electronic check,No,Yes,No,No,No phone service,51.7,DSL,
59.2,20,No,,0,,Month-to-month,9504-DSHWM,No,No,Male,1,1191.2,13-24,20,Yes,No,No,0,Yes,Bank transfer (automatic),No,No,Yes,No,Yes,59.2,DSL,
40.3,3,No,,0,,Month-to-month,9505-SQFSW,Yes,No,Female,1,92.5,0-12,3,No,No,Yes,0,No,Mailed check,Yes,No,No,Yes,No phone service,40.3,DSL,
70.15,13,No,,0,,Month-to-month,9506-UXUSK,No,No,Male,1,931.75,13-24,13,No,No,No,0,Yes,Electronic check,No,Yes,No,No,No,70.15,Fiber optic,
96.35,34,No,,0,,Month-to-month,9508-ILZDG,No,No,Female,1,3190.25,25-36,34,Yes,Yes,No,1,Yes,Electronic check,No,Yes,No,Yes,Yes,96.35,Fiber optic,
20.55,10,No,,0,,Month-to-month,9512-PHSMG,No,No,Female,1,252.75,0-12,10,No,No,No,0,Yes,Mailed check,Yes,Yes,No,No,No,20.55,No,
72.45,31,No,,0,,Month-to-month,9518-IMLHK,No,Yes,Male,1,2156.25,25-36,31,Yes,Yes,No,0,Yes,Bank transfer (automatic),No,Yes,Yes,Yes,No,72.45,DSL,
75.3,10,No,,0,,Month-to-month,9518-XXBXE,No,No,Male,1,720.45,0-12,10,No,No,No,1,Yes,Electronic check,Yes,No,Yes,No,No,75.3,Fiber optic,
56.25,34,No,,0,,Month-to-month,9522-BNTHX,No,Yes,Female,1,1765.95,25-36,34,No,Yes,Yes,1,No,Electronic check,No,Yes,No,Yes,No phone service,56.25,DSL,
87.75,15,No,,0,,Month-to-month,9529-OFXHY,No,No,Male,1,1242.2,13-24,15,No,Yes,No,0,Yes,Bank transfer (automatic),No,Yes,Yes,No,Yes,87.75,Fiber optic,
51.2,1,No,,0,,Month-to-month,9537-VHDTA,Yes,No,Female,1,51.2,0-12,1,No,No,No,0,Yes,Mailed check,No,No,Yes,No,No,51.2,DSL,
96.1,62,No,,0,,Month-to-month,9544-PYPSJ,Yes,Yes,Female,1,6019.35,61+,62,No,No,Yes,1,Yes,Credit card (automatic),Yes,Yes,No,Yes,Yes,96.1,Fiber optic,
24.7,19,No,,0,,Month-to-month,9546-KDTRB,No,No,Female,1,465.85,13-24,19,No,No,No,0,Yes,Bank transfer (automatic),No,No,No,No,Yes,24.7,No,
102.6,9,No,,0,,Month-to-month,9547-ITEFG,Yes,Yes,Male,1,897.75,0-12,9,No,Yes,Yes,0,Yes,Credit card (automatic),Yes,Yes,No,Yes,Yes,102.6,Fiber optic,
75,8,No,,0,,Month-to-month,9552-TGUZV,No,No,Male,1,658.1,0-12,8,No,No,No,0,Yes,Mailed check,Yes,Yes,Yes,No,No,75,Fiber optic,
54.45,30,No,,0,,Month-to-month,9554-DFKIC,Yes,No,Male,1,1588.7,25-36,30,No,No,No,0,Yes,Bank transfer (automatic),Yes,Yes,Yes,No,Yes,54.45,DSL,
54.5,38,No,,0,,Month-to-month,9555-SAHUZ,Yes,No,Female,1,2076.05,37-48,38,No,No,No,0,Yes,Electronic check,Yes,No,Yes,Yes,No,54.5,DSL,
29.9,3,No,,0,,Month-to-month,9572-WUKSB,No,No,Male,1,92.25,0-12,3,Yes,No,No,0,No,Electronic check,Yes,Yes,No,No,No phone service,29.9,DSL,
91.15,37,No,,0,,Month-to-month,9576-SYUHJ,No,No,Male,1,3369.25,37-48,37,No,Yes,No,0,Yes,Electronic check,No,Yes,Yes,No,Yes,91.15,Fiber optic,
54.45,68,No,,0,,Month-to-month,9577-WJVCQ,No,No,Female,1,3687.75,61+,68,No,No,No,0,Yes,Mailed check,No,No,Yes,No,Yes,54.45,DSL,
24.8,15,No,,0,,Month-to-month,9578-FOMUK,Yes,No,Male,1,324.15,13-24,15,No,No,No,0,Yes,Electronic check,No,Yes,No,No,Yes,24.8,No,
70.5,17,No,,0,,Month-to-month,9584-EXCDZ,No,No,Female,1,1165.6,13-24,17,No,No,No,0,Yes,Bank transfer (automatic),No,No,No,No,No,70.5,Fiber optic,
45,2,No,,0,,Month-to-month,9588-OZDMQ,No,No,Female,1,89.75,0-12,2,No,No,No,0,Yes,Electronic check,Yes,Yes,No,No,No,45,DSL,
44.85,55,No,,0,,Month-to-month,9591-YVTEB,No,No,Male,1,2479.05,49-60,55,No,Yes,No,1,No,Electronic check,No,Yes,Yes,Yes,No phone service,44.85,DSL,
70.05,1,No,,0,,Month-to-month,9603-OAIHC,No,No,Male,1,70.05,0-12,1,No,No,No,1,Yes,Electronic check,No,Yes,No,No,No,70.05,Fiber optic,
70.2,1,No,,0,,Month-to-month,9605-WGJVW,No,No,Female,1,70.2,0-12,1,No,No,No,1,Yes,Electronic check,No,Yes,No,No,No,70.2,Fiber optic,
70.6,1,No,,0,,Month-to-month,9617-INGJY,No,No,Male,1,70.6,0-12,1,No,No,No,0,Yes,Mailed check,No,Yes,No,No,No,70.6,Fiber optic,
20.45,4,No,,0,,Month-to-month,9618-LFJRU,No,No,Female,1,82.85,0-12,4,No,No,No,0,Yes,Credit card (automatic),No,No,No,No,No,20.45,No,
70.55,6,No,,0,,Month-to-month,9620-ENEJV,No,No,Female,1,433.95,0-12,6,No,No,No,0,Yes,Credit card (automatic),No,No,No,No,No,70.55,Fiber optic,
88.5,41,No,,0,,Month-to-month,9626-VFRGG,Yes,No,Female,1,3645.05,37-48,41,No,Yes,No,0,Yes,Bank transfer (automatic),No,Yes,No,Yes,Yes,88.5,Fiber optic,
29.15,4,No,,0,,Month-to-month,9626-WEQRM,No,No,Female,1,110.05,0-12,4,No,No,No,0,No,Mailed check,No,Yes,Yes,No,No phone service,29.15,DSL,
19.4,1,No,,0,,Month-to-month,9629-NHXFW,Yes,No,Female,1,19.4,0-12,1,No,No,No,0,Yes,Mailed check,Yes,Yes,No,No,No,19.4,No,
50.4,3,No,,0,,Month-to-month,9631-XEYKE,No,No,Male,1,137.25,0-12,3,No,No,No,0,Yes,Bank transfer (automatic),No,No,No,No,Yes,50.4,DSL,
58.6,47,No,,0,,Month-to-month,9633-DENPU,No,No,Female,1,2723.4,37-48,47,No,Yes,No,0,Yes,Bank transfer (automatic),Yes,Yes,No,Yes,No,58.6,DSL,
70.25,3,No,,0,,Month-to-month,9633-XQABV,No,No,Female,1,229.7,0-12,3,No,No,No,0,Yes,Electronic check,No,Yes,No,No,No,70.25,Fiber optic,
24.9,2,No,,0,,Month-to-month,9638-JIQYA,No,No,Male,1,49.7,0-12,2,No,No,No,0,No,Credit card (automatic),No,Yes,No,No,No phone service,24.9,DSL,
80,3,No,,0,,Month-to-month,9643-AVVWI,Yes,No,Female,1,241.3,0-12,3,Yes,No,No,0,Yes,Electronic check,Yes,Yes,No,Yes,No,80,Fiber optic,
69.05,9,No,,0,,Month-to-month,9643-YBLUR,No,Yes,Male,1,653.95,0-12,9,No,No,Yes,0,Yes,Credit card (automatic),Yes,Yes,No,Yes,Yes,69.05,DSL,
49.15,6,No,,0,,Month-to-month,9644-UMGQA,Yes,No,Male,1,295.65,0-12,6,No,No,No,0,Yes,Electronic check,Yes,Yes,Yes,No,No,49.15,DSL,
115.65,45,No,,0,,Month-to-month,9659-QEQSY,No,Yes,Female,1,5125.5,37-48,45,Yes,Yes,Yes,0,Yes,Electronic check,No,Yes,Yes,Yes,Yes,115.65,Fiber optic,
54.35,2,No,,0,,Month-to-month,9667-TKTVZ,No,No,Female,1,117.05,0-12,2,Yes,No,No,0,Yes,Mailed check,No,Yes,No,No,Yes,54.35,DSL,
88.2,49,No,,0,,Month-to-month,9681-KYGYB,No,Yes,Male,1,4159.45,49-60,49,No,No,No,1,Yes,Electronic check,Yes,Yes,Yes,Yes,Yes,88.2,Fiber optic,
88.15,44,No,,0,,Month-to-month,9688-YGXVR,No,Yes,Female,1,3973.2,37-48,44,No,Yes,No,0,Yes,Credit card (automatic),No,Yes,No,Yes,No,88.15,Fiber optic,
50.25,59,No,,0,,Month-to-month,9693-XMUOB,No,No,Male,1,2997.45,49-60,59,No,Yes,Yes,1,No,Electronic check,Yes,Yes,No,Yes,No phone service,50.25,DSL,
80.1,5,No,,0,,Month-to-month,9696-RMYBA,No,No,Male,1,398.55,0-12,5,No,Yes,No,0,Yes,Mailed check,No,Yes,No,No,No,80.1,Fiber optic,
94.5,43,No,,0,,Month-to-month,9699-UBQFS,No,No,Female,1,4156.8,37-48,43,No,Yes,No,1,Yes,Electronic check,Yes,Yes,Yes,Yes,Yes,94.5,Fiber optic,
65.5,10,No,,0,,Month-to-month,9700-ISPUP,Yes,No,Female,1,616.9,0-12,10,Yes,No,Yes,0,Yes,Electronic check,Yes,Yes,No,Yes,No,65.5,DSL,
20,2,No,,0,,Month-to-month,9700-ZCLOT,No,No,Male,1,32.7,0-12,2,No,No,No,0,Yes,Mailed check,No,No,No,No,No,20,No,
69.15,51,No,,0,,Month-to-month,9701-CDXHR,No,No,Female,1,3649.6,49-60,51,No,No,No,0,Yes,Mailed check,Yes,No,No,No,No,69.15,Fiber optic,
45.4,5,No,,0,,Month-to-month,9708-HPXWZ,No,Yes,Male,1,214.75,0-12,5,Yes,Yes,No,1,No,Credit card (automatic),No,No,No,No,No phone service,45.4,DSL,
20.55,1,No,,0,,Month-to-month,9708-KFDBY,No,No,Male,1,20.55,0-12,1,No,No,No,0,Yes,Credit card (automatic),No,No,No,No,No,20.55,No,
94.9,4,No,,0,,Month-to-month,9714-EDSUC,No,No,Male,1,360.55,0-12,4,Yes,No,Yes,0,Yes,Mailed check,No,Yes,Yes,Yes,No,94.9,Fiber optic,
70.3,2,No,,0,,Month-to-month,9717-QEBGU,No,No,Male,1,144,0-12,2,No,No,No,0,Yes,Electronic check,No,Yes,No,No,No,70.3,Fiber optic,
99.4,49,No,,0,,Month-to-month,9732-EQMWY,No,Yes,Female,1,5025,49-60,49,No,Yes,Yes,0,Yes,Electronic check,Yes,No,No,Yes,No,99.4,Fiber optic,
87.95,6,No,,0,,Month-to-month,9741-YLNTD,No,No,Male,1,522.35,0-12,6,Yes,No,Yes,0,Yes,Bank transfer (automatic),No,Yes,No,No,Yes,87.95,Fiber optic,
25.1,3,No,,0,,Month-to-month,9743-DQKQW,No,No,Male,1,79.8,0-12,3,No,No,No,0,No,Electronic check,No,No,No,No,No phone service,25.1,DSL,
48.6,1,No,,0,,Month-to-month,9752-ZNQUT,No,No,Female,1,48.6,0-12,1,No,No,No,0,Yes,Electronic check,No,Yes,No,Yes,No,48.6,DSL,
20.5,1,No,,0,,Month-to-month,9753-OYLBX,No,No,Female,1,20.5,0-12,1,No,No,No,0,Yes,Mailed check,No,No,No,No,No,20.5,No,
38.85,26,No,,0,,Month-to-month,9754-CLVZW,Yes,No,Female,1,1025.15,25-36,26,Yes,No,No,0,No,Credit card (automatic),Yes,No,Yes,Yes,No phone service,38.85,DSL,
65.6,5,No,,0,,Month-to-month,9761-XUJWD,No,No,Male,1,339.9,0-12,5,Yes,No,Yes,0,Yes,Bank transfer (automatic),No,Yes,No,Yes,No,65.6,DSL,
49.95,13,No,,0,,Month-to-month,9763-GRSKD,Yes,No,Male,1,587.45,13-24,13,No,No,No,0,Yes,Mailed check,Yes,Yes,Yes,No,No,49.95,DSL,
69.5,38,No,,0,,Month-to-month,9767-FFLEM,No,No,Male,1,2625.25,37-48,38,No,No,No,0,Yes,Credit card (automatic),No,Yes,No,No,No,69.5,Fiber optic,
20.4,3,No,,0,,Month-to-month,9770-LXDBK,No,No,Female,1,63.15,0-12,3,No,No,No,0,Yes,Mailed check,No,No,No,No,No,20.4,No,
79.85,10,No,,0,,Month-to-month,9773-PEQBZ,No,No,Male,1,797.25,0-12,10,No,No,No,0,Yes,Electronic check,No,No,No,Yes,Yes,79.85,Fiber optic,
84.8,27,No,,0,,Month-to-month,9774-NRNAU,No,Yes,Male,1,2309.55,25-36,27,Yes,Yes,Yes,1,Yes,Bank transfer (automatic),Yes,Yes,No,Yes,Yes,84.8,DSL,
95.45,65,No,,0,,Month-to-month,9776-OJUZI,No,Yes,Female,1,6223.3,61+,65,No,Yes,No,1,Yes,Bank transfer (automatic),No,Yes,No,Yes,Yes,95.45,Fiber optic,
88.65,31,No,,0,,Month-to-month,9777-WJJPR,No,Yes,Male,1,2683.2,25-36,31,No,Yes,No,0,Yes,Credit card (automatic),Yes,No,No,No,Yes,88.65,Fiber optic,
80.15,22,No,,0,,Month-to-month,9779-DPNEJ,Yes,No,Female,1,1790.65,13-24,22,No,No,Yes,0,Yes,Electronic check,Yes,Yes,No,No,No,80.15,Fiber optic,
59.15,6,No,,0,,Month-to-month,9780-FKVVF,No,No,Male,1,336.7,0-12,6,No,No,Yes,0,Yes,Bank transfer (automatic),No,Yes,Yes,No,No,59.15,DSL,
61.75,49,No,,0,,Month-to-month,9782-LGXMC,Yes,Yes,Female,1,3024.15,49-60,49,Yes,No,No,0,Yes,Bank transfer (automatic),Yes,No,Yes,No,No,61.75,DSL,
19.95,7,No,,0,,Month-to-month,9788-YTFGE,No,No,Male,1,147.5,0-12,7,No,No,No,0,Yes,Mailed check,No,Yes,No,No,No,19.95,No,
95.3,23,No,,0,,Month-to-month,9793-WECQC,No,No,Male,1,2192.9,13-24,23,No,Yes,Yes,0,Yes,Mailed check,No,No,No,Yes,No,95.3,Fiber optic,
69.95,8,No,,0,,Month-to-month,9796-BPKIW,No,No,Male,1,562.7,0-12,8,No,No,No,1,Yes,Credit card (automatic),No,Yes,No,No,No,69.95,Fiber optic,
69.3,2,No,,0,,Month-to-month,9799-CAYJJ,No,No,Female,1,153.8,0-12,2,No,No,No,1,Yes,Electronic check,Yes,Yes,No,No,No,69.3,Fiber optic,
75.8,22,No,,0,,Month-to-month,9800-ONTFE,Yes,No,Female,1,1615.1,13-24,22,No,No,No,0,Yes,Bank transfer (automatic),Yes,Yes,No,No,Yes,75.8,Fiber optic,
83.85,40,No,,0,,Month-to-month,9812-GHVRI,No,No,Female,1,3532.25,37-48,40,No,No,Yes,0,Yes,Bank transfer (automatic),No,No,No,No,Yes,83.85,Fiber optic,
25,12,No,,0,,Month-to-month,9817-APLHW,No,No,Male,1,316.2,0-12,12,No,No,No,0,Yes,Electronic check,No,No,No,No,Yes,25,No,
20.35,2,No,,0,,Month-to-month,9818-XQCUV,No,No,Female,1,45.3,0-12,2,No,No,No,0,Yes,Mailed check,No,No,No,No,No,20.35,No,
72.25,37,No,,0,,Month-to-month,9819-FBNSV,No,No,Male,1,2575.45,37-48,37,No,No,No,1,Yes,Bank transfer (automatic),Yes,Yes,No,No,No,72.25,Fiber optic,
71.85,53,No,,0,,Month-to-month,9822-BIIGN,Yes,No,Male,1,3827.9,49-60,53,Yes,No,Yes,0,Yes,Electronic check,Yes,No,Yes,No,Yes,71.85,DSL,
55.45,1,No,,0,,Month-to-month,9822-OAOVB,No,No,Female,1,55.45,0-12,1,No,No,Yes,0,Yes,Electronic check,No,Yes,No,No,No,55.45,DSL,
106.5,41,No,,0,,Month-to-month,9822-WMWVG,No,Yes,Female,1,4282.4,37-48,41,Yes,Yes,No,0,Yes,Electronic check,No,Yes,Yes,Yes,Yes,106.5,Fiber optic,
51.15,24,No,,0,,Month-to-month,9828-QHFBK,No,No,Male,1,1275.7,13-24,24,No,No,No,0,Yes,Electronic check,No,Yes,Yes,No,No,51.15,DSL,
19.2,12,No,,0,,Month-to-month,9837-FWLCH,Yes,No,Male,1,239,0-12,12,No,No,No,0,Yes,Electronic check,Yes,Yes,No,No,No,19.2,No,
40.45,43,No,,0,,Month-to-month,9839-ETQOE,Yes,Yes,Male,1,1912.85,37-48,43,No,No,No,0,No,Electronic check,No,Yes,Yes,Yes,No phone service,40.45,DSL,
74.35,1,No,,0,,Month-to-month,9840-EFJQB,No,No,Female,1,74.35,0-12,1,No,No,No,0,Yes,Electronic check,No,No,No,Yes,No,74.35,Fiber optic,
57.2,4,No,,0,,Month-to-month,9842-EFSYY,Yes,Yes,Female,1,223.75,0-12,4,No,Yes,Yes,0,No,Mailed check,No,Yes,Yes,Yes,No phone service,57.2,DSL,
56.85,35,No,,0,,Month-to-month,9853-JFZDU,No,No,Female,1,1861.1,25-36,35,Yes,No,No,0,Yes,Electronic check,Yes,No,No,Yes,No,56.85,DSL,
20.35,34,No,,0,,Month-to-month,9860-LISIZ,No,No,Female,1,673.2,25-36,34,No,No,No,0,Yes,Mailed check,No,No,No,No,No,20.35,No,
25.35,19,No,,0,,Month-to-month,9862-KJTYK,Yes,No,Male,1,566.1,13-24,19,No,No,No,0,No,Credit card (automatic),No,Yes,No,No,No phone service,25.35,DSL,
20.05,22,No,,0,,Month-to-month,9867-NNXLC,No,No,Female,1,470.2,13-24,22,No,No,No,0,Yes,Mailed check,No,Yes,No,No,No,20.05,No,
44.65,11,No,,0,,Month-to-month,9873-MNDKV,No,No,Female,1,472.25,0-12,11,No,No,No,0,Yes,Mailed check,No,Yes,No,No,No,44.65,DSL,
54.1,25,No,,0,,Month-to-month,9881-VCZEP,No,No,Female,1,1373,25-36,25,No,No,No,0,Yes,Electronic check,Yes,No,No,Yes,Yes,54.1,DSL,
85.8,29,No,,0,,Month-to-month,9885-AIBVB,No,Yes,Male,1,2440.25,25-36,29,No,No,No,0,Yes,Electronic check,Yes,Yes,No,Yes,Yes,85.8,Fiber optic,
24.4,1,No,,0,,Month-to-month,9895-VFOXH,No,No,Female,1,24.4,0-12,1,No,No,No,0,No,Mailed check,No,No,No,No,No phone service,24.4,DSL,
73.15,18,No,,0,,Month-to-month,9903-LYSAB,No,No,Male,1,1305.95,13-24,18,No,No,No,0,Yes,Electronic check,Yes,Yes,No,No,Yes,73.15,Fiber optic,
91.35,32,No,,0,,Month-to-month,9904-EHEVJ,Yes,Yes,Female,1,2896.55,25-36,32,No,Yes,No,1,Yes,Mailed check,Yes,Yes,No,No,Yes,91.35,Fiber optic,
96.8,20,No,,0,,Month-to-month,9909-IDLEK,Yes,No,Male,1,1826.7,13-24,20,Yes,Yes,No,0,Yes,Mailed check,Yes,No,No,Yes,Yes,96.8,Fiber optic,
94.3,21,No,,0,,Month-to-month,9919-KNPOO,No,No,Female,1,1948.35,13-24,21,No,Yes,Yes,0,Yes,Electronic check,Yes,Yes,No,No,Yes,94.3,Fiber optic,
103.8,42,No,,0,,Month-to-month,9919-YLNNG,No,Yes,Female,1,4327.5,37-48,42,Yes,Yes,Yes,0,Yes,Bank transfer (automatic),No,Yes,No,Yes,No,103.8,Fiber optic,
95.3,33,No,,0,,Month-to-month,9921-EZKBY,Yes,Yes,Male,1,3275.15,25-36,33,No,No,Yes,0,Yes,Bank transfer (automatic),No,Yes,Yes,No,Yes,95.3,Fiber optic,
90.15,23,No,,0,,Month-to-month,9921-QFQUL,No,Yes,Female,1,2044.95,13-24,23,No,No,Yes,0,Yes,Mailed check,Yes,No,No,No,Yes,90.15,Fiber optic,
104.6,22,No,,0,,Month-to-month,9927-DSWDF,No,No,Male,1,2180.55,13-24,22,Yes,Yes,Yes,0,Yes,Electronic check,Yes,Yes,Yes,Yes,No,104.6,Fiber optic,
20.4,4,No,,0,,Month-to-month,9929-PLVPA,Yes,No,Female,1,94.5,0-12,4,No,No,No,0,Yes,Credit card (automatic),No,No,No,No,No,20.4,No,
55,46,No,,0,,Month-to-month,9931-KGHOA,No,No,Female,1,2473.95,37-48,46,No,No,No,0,Yes,Bank transfer (automatic),Yes,No,Yes,No,Yes,55,DSL,
20.35,11,No,,0,,Month-to-month,9932-WBWIK,No,No,Male,1,215.25,0-12,11,No,No,No,0,Yes,Mailed check,No,No,No,No,No,20.35,No,
84.45,15,No,,0,,Month-to-month,9938-EKRGF,No,Yes,Female,1,1287.85,13-24,15,Yes,Yes,Yes,0,Yes,Mailed check,No,No,Yes,Yes,No,84.45,DSL,
75.7,67,No,,0,,Month-to-month,9943-VSZUV,No,No,Male,1,5060.85,61+,67,No,No,No,1,Yes,Mailed check,No,Yes,No,No,Yes,75.7,Fiber optic,
85.65,32,No,,0,,Month-to-month,9944-AEXBM,No,No,Male,1,2664.3,25-36,32,No,No,Yes,0,Yes,Bank transfer (automatic),No,Yes,No,No,Yes,85.65,Fiber optic,
80.8,6,No,,0,,Month-to-month,9957-YODKZ,No,Yes,Male,1,457.1,0-12,6,No,No,No,1,Yes,Electronic check,Yes,Yes,No,No,Yes,80.8,Fiber optic,
20.05,1,No,,0,,Month-to-month,9962-BFPDU,Yes,No,Female,1,20.05,0-12,1,No,No,No,0,Yes,Mailed check,Yes,No,No,No,No,20.05,No,
19.9,19,No,,0,,Month-to-month,9967-ATRFS,No,No,Female,1,367.55,13-24,19,No,No,No,0,Yes,Mailed check,No,No,No,No,No,19.9,No,
19.7,6,No,,0,,Month-to-month,9970-QBCDA,No,No,Female,1,129.55,0-12,6,No,No,No,0,Yes,Credit card (automatic),No,No,No,No,No,19.7,No,
108.9,34,No,,0,,Month-to-month,9971-ZWPBF,Yes,Yes,Male,1,3625.2,25-36,34,Yes,Yes,Yes,1,Yes,Electronic check,Yes,Yes,No,Yes,Yes,108.9,Fiber optic,
54.65,28,No,,0,,Month-to-month,9972-NKTFD,No,No,Female,1,1517.5,25-36,28,Yes,No,No,0,Yes,Bank transfer (automatic),No,No,No,Yes,No,54.65,DSL,
99.15,64,No,,0,,Month-to-month,9974-JFBHQ,Yes,No,Male,1,6171.2,61+,64,Yes,Yes,Yes,0,Yes,Credit card (automatic),No,Yes,No,Yes,No,99.15,Fiber optic,
18.9,1,No,,0,,Month-to-month,9975-SKRNR,No,No,Male,1,18.9,0-12,1,No,No,No,0,Yes,Mailed check,No,No,No,No,No,18.9,No,
50.3,2,No,,0,,Month-to-month,9992-UJOEL,No,No,Male,1,92.75,0-12,2,No,No,No,0,Yes,Mailed check,No,Yes,No,Yes,No,50.3,DSL,
65.6,9,No,,0,,One year,0002-ORFBO,Yes,No,Female,1,593.3,0-12,9,Yes,Yes,No,0,Yes,Mailed check,Yes,Yes,No,Yes,No,65.6,DSL,
61.25,34,No,,0,,One year,0020-JDNXP,Yes,Yes,Female,1,1993.2,25-36,34,Yes,Yes,Yes,0,No,Mailed check,Yes,No,Yes,No,No phone service,61.25,DSL,
25.2,50,No,,0,,One year,0023-UYUPN,No,No,Female,1,1306.3,49-60,50,No,No,No,1,Yes,Electronic check,Yes,No,No,No,Yes,25.2,No,
103.7,55,No,,0,,One year,0036-IHMOT,Yes,Yes,Female,1,5656.75,49-60,55,Yes,Yes,Yes,0,Yes,Bank transfer (automatic),Yes,Yes,No,Yes,No,103.7,Fiber optic,
19.6,26,No,,0,,One year,0042-JVWOJ,No,No,Male,1,471.85,25-36,26,No,No,No,0,Yes,Bank transfer (automatic),No,Yes,No,No,No,19.6,No,
91.2,37,No,,0,,One year,0048-LUMLS,Yes,No,Male,1,3247.55,37-48,37,No,Yes,Yes,0,Yes,Credit card (automatic),Yes,No,No,No,No,91.2,Fiber optic,
20.45,49,No,,0,,One year,0048-PIHNL,No,No,Female,1,900.9,49-60,49,No,No,No,0,Yes,Bank transfer (automatic),Yes,No,No,No,No,20.45,No,
115.8,66,No,,0,,One year,0052-DCKON,No,Yes,Male,1,7942.15,61+,66,Yes,Yes,Yes,0,Yes,Bank transfer (automatic),Yes,No,Yes,Yes,Yes,115.8,Fiber optic,
20.55,67,No,,0,,One year,0052-YNYOT,No,No,Female,1,1343.4,61+,67,No,No,No,0,Yes,Electronic check,No,No,No,No,No,20.55,No,
78.2,27,No,,0,,One year,0068-FIGTF,No,Yes,Female,1,2078.95,25-36,27,Yes,Yes,Yes,0,Yes,Mailed check,No,No,No,Yes,No,78.2,DSL,
61.6,25,No,,0,,One year,0074-HDKDG,Yes,Yes,Male,1,1611,25-36,25,No,No,No,0,Yes,Bank transfer (automatic),Yes,Yes,Yes,Yes,No,61.6,DSL,
51.45,14,No,,0,,One year,0080-EMYVY,No,No,Female,1,727.85,13-24,14,No,No,No,0,Yes,Credit card (automatic),No,No,No,Yes,No,51.45,DSL,
99.25,35,No,,0,,One year,0080-OROZO,No,Yes,Female,1,3532,25-36,35,Yes,Yes,Yes,0,Yes,Electronic check,No,Yes,No,No,No,99.25,Fiber optic,
81.25,64,No,,0,,One year,0083-PIVIK,No,Yes,Male,1,5567.55,61+,64,Yes,Yes,No,0,Yes,Electronic check,No,No,Yes,Yes,Yes,81.25,DSL,
104.8,70,No,,0,,One year,0100-DUVFC,No,Yes,Male,1,7308.95,61+,70,No,Yes,Yes,1,Yes,Electronic check,Yes,Yes,No,Yes,Yes,104.8,Fiber optic,
109.4,57,No,,0,,One year,0103-CSITQ,No,Yes,Female,1,6252.7,49-60,57,Yes,Yes,Yes,0,Yes,Bank transfer (automatic),Yes,Yes,No,Yes,Yes,109.4,Fiber optic,
50.3,58,No,,0,,One year,0104-PPXDV,No,Yes,Male,1,2878.55,49-60,58,No,No,No,0,Yes,Credit card (automatic),Yes,No,No,No,No,50.3,DSL,
35.4,50,No,,0,,One year,0121-SNYRK,No,No,Male,1,1748.9,49-60,50,Yes,No,No,0,No,Mailed check,No,Yes,Yes,No,No phone service,35.4,DSL,
20.5,44,No,,0,,One year,0129-QMPDR,Yes,No,Male,1,865.05,37-48,44,No,No,No,0,Yes,Bank transfer (automatic),Yes,Yes,No,No,No,20.5,No,
74.85,44,No,,0,,One year,0134-XWXCE,No,Yes,Female,1,3268.05,37-48,44,Yes,Yes,Yes,1,Yes,Bank transfer (automatic),No,No,No,No,No,74.85,DSL,
116.3,71,No,,0,,One year,0186-CAERR,No,Yes,Male,1,8309.55,61+,71,Yes,Yes,Yes,0,Yes,Bank transfer (automatic),No,Yes,Yes,Yes,Yes,116.3,Fiber optic,
84.45,69,No,,0,,One year,0197-PNKNK,Yes,Yes,Female,1,5848.6,61+,69,No,No,No,0,Yes,Bank transfer (automatic),Yes,No,Yes,No,Yes,84.45,Fiber optic,
114.65,54,No,,0,,One year,0206-TBWLC,No,Yes,Female,1,6049.5,49-60,54,Yes,Yes,Yes,0,Yes,Mailed check,Yes,Yes,Yes,Yes,Yes,114.65,Fiber optic,
100.55,71,No,,0,,One year,0218-QNVAS,Yes,No,Male,1,7113.75,61+,71,No,Yes,Yes,0,Yes,Bank transfer (automatic),Yes,No,No,Yes,Yes,100.55,Fiber optic,
19.8,30,No,,0,,One year,0219-QAERP,No,No,Male,1,576.65,25-36,30,No,No,No,0,Yes,Credit card (automatic),Yes,No,No,No,No,19.8,No,
19.95,10,No,,0,,One year,0221-NAUXK,Yes,No,Male,1,219.5,0-12,10,No,No,No,0,Yes,Bank transfer (automatic),No,Yes,No,No,No,19.95,No,
36.1,63,No,,0,,One year,0230-UBYPQ,No,No,Male,1,2298.9,61+,63,Yes,No,No,1,No,Bank transfer (automatic),Yes,No,Yes,No,No phone service,36.1,DSL,
79.2,60,No,,0,,One year,0233-FTHAV,No,Yes,Female,1,4765,49-60,60,No,No,No,0,Yes,Bank transfer (automatic),No,Yes,No,No,Yes,79.2,Fiber optic,
45,48,No,,0,,One year,0234-TEVTT,Yes,Yes,Female,1,2196.3,37-48,48,No,No,Yes,0,No,Credit card (automatic),Yes,No,Yes,No,No phone service,45,DSL,
81.4,52,No,,0,,One year,0254-KCJGT,No,Yes,Male,1,4354.45,49-60,52,Yes,No,Yes,0,Yes,Credit card (automatic),Yes,Yes,Yes,Yes,Yes,81.4,DSL,
50.55,67,No,,0,,One year,0254-WWRKD,Yes,No,Female,1,3431.75,61+,67,No,No,No,0,Yes,Credit card (automatic),Yes,No,No,Yes,No,50.55,DSL,
24.35,23,No,,0,,One year,0269-XFESX,Yes,No,Male,1,538.5,13-24,23,No,No,No,0,Yes,Mailed check,Yes,No,No,No,Yes,24.35,No,
65.35,19,No,,0,,One year,0297-RBCSG,No,No,Male,1,1231.85,13-24,19,Yes,No,Yes,0,Yes,Bank transfer (automatic),No,Yes,No,Yes,No,65.35,DSL,
65,41,No,,0,,One year,0303-UNCIP,No,Yes,Male,1,2531.8,37-48,41,No,No,Yes,0,Yes,Mailed check,No,No,No,No,Yes,65,DSL,
36.05,11,No,,0,,One year,0305-SQECB,Yes,No,Female,1,402.6,0-12,11,Yes,No,No,0,No,Mailed check,No,Yes,Yes,No,No phone service,36.05,DSL,
19.05,16,No,,0,,One year,0307-BCOPK,No,No,Female,1,326.65,13-24,16,No,No,No,0,Yes,Mailed check,No,No,No,No,No,19.05,No,
105.75,71,No,,0,,One year,0308-GIQJT,No,No,Male,1,7382.85,61+,71,Yes,Yes,Yes,1,Yes,Bank transfer (automatic),No,No,No,Yes,Yes,105.75,Fiber optic,
40.4,11,No,,0,,One year,0308-IVGOK,No,Yes,Female,1,422.6,0-12,11,Yes,No,No,0,No,Credit card (automatic),No,Yes,No,Yes,No phone service,40.4,DSL,
84.8,71,No,,0,,One year,0310-SUCIN,No,Yes,Female,1,6046.1,61+,71,Yes,Yes,Yes,0,Yes,Bank transfer (automatic),Yes,Yes,Yes,Yes,No,84.8,DSL,
97.65,70,No,,0,,One year,0326-VDYXE,No,Yes,Female,1,6982.5,61+,70,No,Yes,Yes,0,Yes,Electronic check,Yes,Yes,No,No,Yes,97.65,Fiber optic,
100,39,No,,0,,One year,0327-WFZSY,Yes,Yes,Male,1,3835.55,37-48,39,No,Yes,Yes,0,Yes,Electronic check,Yes,No,No,No,Yes,100,Fiber optic,
102.5,60,No,,0,,One year,0330-BGYZE,No,Yes,Male,1,6157.6,49-60,60,No,Yes,Yes,0,Yes,Bank transfer (automatic),Yes,No,No,Yes,Yes,102.5,Fiber optic,
66.05,55,No,,0,,One year,0334-ZFJSR,No,No,Female,1,3462.1,49-60,55,Yes,No,No,0,Yes,Credit card (automatic),Yes,Yes,Yes,Yes,Yes,66.05,DSL,
70.4,28,No,,0,,One year,0369-ZGOVK,Yes,No,Female,1,1992.2,25-36,28,No,No,No,0,Yes,Bank transfer (automatic),Yes,Yes,No,No,No,70.4,Fiber optic,
39.55,9,No,,0,,One year,0373-AIVNJ,No,Yes,Male,1,373,0-12,9,No,No,No,0,No,Mailed check,No,No,Yes,Yes,No phone service,39.55,DSL,
99.85,34,No,,0,,One year,0380-NEAVX,No,Yes,Male,1,3343.15,25-36,34,No,Yes,Yes,1,Yes,Electronic check,No,Yes,No,Yes,No,99.85,Fiber optic,
62.05,40,No,,0,,One year,0384-LPITE,No,Yes,Male,1,2511.55,37-48,40,No,Yes,Yes,0,No,Credit card (automatic),No,No,Yes,Yes,No phone service,62.05,DSL,
110.65,58,No,,0,,One year,0409-WTMPL,No,Yes,Female,1,6526.65,49-60,58,No,Yes,Yes,0,Yes,Credit card (automatic),Yes,Yes,Yes,Yes,Yes,110.65,Fiber optic,
20.55,15,No,,0,,One year,0422-OHQHQ,Yes,No,Female,1,295.95,13-24,15,No,No,No,0,Yes,Mailed check,Yes,No,No,No,No,20.55,No,
98.85,51,No,,0,,One year,0422-UXFAP,No,Yes,Female,1,4947.55,49-60,51,No,Yes,Yes,0,Yes,Electronic check,Yes,Yes,No,No,Yes,98.85,Fiber optic,
19.5,25,No,,0,,One year,0428-AXXLJ,No,No,Male,1,516.3,25-36,25,No,No,No,0,Yes,Bank transfer (automatic),No,Yes,No,No,No,19.5,No,
80.55,41,No,,0,,One year,0440-MOGPM,No,Yes,Female,1,3263.9,37-48,41,No,Yes,Yes,0,Yes,Electronic check,No,Yes,No,Yes,Yes,80.55,DSL,
94.45,53,No,,0,,One year,0440-UEDAI,No,Yes,Female,1,5042.75,49-60,53,Yes,No,Yes,0,Yes,Credit card (automatic),No,Yes,No,Yes,No,94.45,Fiber optic,
115.6,54,No,,0,,One year,0442-ZXKVS,No,Yes,Female,1,6431.05,49-60,54,Yes,Yes,Yes,1,Yes,Bank transfer (automatic),Yes,Yes,Yes,Yes,Yes,115.6,Fiber optic,
104.85,62,No,,0,,One year,0471-ARVMX,No,Yes,Female,1,6312.9,61+,62,No,Yes,Yes,1,Yes,Electronic check,Yes,Yes,Yes,No,Yes,104.85,Fiber optic,
102.15,45,No,,0,,One year,0481-SUMCB,No,Yes,Female,1,4735.35,37-48,45,No,Yes,Yes,1,Yes,Bank transfer (automatic),No,Yes,No,No,Yes,102.15,Fiber optic,
64.85,32,No,,0,,One year,0484-FFVBJ,No,No,Male,1,2010.95,25-36,32,No,Yes,Yes,0,Yes,Bank transfer (automatic),No,Yes,No,No,No,64.85,DSL,
49.45,23,No,,0,,One year,0489-WMEMG,Yes,No,Female,1,1119.35,13-24,23,Yes,No,No,0,Yes,Electronic check,No,Yes,No,No,No,49.45,DSL,
74.4,24,No,,0,,One year,0496-AHOOK,No,No,Male,1,1712.9,13-24,24,Yes,Yes,Yes,0,Yes,Bank transfer (automatic),Yes,No,Yes,No,No,74.4,DSL,
100.5,60,No,,0,,One year,0512-FLFDW,No,Yes,Female,1,6029,49-60,60,No,Yes,Yes,1,Yes,Credit card (automatic),Yes,Yes,No,No,Yes,100.5,Fiber optic,
100.35,28,No,,0,,One year,0516-OOHAR,Yes,Yes,Male,1,2799,25-36,28,No,Yes,Yes,0,Yes,Bank transfer (automatic),Yes,No,No,Yes,No,100.35,Fiber optic,
92.05,62,No,,0,,One year,0516-UXRMT,No,Yes,Female,1,5755.8,61+,62,No,No,No,0,Yes,Electronic check,No,Yes,Yes,Yes,Yes,92.05,Fiber optic,
71.1,57,No,,0,,One year,0533-UCAAU,No,Yes,Male,1,4140.1,49-60,57,No,Yes,No,1,Yes,Credit card (automatic),Yes,Yes,No,Yes,Yes,71.1,DSL,
79.6,51,No,,0,,One year,0549-CYCQN,No,No,Male,1,3974.7,49-60,51,No,No,No,1,Yes,Bank transfer (automatic),No,Yes,No,Yes,Yes,79.6,Fiber optic,
54.4,18,No,,0,,One year,0557-ASKVU,Yes,Yes,Female,1,957.1,13-24,18,Yes,No,No,0,Yes,Credit card (automatic),Yes,Yes,No,No,No,54.4,DSL,
104.5,63,No,,0,,One year,0565-JUPYD,No,Yes,Male,1,6590.8,61+,63,Yes,Yes,No,0,Yes,Credit card (automatic),No,No,Yes,Yes,Yes,104.5,Fiber optic,
97.95,60,No,,0,,One year,0575-CUQOV,No,Yes,Male,1,5867,49-60,60,No,Yes,Yes,1,Yes,Electronic check,Yes,Yes,No,Yes,No,97.95,Fiber optic,
101.6,41,No,,0,,One year,0580-PIQHM,Yes,Yes,Female,1,3930.55,37-48,41,No,No,Yes,0,Yes,Bank transfer (automatic),Yes,Yes,Yes,Yes,Yes,101.6,Fiber optic,
78.75,45,No,,0,,One year,0607-MVMGC,Yes,Yes,Male,1,3600.65,37-48,45,No,Yes,Yes,0,Yes,Credit card (automatic),Yes,No,No,Yes,Yes,78.75,DSL,
19.95,56,No,,0,,One year,0621-TSSMU,No,No,Male,1,1126.75,49-60,56,No,No,No,0,Yes,Credit card (automatic),Yes,No,No,No,No,19.95,No,
93.55,65,No,,0,,One year,0623-EJQEG,No,No,Male,1,6069.25,61+,65,Yes,No,Yes,0,Yes,Electronic check,No,No,Yes,No,Yes,93.55,Fiber optic,
70.75,40,No,,0,,One year,0635-WKOLD,No,No,Male,1,2921.75,37-48,40,Yes,Yes,No,0,Yes,Credit card (automatic),Yes,No,No,Yes,Yes,70.75,DSL,
70.75,62,No,,0,,One year,0654-PQKDW,Yes,Yes,Female,1,4263.45,61+,62,Yes,Yes,No,0,Yes,Bank transfer (automatic),Yes,Yes,Yes,No,No,70.75,DSL,
60.6,48,No,,0,,One year,0657-DOGUM,No,No,Female,1,2985.25,37-48,48,Yes,No,No,0,Yes,Bank transfer (automatic),Yes,Yes,Yes,No,Yes,60.6,DSL,
78.75,53,No,,0,,One year,0661-KBKPA,Yes,Yes,Male,1,3942.45,49-60,53,Yes,Yes,Yes,0,Yes,Mailed check,Yes,Yes,No,No,Yes,78.75,DSL,
19,6,No,,0,,One year,0661-KQHNK,Yes,No,Female,1,105.5,0-12,6,No,No,No,0,Yes,Credit card (automatic),Yes,No,No,No,No,19,No,
56.25,22,No,,0,,One year,0661-WCQNQ,No,No,Male,1,1292.2,13-24,22,Yes,No,No,0,Yes,Credit card (automatic),Yes,Yes,Yes,No,No,56.25,DSL,
69.55,48,No,,0,,One year,0667-NSRGI,No,Yes,Female,1,3435.6,37-48,48,Yes,No,Yes,0,Yes,Mailed check,Yes,Yes,No,No,Yes,69.55,DSL,
97.65,71,No,,0,,One year,0670-ANMUU,No,No,Male,1,6687.85,61+,71,Yes,No,Yes,0,Yes,Credit card (automatic),No,No,Yes,No,Yes,97.65,Fiber optic,
75.5,50,No,,0,,One year,0679-TDGAK,Yes,No,Male,1,4025.6,49-60,50,Yes,Yes,Yes,0,Yes,Electronic check,Yes,No,Yes,No,No,75.5,DSL,
105.95,40,No,,0,,One year,0691-NIKRI,No,Yes,Female,1,4335.2,37-48,40,Yes,Yes,Yes,0,Yes,Credit card (automatic),No,Yes,No,No,Yes,105.95,Fiber optic,
85.25,44,No,,0,,One year,0723-FDLAY,No,Yes,Male,1,3704.15,37-48,44,Yes,Yes,Yes,0,Yes,Bank transfer (automatic),No,Yes,No,Yes,Yes,85.25,DSL,
34.2,45,No,,0,,One year,0723-VSOBE,No,No,Female,1,1596.6,37-48,45,No,No,Yes,1,No,Electronic check,No,No,No,No,No phone service,34.2,DSL,
89.65,36,No,,0,,One year,0725-CXOTM,No,Yes,Female,1,3348.1,25-36,36,Yes,Yes,Yes,0,Yes,Credit card (automatic),No,Yes,Yes,No,Yes,89.65,DSL,
20.4,52,No,,0,,One year,0731-EBJQB,Yes,No,Female,1,1090.65,49-60,52,No,No,No,0,Yes,Electronic check,Yes,Yes,No,No,No,20.4,No,
69.75,51,No,,0,,One year,0743-HNPFG,Yes,No,Female,1,3562.5,49-60,51,Yes,No,Yes,0,Yes,Credit card (automatic),Yes,Yes,Yes,Yes,No,69.75,DSL,
56.15,51,No,,0,,One year,0743-HRVFF,Yes,Yes,Female,1,2898.95,49-60,51,Yes,Yes,Yes,0,No,Electronic check,Yes,Yes,No,No,No phone service,56.15,DSL,
91.25,52,No,,0,,One year,0750-EBAIU,No,Yes,Male,1,4738.3,49-60,52,No,Yes,No,0,Yes,Electronic check,No,No,Yes,No,No,91.25,Fiber optic,
33.7,46,No,,0,,One year,0756-MPZRL,No,Yes,Male,1,1537.85,37-48,46,Yes,No,No,0,No,Credit card (automatic),No,No,No,No,No phone service,33.7,DSL,
23.75,62,No,,0,,One year,0784-GTUUK,No,No,Male,1,1446.8,61+,62,No,No,No,0,Yes,Credit card (automatic),Yes,Yes,No,No,Yes,23.75,No,
108.1,66,No,,0,,One year,0786-IVLAW,No,Yes,Female,1,7238.6,61+,66,No,Yes,Yes,1,Yes,Bank transfer (automatic),No,No,No,Yes,Yes,108.1,Fiber optic,
19.55,58,No,,0,,One year,0788-DXBFY,Yes,No,Male,1,1108.8,49-60,58,No,No,No,0,Yes,Electronic check,Yes,Yes,No,No,No,19.55,No,
109.9,67,No,,0,,One year,0795-GMVQO,No,Yes,Male,1,7332.4,61+,67,No,Yes,Yes,0,Yes,Credit card (automatic),Yes,No,Yes,Yes,Yes,109.9,Fiber optic,
24.45,43,No,,0,,One year,0804-YGEQV,Yes,No,Female,1,993.15,37-48,43,No,No,No,0,Yes,Bank transfer (automatic),Yes,Yes,No,No,Yes,24.45,No,
78.4,24,No,,0,,One year,0810-BDHAW,Yes,No,Female,1,1832.4,13-24,24,No,Yes,Yes,0,Yes,Electronic check,Yes,No,Yes,Yes,Yes,78.4,DSL,
74,52,No,,0,,One year,0810-DHDBD,No,Yes,Female,1,3877.65,49-60,52,Yes,Yes,No,0,Yes,Credit card (automatic),No,No,Yes,No,Yes,74,DSL,
96.75,45,No,,0,,One year,0824-VWDPO,No,No,Female,1,4442.75,37-48,45,No,No,Yes,0,Yes,Bank transfer (automatic),No,No,Yes,Yes,Yes,96.75,Fiber optic,
20.1,15,No,,0,,One year,0829-DDVLK,No,No,Female,1,302.45,13-24,15,No,No,No,0,Yes,Credit card (automatic),No,No,No,No,No,20.1,No,
21.05,24,No,,0,,One year,0835-DUUIQ,Yes,No,Female,1,531.55,13-24,24,No,No,No,0,Yes,Bank transfer (automatic),No,No,No,No,No,21.05,No,
86.95,47,No,,0,,One year,0840-DCNZE,No,Yes,Male,1,4138.9,37-48,47,Yes,Yes,Yes,0,Yes,Bank transfer (automatic),No,Yes,Yes,Yes,No,86.95,DSL,
100.3,45,No,,0,,One year,0853-NWIFK,No,No,Female,1,4483.95,37-48,45,No,Yes,Yes,0,Yes,Electronic check,No,Yes,Yes,Yes,No,100.3,Fiber optic,
20.05,18,No,,0,,One year,0859-YGKFW,Yes,No,Male,1,345.9,13-24,18,No,No,No,0,Yes,Bank transfer (automatic),Yes,No,No,No,No,20.05,No,
113.35,64,No,,0,,One year,0864-FVJNJ,Yes,Yes,Female,1,7222.75,61+,64,Yes,Yes,Yes,0,Yes,Electronic check,Yes,No,Yes,Yes,Yes,113.35,Fiber optic,
69.1,59,No,,0,,One year,0872-CASZJ,No,No,Male,1,4096.9,49-60,59,Yes,No,Yes,0,Yes,Mailed check,Yes,Yes,Yes,No,Yes,69.1,DSL,
93.45,53,No,,0,,One year,0887-WBJVH,No,No,Female,1,4872.2,49-60,53,Yes,Yes,Yes,0,Yes,Electronic check,Yes,Yes,No,No,No,93.45,Fiber optic,
64.9,23,No,,0,,One year,0895-LMRSF,No,No,Male,1,1509.8,13-24,23,No,Yes,Yes,0,Yes,Bank transfer (automatic),No,Yes,No,No,No,64.9,DSL,
19.45,6,No,,0,,One year,0895-LNKRC,Yes,No,Male,1,113.5,0-12,6,No,No,No,0,Yes,Mailed check,Yes,No,No,No,No,19.45,No,
96.5,61,No,,0,,One year,0898-XCGTF,No,No,Male,1,5673.7,61+,61,No,Yes,Yes,0,Yes,Bank transfer (automatic),Yes,Yes,No,No,Yes,96.5,Fiber optic,
20.1,38,No,,0,,One year,0902-RFHOF,No,No,Male,1,730.1,37-48,38,No,No,No,0,Yes,Mailed check,No,No,No,No,No,20.1,No,
76.35,36,No,,0,,One year,0930-EHUZA,No,Yes,Female,1,2606.35,25-36,36,Yes,Yes,No,0,Yes,Mailed check,No,Yes,Yes,Yes,No,76.35,DSL,
100.05,54,No,,0,,One year,0931-MHTEM,No,No,Female,1,5299.65,49-60,54,No,Yes,Yes,0,Yes,Credit card (automatic),No,Yes,Yes,Yes,No,100.05,Fiber optic,
30.1,52,No,,0,,One year,0946-FKYTX,No,No,Male,1,1623.4,49-60,52,No,No,No,0,No,Mailed check,No,No,No,Yes,No phone service,30.1,DSL,
94.1,54,No,,0,,One year,0956-ACVZC,No,Yes,Female,1,5060.9,49-60,54,No,Yes,Yes,0,Yes,Credit card (automatic),No,Yes,No,No,No,94.1,Fiber optic,
19.65,13,No,,0,,One year,0956-SYCWG,No,No,Female,1,244.8,13-24,13,No,No,No,0,Yes,Electronic check,No,No,No,No,No,19.65,No,
99,42,No,,0,,One year,0959-WHOKV,No,Yes,Male,1,4298.45,37-48,42,No,No,Yes,0,Yes,Electronic check,No,Yes,Yes,Yes,Yes,99,Fiber optic,
109.2,49,No,,0,,One year,0961-ZWLVI,Yes,Yes,Male,1,5290.45,49-60,49,No,Yes,Yes,0,Yes,Credit card (automatic),No,Yes,Yes,Yes,Yes,109.2,Fiber optic,
20,11,No,,0,,One year,0967-BMLBD,Yes,No,Female,1,196.35,0-12,11,No,No,No,0,Yes,Mailed check,Yes,Yes,No,No,No,20,No,
19.8,37,No,,0,,One year,0969-RGKCU,Yes,No,Male,1,677.05,37-48,37,No,No,No,0,Yes,Credit card (automatic),Yes,No,No,No,No,19.8,No,
90.1,26,No,,0,,One year,0975-UYDTX,No,Yes,Female,1,2312.55,25-36,26,Yes,Yes,Yes,0,Yes,Credit card (automatic),Yes,Yes,Yes,Yes,Yes,90.1,DSL,
50.35,26,No,,0,,One year,0980-FEXWF,Yes,Yes,Male,1,1285.8,25-36,26,No,No,No,0,Yes,Mailed check,Yes,No,No,No,No,50.35,DSL,
51.45,33,No,,0,,One year,0983-TATYJ,No,No,Female,1,1758.9,25-36,33,Yes,No,No,0,Yes,Mailed check,Yes,Yes,No,No,No,51.45,DSL,
60.65,68,No,,0,,One year,0993-OSGPT,No,Yes,Female,1,3975.9,61+,68,Yes,No,No,1,Yes,Bank transfer (automatic),Yes,Yes,No,Yes,No,60.65,DSL,
94.8,56,No,,0,,One year,1004-NOZNR,Yes,No,Male,1,5264.3,49-60,56,No,Yes,Yes,1,Yes,Credit card (automatic),No,No,Yes,No,No,94.8,Fiber optic,
19.45,7,No,,0,,One year,1015-JPFYW,Yes,No,Male,1,136.75,0-12,7,No,No,No,0,Yes,Mailed check,No,No,No,No,No,19.45,No,
106.05,62,No,,0,,One year,1017-FBQMM,Yes,No,Female,1,6703.5,61+,62,Yes,Yes,Yes,0,Yes,Credit card (automatic),Yes,Yes,No,Yes,Yes,106.05,Fiber optic,
24.85,41,No,,0,,One year,1022-RKXDR,No,No,Female,1,962.25,37-48,41,No,No,No,0,Yes,Mailed check,No,Yes,No,No,Yes,24.85,No,
89.1,38,No,,0,,One year,1024-KPRBB,No,No,Female,1,3342,37-48,38,No,Yes,Yes,0,Yes,Mailed check,No,Yes,No,No,No,89.1,Fiber optic,
78.45,68,No,,0,,One year,1032-MAELW,Yes,Yes,Female,1,5333.35,61+,68,Yes,No,Yes,0,Yes,Electronic check,Yes,Yes,Yes,Yes,Yes,78.45,DSL,
54.75,25,No,,0,,One year,1042-HFUCW,Yes,No,Female,1,1266.35,25-36,25,Yes,No,No,0,Yes,Credit card (automatic),No,Yes,No,Yes,No,54.75,DSL,
105.4,67,No,,0,,One year,1060-ENTOF,No,Yes,Female,1,7035.6,61+,67,Yes,No,Yes,1,Yes,Credit card (automatic),Yes,Yes,Yes,Yes,Yes,105.4,Fiber optic,
19.85,1,No,,0,,One year,1064-FBXNK,Yes,No,Male,1,19.85,0-12,1,No,No,No,0,Yes,Credit card (automatic),Yes,No,No,No,No,19.85,No,
19.9,25,No,,0,,One year,1069-QJOEE,Yes,No,Male,1,505.45,25-36,25,No,No,No,0,Yes,Electronic check,Yes,No,No,No,No,19.9,No,
20.35,59,No,,0,,One year,1074-WVEVG,No,No,Female,1,1267,49-60,59,No,No,No,0,Yes,Mailed check,Yes,No,No,No,No,20.35,No,
20.35,69,No,,0,,One year,1085-LDWAM,Yes,No,Female,1,1442.65,61+,69,No,No,No,0,Yes,Credit card (automatic),Yes,Yes,No,No,No,20.35,No,
80,63,No,,0,,One year,1088-CNNKB,No,Yes,Male,1,5040.2,61+,63,Yes,No,Yes,0,Yes,Credit card (automatic),Yes,No,Yes,Yes,Yes,80,DSL,
105.1,69,No,,0,,One year,1090-PYKCI,Yes,Yes,Female,1,7234.8,61+,69,Yes,Yes,No,0,Yes,Credit card (automatic),Yes,Yes,Yes,Yes,Yes,105.1,Fiber optic,
99.8,56,No,,0,,One year,1091-SOZGA,Yes,Yes,Female,1,5515.45,49-60,56,No,Yes,Yes,0,Yes,Credit card (automatic),Yes,Yes,No,No,Yes,99.8,Fiber optic,
51,45,No,,0,,One year,1094-BKOSX,Yes,Yes,Female,1,2264.5,37-48,45,Yes,No,Yes,0,No,Bank transfer (automatic),Yes,No,No,Yes,No phone service,51,DSL,
74.25,66,No,,0,,One year,1096-ADRUX,Yes,No,Female,1,4859.25,61+,66,No,No,No,0,Yes,Bank transfer (automatic),Yes,Yes,No,No,Yes,74.25,Fiber optic,
54.4,68,No,,0,,One year,1099-BTKWT,No,Yes,Female,1,3723.65,61+,68,No,Yes,Yes,0,No,Electronic check,Yes,Yes,Yes,No,No phone service,54.4,DSL,
77.55,44,No,,0,,One year,1121-QSIVB,Yes,No,Female,1,3471.1,37-48,44,No,Yes,Yes,0,Yes,Mailed check,No,Yes,No,Yes,Yes,77.55,DSL,
53.65,69,No,,0,,One year,1122-YJBCS,No,No,Male,1,3804.4,61+,69,No,No,No,0,Yes,Credit card (automatic),Yes,Yes,Yes,Yes,No,53.65,DSL,
24.6,24,No,,0,,One year,1131-ALZWV,No,No,Female,1,605.25,13-24,24,No,No,No,0,Yes,Bank transfer (automatic),No,No,No,No,Yes,24.6,No,
98.45,61,No,,0,,One year,1131-SUEKT,Yes,No,Male,1,6145.2,61+,61,Yes,Yes,Yes,0,Yes,Bank transfer (automatic),Yes,Yes,No,Yes,No,98.45,Fiber optic,
20.1,18,No,,0,,One year,1133-KXCGE,No,No,Female,1,407.05,13-24,18,No,No,No,0,Yes,Mailed check,No,No,No,No,No,20.1,No,
111.45,64,No,,0,,One year,1135-HIORI,Yes,Yes,Female,1,7266.95,61+,64,Yes,Yes,Yes,0,Yes,Electronic check,Yes,Yes,No,Yes,Yes,111.45,Fiber optic,
84.15,50,No,,0,,One year,1136-XGEQU,Yes,Yes,Female,1,4164.4,49-60,50,Yes,Yes,Yes,0,Yes,Credit card (automatic),Yes,Yes,No,Yes,Yes,84.15,DSL,
70.25,30,No,,0,,One year,1137-DGOWI,No,Yes,Female,1,2198.9,25-36,30,Yes,No,Yes,0,Yes,Bank transfer (automatic),Yes,No,No,Yes,No,70.25,DSL,
87.55,51,No,,0,,One year,1142-IHLOO,No,No,Female,1,4475.9,49-60,51,No,Yes,Yes,0,Yes,Credit card (automatic),No,No,No,No,No,87.55,Fiber optic,
94.15,60,No,,0,,One year,1150-FTQGN,Yes,No,Female,1,5811.8,49-60,60,No,Yes,No,0,Yes,Bank transfer (automatic),Yes,No,Yes,Yes,Yes,94.15,Fiber optic,
39.1,33,No,,0,,One year,1153-GNOLC,No,No,Male,1,1309,25-36,33,No,Yes,No,0,No,Electronic check,No,Yes,No,Yes,No phone service,39.1,DSL,
70.6,38,No,,0,,One year,1154-HYWWO,No,No,Male,1,2708.2,37-48,38,Yes,Yes,No,0,Yes,Mailed check,No,No,Yes,Yes,No,70.6,DSL,
106.65,49,No,,0,,One year,1169-SAOCL,No,No,Male,1,5168.1,49-60,49,Yes,Yes,Yes,0,Yes,Bank transfer (automatic),No,Yes,No,Yes,Yes,106.65,Fiber optic,
90.45,28,No,,0,,One year,1174-FGIFN,Yes,No,Female,1,2509.25,25-36,28,Yes,No,Yes,0,Yes,Electronic check,Yes,Yes,No,No,Yes,90.45,Fiber optic,
64.15,53,No,,0,,One year,1177-XZBJL,Yes,No,Male,1,3491.55,49-60,53,Yes,No,No,0,Yes,Bank transfer (automatic),Yes,No,Yes,Yes,Yes,64.15,DSL,
20.25,19,No,,0,,One year,1178-PZGAB,No,No,Female,1,383.65,13-24,19,No,No,No,0,Yes,Credit card (automatic),No,No,No,No,No,20.25,No,
19.45,3,No,,0,,One year,1179-INLAT,No,No,Male,1,69.25,0-12,3,No,No,No,0,Yes,Mailed check,No,Yes,No,No,No,19.45,No,
60,23,No,,0,,One year,1183-CANVH,No,No,Female,1,1347.15,13-24,23,Yes,Yes,No,0,Yes,Bank transfer (automatic),Yes,No,No,No,No,60,DSL,
100.55,43,No,,0,,One year,1217-VASWC,No,Yes,Male,1,4304,37-48,43,No,Yes,Yes,1,Yes,Bank transfer (automatic),Yes,Yes,No,Yes,No,100.55,Fiber optic,
19.8,8,No,,0,,One year,1226-JZNKR,Yes,No,Female,1,160.05,0-12,8,No,No,No,0,Yes,Electronic check,Yes,No,No,No,No,19.8,No,
115,64,No,,0,,One year,1229-RCALF,No,Yes,Female,1,7396.15,61+,64,Yes,Yes,Yes,0,Yes,Electronic check,Yes,Yes,Yes,Yes,Yes,115,Fiber optic,
110.5,27,No,,0,,One year,1258-YMZNM,No,Yes,Female,1,2857.6,25-36,27,No,Yes,Yes,1,Yes,Bank transfer (automatic),No,Yes,Yes,Yes,Yes,110.5,Fiber optic,
56.3,49,No,,0,,One year,1264-FUHCX,No,No,Female,1,2780.6,49-60,49,Yes,Yes,Yes,0,No,Credit card (automatic),Yes,Yes,No,Yes,No phone service,56.3,DSL,
66.4,59,No,,0,,One year,1265-HVPZB,No,Yes,Male,1,3958.2,49-60,59,No,Yes,No,0,Yes,Credit card (automatic),Yes,No,Yes,Yes,No,66.4,DSL,
20,44,No,,0,,One year,1269-FOYWN,Yes,No,Male,1,860.85,37-48,44,No,No,No,0,Yes,Bank transfer (automatic),Yes,No,No,No,No,20,No,
19.65,15,No,,0,,One year,1272-ILHFG,Yes,No,Male,1,332.65,13-24,15,No,No,No,0,Yes,Mailed check,Yes,No,No,No,No,19.65,No,
44.05,70,No,,0,,One year,1282-IHQAC,No,Yes,Male,1,3011.65,61+,70,No,Yes,No,1,No,Credit card (automatic),No,Yes,No,Yes,No phone service,44.05,DSL,
21.1,35,No,,0,,One year,1293-HHSHJ,No,No,Female,1,741,25-36,35,No,No,No,0,Yes,Mailed check,No,No,No,No,No,21.1,No,
107.15,68,No,,0,,One year,1297-VQDRP,Yes,Yes,Male,1,7379.8,61+,68,Yes,Yes,Yes,1,Yes,Credit card (automatic),Yes,Yes,No,No,Yes,107.15,Fiber optic,
55.35,29,No,,0,,One year,1301-LOPVR,Yes,Yes,Male,1,1636.95,25-36,29,Yes,No,Yes,0,No,Credit card (automatic),Yes,Yes,Yes,Yes,No phone service,55.35,DSL,
80.85,52,No,,0,,One year,1309-XGFSN,Yes,Yes,Male,1,4079.55,49-60,52,No,Yes,Yes,1,Yes,Electronic check,Yes,Yes,No,Yes,Yes,80.85,DSL,
24.75,54,No,,0,,One year,1333-PBMXB,Yes,No,Female,1,1342.15,49-60,54,No,No,No,0,Yes,Bank transfer (automatic),Yes,Yes,No,No,Yes,24.75,No,
86.45,68,No,,0,,One year,1334-PDUKM,No,Yes,Female,1,5762.95,61+,68,No,No,No,0,Yes,Credit card (automatic),Yes,No,No,Yes,Yes,86.45,Fiber optic,
101.35,72,No,,0,,One year,1335-HQMKX,No,Yes,Female,1,7323.15,61+,72,No,Yes,Yes,0,Yes,Electronic check,Yes,Yes,No,Yes,Yes,101.35,Fiber optic,
46.4,18,No,,0,,One year,1337-BOZWO,Yes,Yes,Male,1,812.4,13-24,18,No,Yes,No,0,No,Credit card (automatic),Yes,No,No,Yes,No phone service,46.4,DSL,
68.5,41,No,,0,,One year,1338-CECEE,Yes,Yes,Male,1,2839.95,37-48,41,No,Yes,No,0,Yes,Bank transfer (automatic),Yes,No,No,Yes,Yes,68.5,DSL,
19.35,14,No,,0,,One year,1345-ZUKID,No,No,Male,1,324.8,13-24,14,No,No,No,0,Yes,Mailed check,No,No,No,No,No,19.35,No,
102.45,64,No,,0,,One year,1347-KTTTA,No,Yes,Male,1,6654.1,61+,64,Yes,Yes,Yes,0,Yes,Credit card (automatic),Yes,Yes,No,Yes,No,102.45,Fiber optic,
59.75,22,No,,0,,One year,1353-GHZOS,No,No,Male,1,1374.35,13-24,22,No,Yes,No,0,Yes,Bank transfer (automatic),Yes,Yes,Yes,No,No,59.75,DSL,
98.25,50,No,,0,,One year,1357-BIJKI,No,No,Male,1,4858.7,49-60,50,No,Yes,Yes,0,Yes,Electronic check,Yes,Yes,No,Yes,Yes,98.25,Fiber optic,
99.1,54,No,,0,,One year,1360-JYXKQ,No,Yes,Female,1,5437.1,49-60,54,Yes,Yes,Yes,1,Yes,Electronic check,Yes,Yes,No,No,No,99.1,Fiber optic,
109.7,67,No,,0,,One year,1360-XFJMR,No,Yes,Female,1,7344.45,61+,67,Yes,Yes,Yes,0,Yes,Credit card (automatic),Yes,Yes,No,Yes,Yes,109.7,Fiber optic,
94.15,46,No,,0,,One year,1370-GGAWX,No,Yes,Female,1,4408.45,37-48,46,No,No,Yes,0,Yes,Electronic check,No,Yes,No,Yes,Yes,94.15,Fiber optic,
24.35,48,No,,0,,One year,1371-OJCEK,No,No,Female,1,1133.7,37-48,48,No,No,No,0,Yes,Bank transfer (automatic),No,No,No,No,Yes,24.35,No,
55.8,40,No,,0,,One year,1371-WEPDS,No,No,Male,1,2283.3,37-48,40,No,No,Yes,1,Yes,Electronic check,Yes,No,No,No,No,55.8,DSL,
76,20,No,,0,,One year,1389-WNUIB,Yes,No,Female,1,1588.75,13-24,20,No,Yes,Yes,0,Yes,Bank transfer (automatic),Yes,No,Yes,No,Yes,76,DSL,
35.3,7,No,,0,,One year,1397-XKKWR,No,Yes,Male,1,264.8,0-12,7,No,No,No,0,No,Mailed check,No,No,Yes,No,No phone service,35.3,DSL,
20,23,No,,0,,One year,1401-FTHFQ,Yes,No,Male,1,445.3,13-24,23,No,No,No,0,Yes,Credit card (automatic),Yes,Yes,No,No,No,20,No,
61.5,18,No,,0,,One year,1402-PTHGN,Yes,No,Female,1,1087.45,13-24,18,Yes,No,No,0,Yes,Mailed check,Yes,Yes,Yes,Yes,No,61.5,DSL,
20.1,33,No,,0,,One year,1403-LKLIK,Yes,No,Female,1,579.4,25-36,33,No,No,No,0,Yes,Mailed check,Yes,No,No,No,No,20.1,No,
79.25,32,No,,0,,One year,1422-DGUBX,No,No,Male,1,2619.15,25-36,32,Yes,No,No,0,Yes,Electronic check,Yes,Yes,No,No,Yes,79.25,Fiber optic,
19.7,12,No,,0,,One year,1429-UYJSV,No,No,Female,1,260.9,0-12,12,No,No,No,0,Yes,Mailed check,No,No,No,No,No,19.7,No,
35.6,29,No,,0,,One year,1430-SFQSA,No,No,Male,1,1072.6,25-36,29,Yes,No,No,0,No,Mailed check,No,No,Yes,No,No phone service,35.6,DSL,
19.2,26,No,,0,,One year,1439-LCGVL,No,No,Female,1,459.6,25-36,26,No,No,No,0,Yes,Mailed check,Yes,No,No,No,No,19.2,No,
103.15,66,No,,0,,One year,1442-OKRJE,Yes,Yes,Male,1,7031.3,61+,66,No,Yes,Yes,0,Yes,Bank transfer (automatic),Yes,Yes,Yes,Yes,No,103.15,Fiber optic,
105.2,58,No,,0,,One year,1448-CYWKC,Yes,Yes,Female,1,6225.4,49-60,58,No,Yes,Yes,0,Yes,Credit card (automatic),Yes,Yes,No,Yes,Yes,105.2,Fiber optic,
93.65,49,No,,0,,One year,1470-PSXNM,Yes,Yes,Male,1,4520.15,49-60,49,No,Yes,No,0,Yes,Electronic check,Yes,Yes,No,Yes,Yes,93.65,Fiber optic,
68.4,58,No,,0,,One year,1474-JUWSM,No,No,Female,1,3972.25,49-60,58,Yes,No,Yes,0,Yes,Electronic check,Yes,Yes,Yes,No,Yes,68.4,DSL,
81.6,35,No,,0,,One year,1480-IVEVR,No,Yes,Male,1,2815.25,25-36,35,No,No,No,1,Yes,Bank transfer (automatic),Yes,Yes,No,No,Yes,81.6,Fiber optic,
78.35,70,No,,0,,One year,1492-KGETH,Yes,Yes,Male,1,5445.95,61+,70,Yes,No,Yes,0,Yes,Bank transfer (automatic),Yes,No,Yes,Yes,Yes,78.35,DSL,
49.7,61,No,,0,,One year,1534-OULXE,Yes,No,Female,1,2961.4,61+,61,No,No,No,0,Yes,Bank transfer (automatic),Yes,Yes,Yes,No,No,49.7,DSL,
62.1,17,No,,0,,One year,1536-YHDOE,Yes,No,Male,1,1096.65,13-24,17,Yes,No,No,0,Yes,Mailed check,Yes,Yes,Yes,No,Yes,62.1,DSL,
98.3,61,No,,0,,One year,1543-LLLFT,No,Yes,Male,1,6066.55,61+,61,Yes,Yes,No,1,Yes,Mailed check,Yes,Yes,No,Yes,Yes,98.3,Fiber optic,
69.35,27,No,,0,,One year,1544-JJMYL,No,Yes,Male,1,1927.3,25-36,27,Yes,Yes,No,0,Yes,Credit card (automatic),No,No,Yes,No,No,69.35,DSL,
99.7,48,No,,0,,One year,1545-ACTAS,Yes,Yes,Female,1,4977.2,37-48,48,No,Yes,Yes,0,Yes,Bank transfer (automatic),Yes,Yes,Yes,No,No,99.7,Fiber optic,
19.8,19,No,,0,,One year,1561-BWHIN,Yes,No,Male,1,344.5,13-24,19,No,No,No,0,Yes,Mailed check,Yes,No,No,No,No,19.8,No,
97.55,57,No,,0,,One year,1573-LGXBA,Yes,Yes,Male,1,5598,49-60,57,No,Yes,Yes,0,Yes,Credit card (automatic),Yes,Yes,No,Yes,No,97.55,Fiber optic,
93.65,51,No,,0,,One year,1591-MQJTP,No,Yes,Male,1,4839.15,49-60,51,No,No,Yes,1,Yes,Bank transfer (automatic),Yes,Yes,Yes,No,Yes,93.65,Fiber optic,
23.95,60,No,,0,,One year,1599-EAHXY,Yes,No,Male,1,1506.4,49-60,60,No,No,No,0,Yes,Credit card (automatic),Yes,No,No,No,Yes,23.95,No,
81.45,62,No,,0,,One year,1599-MMYRQ,Yes,No,Male,1,4983.05,61+,62,No,No,No,0,Yes,Credit card (automatic),Yes,Yes,Yes,Yes,No,81.45,Fiber optic,
70.95,48,No,,0,,One year,1661-CZBAU,No,No,Male,1,3629.2,37-48,48,Yes,No,Yes,0,Yes,Bank transfer (automatic),No,Yes,Yes,No,Yes,70.95,DSL,
108.15,70,No,,0,,One year,1679-JRFBR,Yes,Yes,Female,1,7930.55,61+,70,No,Yes,Yes,0,Yes,Credit card (automatic),Yes,Yes,Yes,Yes,Yes,108.15,Fiber optic,
19.8,12,No,,0,,One year,1680-VDCWW,No,No,Male,1,202.25,0-12,12,No,No,No,0,Yes,Bank transfer (automatic),Yes,No,No,No,No,19.8,No,
20.45,23,No,,0,,One year,1682-VCOIO,No,No,Male,1,481.1,13-24,23,No,No,No,0,Yes,Mailed check,No,No,No,No,No,20.45,No,
19.8,42,No,,0,,One year,1686-STUHN,No,No,Male,1,849.9,37-48,42,No,No,No,0,Yes,Bank transfer (automatic),No,No,No,No,No,19.8,No,
95.65,71,No,,0,,One year,1696-HXOWK,No,No,Female,1,6856.95,61+,71,No,Yes,No,0,Yes,Mailed check,Yes,No,Yes,Yes,Yes,95.65,Fiber optic,
25.25,39,No,,0,,One year,1696-MZVAU,Yes,No,Male,1,947.75,37-48,39,No,No,No,0,No,Credit card (automatic),Yes,Yes,No,No,No phone service,25.25,DSL,
19.1,61,No,,0,,One year,1697-LYYYX,Yes,No,Female,1,1143.8,61+,61,No,No,No,0,Yes,Credit card (automatic),Yes,No,No,No,No,19.1,No,
107.75,61,No,,0,,One year,1698-XFZCI,No,Yes,Male,1,6521.9,61+,61,No,Yes,Yes,0,Yes,Electronic check,No,Yes,Yes,Yes,Yes,107.75,Fiber optic,
91.3,46,No,,0,,One year,1707-HABPF,No,Yes,Female,1,4126.35,37-48,46,No,Yes,No,1,Yes,Bank transfer (automatic),No,Yes,No,Yes,No,91.3,Fiber optic,
54.75,42,No,,0,,One year,1708-PBBOA,No,Yes,Female,1,2348.45,37-48,42,Yes,No,Yes,0,No,Electronic check,No,Yes,Yes,Yes,No phone service,54.75,DSL,
90.35,51,No,,0,,One year,1710-RCXUS,No,No,Male,1,4614.55,49-60,51,No,No,Yes,0,Yes,Credit card (automatic),Yes,Yes,No,Yes,Yes,90.35,Fiber optic,
20.2,53,No,,0,,One year,1722-LDZJS,Yes,No,Male,1,1068.15,49-60,53,No,No,No,0,Yes,Credit card (automatic),Yes,No,No,No,No,20.2,No,
40.25,10,No,,0,,One year,1729-VLAZJ,Yes,No,Female,1,411.45,0-12,10,Yes,No,No,0,No,Mailed check,No,No,Yes,Yes,No phone service,40.25,DSL,
94.75,54,No,,0,,One year,1732-FEKLD,No,Yes,Female,1,5121.75,49-60,54,No,Yes,No,0,Yes,Bank transfer (automatic),No,Yes,No,Yes,Yes,94.75,Fiber optic,
59.8,60,No,,0,,One year,1752-OZXFY,No,No,Male,1,3561.15,49-60,60,No,Yes,No,0,Yes,Mailed check,Yes,Yes,Yes,No,No,59.8,DSL,
19.9,39,No,,0,,One year,1755-FZQEC,No,No,Male,1,791.15,37-48,39,No,No,No,0,Yes,Mailed check,No,No,No,No,No,19.9,No,
20.05,35,No,,0,,One year,1757-TCATG,Yes,No,Male,1,746.75,25-36,35,No,No,No,0,Yes,Bank transfer (automatic),Yes,No,No,No,No,20.05,No,
20.35,18,No,,0,,One year,1763-KUAAW,No,No,Female,1,369.6,13-24,18,No,No,No,1,Yes,Bank transfer (automatic),No,No,No,No,No,20.35,No,
20.1,34,No,,0,,One year,1776-SPBWV,Yes,No,Female,1,682.1,25-36,34,No,No,No,0,Yes,Bank transfer (automatic),Yes,Yes,No,No,No,20.1,No,
106.8,51,No,,0,,One year,1784-EZDKJ,No,Yes,Male,1,5498.8,49-60,51,No,Yes,Yes,0,Yes,Bank transfer (automatic),Yes,Yes,No,Yes,Yes,106.8,Fiber optic,
96.4,51,No,,0,,One year,1810-BOHSY,No,No,Male,1,4911.05,49-60,51,No,No,Yes,0,Yes,Credit card (automatic),Yes,Yes,Yes,Yes,Yes,96.4,Fiber optic,
19.8,64,No,,0,,One year,1813-JLKWR,Yes,No,Female,1,1336.65,61+,64,No,No,No,0,Yes,Bank transfer (automatic),Yes,No,No,No,No,19.8,No,
50.95,52,No,,0,,One year,1834-ABKHQ,Yes,Yes,Female,1,2610.65,49-60,52,No,No,No,0,Yes,Bank transfer (automatic),Yes,Yes,No,No,No,50.95,DSL,
20.25,24,No,,0,,One year,1834-WULEG,Yes,No,Male,1,439.75,13-24,24,No,No,No,0,Yes,Mailed check,Yes,No,No,No,No,20.25,No,
25.05,42,No,,0,,One year,1839-UMACK,No,No,Male,1,949.85,37-48,42,No,No,No,0,Yes,Electronic check,No,No,No,No,Yes,25.05,No,
68.7,20,No,,0,,One year,1840-BIUOG,No,No,Male,1,1416.2,13-24,20,Yes,Yes,No,0,Yes,Electronic check,No,Yes,No,Yes,Yes,68.7,DSL,
93.8,31,No,,0,,One year,1855-AGAWH,No,Yes,Male,1,2939.8,25-36,31,No,Yes,Yes,0,Yes,Electronic check,Yes,Yes,No,No,No,93.8,Fiber optic,
66.8,71,No,,0,,One year,1866-DIOQZ,No,Yes,Female,1,4689.15,61+,71,Yes,Yes,Yes,0,No,Bank transfer (automatic),Yes,No,Yes,Yes,No phone service,66.8,DSL,
75.55,36,No,,0,,One year,1866-NXPSP,No,Yes,Female,1,2680.15,25-36,36,Yes,No,Yes,0,Yes,Mailed check,No,Yes,Yes,Yes,No,75.55,DSL,
20.35,29,No,,0,,One year,1872-EBWSC,No,No,Female,1,617.35,25-36,29,No,No,No,0,Yes,Mailed check,No,No,No,No,No,20.35,No,
54.6,11,No,,0,,One year,1877-HKBQX,No,No,Female,1,617.85,0-12,11,Yes,No,No,0,Yes,Mailed check,No,Yes,Yes,No,No,54.6,DSL,
24.2,39,No,,0,,One year,1897-RCFUM,Yes,No,Female,1,914.6,37-48,39,No,No,No,0,Yes,Mailed check,Yes,Yes,No,No,Yes,24.2,No,
58.6,39,No,,0,,One year,1898-JSNDC,No,No,Female,1,2224.5,37-48,39,No,Yes,No,0,Yes,Credit card (automatic),No,Yes,No,Yes,No,58.6,DSL,
19.3,16,No,,0,,One year,1915-OAKWD,Yes,No,Female,1,360.35,13-24,16,No,No,No,0,Yes,Bank transfer (automatic),No,Yes,No,No,No,19.3,No,
68.6,41,No,,0,,One year,1921-KYSAY,No,Yes,Female,1,2877.05,37-48,41,Yes,No,Yes,0,Yes,Electronic check,No,Yes,No,No,Yes,68.6,DSL,
50.05,55,No,,0,,One year,1925-LFCZZ,No,Yes,Male,1,2743.45,49-60,55,No,Yes,Yes,1,No,Bank transfer (automatic),No,Yes,No,No,No phone service,50.05,DSL,
40.3,47,No,,0,,One year,1929-ZCBHE,Yes,Yes,Male,1,1794.8,37-48,47,Yes,No,No,0,No,Electronic check,Yes,No,Yes,No,No phone service,40.3,DSL,
20.35,21,No,,0,,One year,1930-BZLHI,No,No,Male,1,422.7,13-24,21,No,No,No,0,Yes,Mailed check,No,Yes,No,No,No,20.35,No,
20.1,33,No,,0,,One year,1934-MKPXS,Yes,No,Male,1,620.55,25-36,33,No,No,No,0,Yes,Credit card (automatic),Yes,No,No,No,No,20.1,No,
113.3,45,No,,0,,One year,1950-KSVVJ,No,Yes,Female,1,5032.25,37-48,45,Yes,Yes,Yes,0,Yes,Mailed check,Yes,No,Yes,Yes,Yes,113.3,Fiber optic,
20.1,10,No,,0,,One year,1952-DVVSW,No,No,Female,1,184.4,0-12,10,No,No,No,0,Yes,Mailed check,Yes,No,No,No,No,20.1,No,
100.05,22,No,,0,,One year,1956-YIFGE,Yes,Yes,Male,1,2090.25,13-24,22,No,Yes,Yes,0,Yes,Mailed check,Yes,Yes,No,Yes,No,100.05,Fiber optic,
19.7,20,No,,0,,One year,1964-SVLEA,No,No,Male,1,415.9,13-24,20,No,No,No,0,Yes,Mailed check,No,Yes,No,No,No,19.7,No,
19.15,27,No,,0,,One year,1998-VHJHK,No,No,Female,1,501.35,25-36,27,No,No,No,0,Yes,Mailed check,No,No,No,No,No,19.15,No,
107.75,58,No,,0,,One year,2000-MPKCA,No,Yes,Female,1,6332.75,49-60,58,No,Yes,Yes,0,Yes,Electronic check,No,Yes,Yes,Yes,Yes,107.75,Fiber optic,
101.1,46,No,,0,,One year,2014-MKGMH,No,Yes,Female,1,4674.4,37-48,46,No,Yes,Yes,0,Yes,Electronic check,No,Yes,No,No,Yes,101.1,Fiber optic,
58.75,37,No,,0,,One year,2027-DNKIV,Yes,Yes,Male,1,2203.1,37-48,37,Yes,No,No,0,Yes,Mailed check,Yes,Yes,Yes,No,No,58.75,DSL,
55.45,27,No,,0,,One year,2039-JONDJ,No,No,Male,1,1477.65,25-36,27,No,No,No,0,Yes,Bank transfer (automatic),No,No,Yes,Yes,No,55.45,DSL,
81.7,31,No,,0,,One year,2040-OBMLJ,No,No,Male,1,2548.65,25-36,31,Yes,No,No,0,Yes,Credit card (automatic),No,No,No,No,Yes,81.7,Fiber optic,
80.55,60,No,,0,,One year,2054-PJOCK,No,Yes,Female,1,4847.05,49-60,60,Yes,Yes,Yes,0,Yes,Credit card (automatic),No,No,No,No,Yes,80.55,DSL,
84,63,No,,0,,One year,2055-BFOCC,No,Yes,Male,1,5329.55,61+,63,Yes,Yes,Yes,1,Yes,Bank transfer (automatic),Yes,Yes,Yes,Yes,No,84,DSL,
105.75,68,No,,0,,One year,2056-EVGZL,Yes,Yes,Male,1,7322.5,61+,68,Yes,Yes,Yes,0,Yes,Credit card (automatic),Yes,No,No,Yes,No,105.75,Fiber optic,
71,29,No,,0,,One year,2065-MMKGR,No,No,Female,1,2080.1,25-36,29,No,Yes,Yes,0,Yes,Credit card (automatic),No,Yes,No,No,Yes,71,DSL,
35.45,41,No,,0,,One year,2073-QBVBI,No,No,Female,1,1391.65,37-48,41,Yes,No,No,0,No,Mailed check,Yes,No,No,Yes,No phone service,35.45,DSL,
96.65,17,No,,0,,One year,2085-BOJKI,No,Yes,Male,1,1588.25,13-24,17,No,Yes,Yes,0,Yes,Bank transfer (automatic),Yes,Yes,No,No,No,96.65,Fiber optic,
19.5,44,No,,0,,One year,2122-SZZZD,No,No,Male,1,835.5,37-48,44,No,No,No,0,Yes,Credit card (automatic),No,No,No,No,No,19.5,No,
44.8,68,No,,0,,One year,2137-DQMEV,Yes,No,Male,1,2983.65,61+,68,No,Yes,No,0,No,Mailed check,Yes,No,Yes,Yes,No phone service,44.8,DSL,
35.2,43,No,,0,,One year,2144-ESWKO,No,Yes,Male,1,1463.7,37-48,43,No,No,No,0,No,Credit card (automatic),No,Yes,Yes,No,No phone service,35.2,DSL,
20.1,27,No,,0,,One year,2150-OEGBV,No,No,Male,1,562.6,25-36,27,No,No,No,0,Yes,Bank transfer (automatic),No,No,No,No,No,20.1,No,
63.9,40,No,,0,,One year,2150-WLKUW,No,No,Female,1,2635,37-48,40,No,Yes,No,0,Yes,Bank transfer (automatic),Yes,No,No,Yes,Yes,63.9,DSL,
105.9,71,No,,0,,One year,2172-EJXVF,No,Yes,Female,1,7521.95,61+,71,No,Yes,Yes,1,Yes,Electronic check,No,Yes,No,Yes,Yes,105.9,Fiber optic,
55,34,No,,0,,One year,2188-SXWVT,No,No,Female,1,1885.15,25-36,34,No,No,No,0,Yes,Mailed check,No,No,Yes,Yes,No,55,DSL,
89.85,58,No,,0,,One year,2205-LPVGL,Yes,No,Male,1,5125.75,49-60,58,Yes,No,No,1,Yes,Bank transfer (automatic),Yes,Yes,Yes,Yes,Yes,89.85,Fiber optic,
45.85,27,No,,0,,One year,2212-LYASK,Yes,Yes,Male,1,1246.4,25-36,27,No,No,Yes,0,No,Credit card (automatic),Yes,Yes,No,Yes,No phone service,45.85,DSL,
44.45,17,No,,0,,One year,2233-TXSIU,Yes,Yes,Male,1,792.15,13-24,17,No,Yes,No,0,No,Credit card (automatic),Yes,No,Yes,No,No phone service,44.45,DSL,
103.2,72,No,,0,,One year,2234-XADUH,Yes,Yes,Female,1,7362.9,61+,72,No,Yes,Yes,0,Yes,Credit card (automatic),Yes,Yes,No,Yes,Yes,103.2,Fiber optic,
20.4,1,No,,0,,One year,2239-CFOUJ,Yes,No,Male,1,20.4,0-12,1,No,No,No,0,Yes,Mailed check,Yes,No,No,No,No,20.4,No,
60.5,51,No,,0,,One year,2239-CGBUZ,No,No,Female,1,3145.15,49-60,51,Yes,No,No,0,Yes,Bank transfer (automatic),Yes,Yes,Yes,Yes,No,60.5,DSL,
80.1,33,No,,0,,One year,2242-MFOTG,No,No,Male,1,2603.3,25-36,33,No,No,No,0,Yes,Bank transfer (automatic),No,No,Yes,No,Yes,80.1,Fiber optic,
90.35,9,No,,0,,One year,2252-ISRNH,Yes,Yes,Male,1,767.9,0-12,9,No,Yes,No,0,Yes,Electronic check,Yes,Yes,No,No,Yes,90.35,Fiber optic,
104,61,No,,0,,One year,2252-JHJGE,No,Yes,Male,1,6363.45,61+,61,No,Yes,Yes,0,Yes,Electronic check,No,No,Yes,No,Yes,104,Fiber optic,
35.5,7,No,,0,,One year,2259-OUUSZ,No,Yes,Male,1,249.55,0-12,7,Yes,No,No,0,No,Credit card (automatic),No,Yes,No,No,No phone service,35.5,DSL,
109.15,72,No,,0,,One year,2266-SJNAT,No,Yes,Female,1,7789.6,61+,72,Yes,Yes,Yes,0,Yes,Credit card (automatic),Yes,No,No,Yes,Yes,109.15,Fiber optic,
110.8,62,No,,0,,One year,2272-JKMSI,Yes,Yes,Female,1,6840.95,61+,62,Yes,Yes,Yes,0,Yes,Electronic check,Yes,Yes,No,Yes,Yes,110.8,Fiber optic,
19.75,32,No,,0,,One year,2277-AXSDC,No,No,Female,1,624.15,25-36,32,No,No,No,0,Yes,Bank transfer (automatic),No,No,No,No,No,19.75,No,
58,29,No,,0,,One year,2282-YGNOR,No,Yes,Female,1,1734.5,25-36,29,Yes,No,No,0,Yes,Credit card (automatic),No,No,Yes,No,No,58,DSL,
99.25,49,No,,0,,One year,2284-VFLKH,No,Yes,Male,1,4920.8,49-60,49,Yes,Yes,Yes,0,Yes,Credit card (automatic),Yes,Yes,No,No,No,99.25,Fiber optic,
60.3,40,No,,0,,One year,2292-XQWSV,Yes,Yes,Male,1,2448.5,37-48,40,Yes,Yes,Yes,0,No,Mailed check,Yes,No,No,Yes,No phone service,60.3,DSL,
100.75,57,No,,0,,One year,2293-IJWPS,No,Yes,Female,1,5985,49-60,57,No,Yes,Yes,0,Yes,Credit card (automatic),Yes,Yes,No,No,Yes,100.75,Fiber optic,
86.8,23,No,,0,,One year,2294-SALNE,Yes,Yes,Male,1,1940.8,13-24,23,Yes,No,No,0,Yes,Mailed check,Yes,No,No,Yes,No,86.8,Fiber optic,
33.15,12,No,,0,,One year,2316-ESMLS,Yes,No,Female,1,444.75,0-12,12,Yes,No,No,0,No,Credit card (automatic),Yes,No,Yes,No,No phone service,33.15,DSL,
19.5,20,No,,0,,One year,2320-TZRRH,No,No,Female,1,403.15,13-24,20,No,No,No,0,Yes,Mailed check,No,No,No,No,No,19.5,No,
24.55,48,No,,0,,One year,2324-AALNO,No,No,Female,1,1203.95,37-48,48,No,No,No,0,Yes,Bank transfer (automatic),No,No,No,No,Yes,24.55,No,
104.05,32,No,,0,,One year,2325-WINES,No,Yes,Female,1,3416.85,25-36,32,No,Yes,Yes,0,Yes,Credit card (automatic),No,Yes,No,Yes,Yes,104.05,Fiber optic,
84.2,51,No,,0,,One year,2330-PQGDQ,Yes,No,Male,1,4299.75,49-60,51,Yes,No,No,0,Yes,Bank transfer (automatic),Yes,No,No,Yes,Yes,84.2,Fiber optic,
25.05,48,No,,0,,One year,2332-TODQS,No,No,Female,1,1171.5,37-48,48,No,No,No,0,Yes,Credit card (automatic),No,No,No,No,Yes,25.05,No,
61.5,44,No,,0,,One year,2348-KCJLT,No,Yes,Female,1,2722.2,37-48,44,No,No,No,0,Yes,Mailed check,Yes,Yes,Yes,Yes,No,61.5,DSL,
20.65,7,No,,0,,One year,2351-RRBUE,Yes,No,Female,1,134.05,0-12,7,No,No,No,0,Yes,Mailed check,Yes,No,No,No,No,20.65,No,
36,40,No,,0,,One year,2361-FJWNO,No,No,Male,1,1382.9,37-48,40,Yes,No,No,0,No,Credit card (automatic),No,No,No,Yes,No phone service,36,DSL,
70.6,46,No,,0,,One year,2361-UPSND,No,No,Female,1,3231.05,37-48,46,Yes,No,Yes,0,Yes,Mailed check,Yes,No,Yes,Yes,No,70.6,DSL,
70.4,30,No,,0,,One year,2364-UFROM,No,No,Male,1,2044.75,25-36,30,Yes,Yes,No,0,Yes,Electronic check,No,No,Yes,Yes,No,70.4,DSL,
99.15,58,No,,0,,One year,2371-KFUOG,No,No,Male,1,5720.95,49-60,58,No,Yes,Yes,0,Yes,Bank transfer (automatic),No,No,Yes,Yes,No,99.15,Fiber optic,
94.9,46,No,,0,,One year,2379-GYFLQ,No,Yes,Male,1,4422.95,37-48,46,No,Yes,No,0,Yes,Credit card (automatic),No,Yes,No,Yes,Yes,94.9,Fiber optic,
20.1,17,No,,0,,One year,2387-KDZQY,No,No,Male,1,279.5,13-24,17,No,No,No,0,Yes,Mailed check,No,Yes,No,No,No,20.1,No,
69.65,50,No,,0,,One year,2391-IPLOP,Yes,Yes,Male,1,3442.15,49-60,50,Yes,Yes,No,0,Yes,Electronic check,Yes,Yes,No,No,Yes,69.65,DSL,
80.05,37,No,,0,,One year,2402-TAIRZ,No,Yes,Female,1,3019.1,37-48,37,No,No,No,0,Yes,Electronic check,No,No,No,Yes,No,80.05,Fiber optic,
50.7,61,No,,0,,One year,2405-LBMUW,Yes,No,Female,1,3088.75,61+,61,Yes,No,Yes,0,No,Bank transfer (automatic),Yes,Yes,Yes,Yes,No phone service,50.7,DSL,
54.8,66,No,,0,,One year,2430-RRYUW,No,No,Male,1,3465.7,61+,66,No,No,No,0,Yes,Mailed check,No,Yes,Yes,Yes,No,54.8,DSL,
89.6,18,No,,0,,One year,2432-TFSMK,No,Yes,Male,1,1633,13-24,18,No,Yes,No,0,Yes,Credit card (automatic),No,Yes,No,No,Yes,89.6,Fiber optic,
53.8,11,No,,0,,One year,2450-ZKEED,No,Yes,Female,1,651.55,0-12,11,Yes,No,No,0,Yes,Bank transfer (automatic),No,No,No,No,No,53.8,DSL,
72.1,54,No,,0,,One year,2453-SAFNS,No,No,Female,1,3886.05,49-60,54,Yes,Yes,No,1,Yes,Mailed check,No,No,No,Yes,Yes,72.1,DSL,
19.7,20,No,,0,,One year,2466-FCCPT,Yes,No,Female,1,395.6,13-24,20,No,No,No,0,Yes,Bank transfer (automatic),Yes,No,No,No,No,19.7,No,
97.8,58,No,,0,,One year,2480-EJWYP,No,No,Female,1,5458.8,49-60,58,No,Yes,Yes,1,Yes,Bank transfer (automatic),Yes,Yes,No,Yes,Yes,97.8,Fiber optic,
47.85,39,No,,0,,One year,2483-XSSMZ,No,No,Female,1,1886.4,37-48,39,No,No,No,0,Yes,Electronic check,No,Yes,Yes,No,No,47.85,DSL,
79.3,31,No,,0,,One year,2486-WYVVE,No,Yes,Male,1,2484,25-36,31,Yes,Yes,Yes,0,Yes,Mailed check,Yes,Yes,No,No,Yes,79.3,DSL,
20.4,4,No,,0,,One year,2495-TTHBQ,Yes,No,Female,1,84.75,0-12,4,No,No,No,0,Yes,Mailed check,No,Yes,No,No,No,20.4,No,
54.9,50,No,,0,,One year,2511-MORQY,Yes,Yes,Male,1,2614.1,49-60,50,No,No,No,0,Yes,Bank transfer (automatic),Yes,No,No,No,Yes,54.9,DSL,
104.35,60,No,,0,,One year,2519-LBNQL,No,Yes,Male,1,6339.45,49-60,60,No,Yes,Yes,1,Yes,Electronic check,Yes,Yes,No,Yes,Yes,104.35,Fiber optic,
55.1,25,No,,0,,One year,2519-TWKFS,Yes,No,Male,1,1466.1,25-36,25,Yes,No,No,0,Yes,Mailed check,Yes,Yes,No,No,Yes,55.1,DSL,
64.2,34,No,,0,,One year,2522-WLNSF,No,Yes,Female,1,2106.3,25-36,34,Yes,Yes,No,1,Yes,Bank transfer (automatic),Yes,No,No,No,No,64.2,DSL,
63.7,42,No,,0,,One year,2541-YGPKE,Yes,No,Male,1,2763.35,37-48,42,Yes,No,Yes,0,Yes,Credit card (automatic),Yes,No,Yes,No,No,63.7,DSL,
75.4,52,No,,0,,One year,2546-KZAAT,No,No,Male,1,3865.45,49-60,52,No,Yes,Yes,0,Yes,Mailed check,Yes,Yes,Yes,Yes,No,75.4,DSL,
53.45,57,No,,0,,One year,2550-AEVRU,Yes,No,Female,1,3053,49-60,57,No,No,No,0,Yes,Electronic check,Yes,No,Yes,Yes,No,53.45,DSL,
19.5,7,No,,0,,One year,2550-QHZGP,No,No,Male,1,128.6,0-12,7,No,No,No,0,Yes,Mailed check,No,No,No,No,No,19.5,No,
94.8,47,No,,0,,One year,2558-BUOZZ,No,No,Male,1,4535.85,37-48,47,No,Yes,No,0,Yes,Bank transfer (automatic),No,No,Yes,Yes,Yes,94.8,Fiber optic,
105.05,65,No,,0,,One year,2560-PPCHE,No,No,Female,1,6744.25,61+,65,Yes,Yes,Yes,0,Yes,Bank transfer (automatic),No,Yes,No,Yes,Yes,105.05,Fiber optic,
23.3,72,No,,0,,One year,2560-QTSBS,Yes,No,Female,1,1623.15,61+,72,No,No,No,0,Yes,Bank transfer (automatic),Yes,Yes,No,No,Yes,23.3,No,
73.45,35,No,,0,,One year,2577-GVSIL,Yes,No,Male,1,2661.1,25-36,35,Yes,Yes,Yes,0,Yes,Bank transfer (automatic),Yes,Yes,No,No,Yes,73.45,DSL,
61.35,65,No,,0,,One year,2580-ATZSQ,Yes,Yes,Female,1,3874.1,61+,65,No,No,No,0,Yes,Bank transfer (automatic),Yes,No,Yes,Yes,No,61.35,DSL,
65.5,59,No,,0,,One year,2581-VKIRT,Yes,No,Female,1,3801.3,49-60,59,Yes,No,No,0,Yes,Mailed check,Yes,No,Yes,Yes,Yes,65.5,DSL,
19.75,50,No,,0,,One year,2589-AYCRP,No,No,Female,1,989.05,49-60,50,No,No,No,0,Yes,Bank transfer (automatic),No,No,No,No,No,19.75,No,
19.3,13,No,,0,,One year,2592-HODOV,No,No,Male,1,259.65,13-24,13,No,No,No,0,Yes,Credit card (automatic),No,No,No,No,No,19.3,No,
44.6,14,No,,0,,One year,2599-CZABP,No,No,Male,1,641.25,13-24,14,No,No,No,0,Yes,Electronic check,Yes,No,No,No,No,44.6,DSL,
40.25,40,No,,0,,One year,2606-PKWJB,Yes,No,Male,1,1564.05,37-48,40,Yes,No,No,0,No,Mailed check,No,No,Yes,Yes,No phone service,40.25,DSL,
101.75,70,No,,0,,One year,2623-DRYAM,No,Yes,Female,1,7069.3,61+,70,No,Yes,Yes,0,Yes,Electronic check,Yes,Yes,No,No,Yes,101.75,Fiber optic,
84.3,64,No,,0,,One year,2636-SJDOU,No,No,Male,1,5289.05,61+,64,No,No,No,0,Yes,Credit card (automatic),No,Yes,Yes,Yes,Yes,84.3,Fiber optic,
56.45,71,No,,0,,One year,2639-UGMAZ,No,No,Male,1,3985.35,61+,71,No,Yes,Yes,1,No,Electronic check,No,Yes,Yes,Yes,No phone service,56.45,DSL,
19.45,33,No,,0,,One year,2650-GYRYL,Yes,No,Male,1,600.25,25-36,33,No,No,No,0,Yes,Bank transfer (automatic),Yes,Yes,No,No,No,19.45,No,
24.8,65,No,,0,,One year,2662-NNTDK,No,No,Male,1,1600.95,61+,65,No,No,No,0,Yes,Credit card (automatic),No,No,No,No,Yes,24.8,No,
110.5,56,No,,0,,One year,2673-CXQEU,No,Yes,Female,1,6139.5,49-60,56,No,Yes,Yes,1,Yes,Electronic check,No,No,Yes,Yes,Yes,110.5,Fiber optic,
19.9,7,No,,0,,One year,2673-ZALNP,No,No,Female,1,173.15,0-12,7,No,No,No,0,Yes,Mailed check,No,No,No,No,No,19.9,No,
58.2,8,No,,0,,One year,2680-XKKNJ,No,No,Female,1,469.25,0-12,8,Yes,No,No,0,Yes,Bank transfer (automatic),No,No,Yes,Yes,No,58.2,DSL,
20.05,22,No,,0,,One year,2682-KEVRP,No,No,Female,1,417,13-24,22,No,No,No,1,Yes,Mailed check,No,Yes,No,No,No,20.05,No,
20.55,5,No,,0,,One year,2690-DVRVK,Yes,No,Male,1,99.45,0-12,5,No,No,No,0,Yes,Electronic check,Yes,No,No,No,No,20.55,No,
108.05,65,No,,0,,One year,2692-AQCPF,No,Yes,Female,1,7118.9,61+,65,Yes,Yes,Yes,0,Yes,Credit card (automatic),Yes,Yes,No,Yes,Yes,108.05,Fiber optic,
100.9,55,No,,0,,One year,2696-ECXKC,Yes,No,Female,1,5448.6,49-60,55,No,Yes,Yes,0,Yes,Mailed check,Yes,No,Yes,No,Yes,100.9,Fiber optic,
53.65,36,No,,0,,One year,2703-AMTUL,Yes,No,Male,1,1939.35,25-36,36,No,No,No,0,Yes,Mailed check,Yes,No,Yes,Yes,No,53.65,DSL,
54.85,39,No,,0,,One year,2724-FJDYW,Yes,Yes,Male,1,2191.7,37-48,39,Yes,Yes,Yes,0,No,Bank transfer (automatic),No,No,No,No,No phone service,54.85,DSL,
56.9,46,No,,0,,One year,2725-IWWBA,Yes,Yes,Male,1,2560.1,37-48,46,Yes,No,No,0,Yes,Mailed check,Yes,No,Yes,No,No,56.9,DSL,
109.55,32,No,,0,,One year,2731-GJRDG,No,Yes,Female,1,3608,25-36,32,Yes,Yes,Yes,0,Yes,Bank transfer (automatic),No,Yes,Yes,No,Yes,109.55,Fiber optic,
56.3,41,No,,0,,One year,2746-DIJLO,No,No,Female,1,2364,37-48,41,No,No,No,0,Yes,Credit card (automatic),No,Yes,No,Yes,Yes,56.3,DSL,
20.15,22,No,,0,,One year,2749-CTKAJ,Yes,No,Male,1,419.9,13-24,22,No,No,No,0,Yes,Mailed check,Yes,No,No,No,No,20.15,No,
103.7,47,No,,0,,One year,2750-BJLSB,No,Yes,Female,1,4730.6,37-48,47,Yes,Yes,Yes,0,Yes,Electronic check,No,Yes,Yes,No,No,103.7,Fiber optic,
89.2,35,No,,0,,One year,2758-RNWXS,No,No,Male,1,3251.3,25-36,35,Yes,No,Yes,0,Yes,Electronic check,No,Yes,Yes,No,No,89.2,Fiber optic,
19.45,13,No,,0,,One year,2788-CJQAQ,No,No,Male,1,270.2,13-24,13,No,No,No,0,Yes,Mailed check,No,No,No,No,No,19.45,No,
85.45,71,No,,0,,One year,2790-XUYMV,Yes,No,Male,1,6028.95,61+,71,No,No,No,0,Yes,Credit card (automatic),No,Yes,Yes,Yes,Yes,85.45,Fiber optic,
99.75,56,No,,0,,One year,2805-EDJPQ,Yes,Yes,Female,1,5608.4,49-60,56,Yes,No,Yes,0,Yes,Credit card (automatic),Yes,Yes,No,Yes,Yes,99.75,Fiber optic,
105.1,52,No,,0,,One year,2806-MLNTI,No,Yes,Male,1,5376.4,49-60,52,No,Yes,Yes,1,Yes,Bank transfer (automatic),Yes,Yes,No,Yes,Yes,105.1,Fiber optic,
26.8,25,No,,0,,One year,2809-ILCYT,No,No,Female,1,733.55,25-36,25,No,No,No,0,Yes,Mailed check,Yes,Yes,No,No,Yes,26.8,No,
54.55,26,No,,0,,One year,2812-ENYMO,No,No,Male,1,1362.85,25-36,26,Yes,Yes,Yes,0,No,Credit card (automatic),No,No,Yes,No,No phone service,54.55,DSL,
20.05,49,No,,0,,One year,2812-REYAT,No,No,Female,1,923.1,49-60,49,No,No,No,0,Yes,Bank transfer (automatic),Yes,Yes,No,No,No,20.05,No,
19.9,28,No,,0,,One year,2819-GWENI,Yes,No,Female,1,543,25-36,28,No,No,No,0,Yes,Mailed check,Yes,No,No,No,No,19.9,No,
19.45,49,No,,0,,One year,2821-WARNZ,Yes,No,Female,1,921.3,49-60,49,No,No,No,0,Yes,Credit card (automatic),No,No,No,No,No,19.45,No,
19.8,29,No,,0,,One year,2829-HYVZP,No,No,Male,1,572.2,25-36,29,No,No,No,0,Yes,Mailed check,No,Yes,No,No,No,19.8,No,
103.9,61,No,,0,,One year,2830-LEWOA,Yes,Yes,Male,1,6449.15,61+,61,Yes,Yes,Yes,0,Yes,Credit card (automatic),Yes,No,No,Yes,No,103.9,Fiber optic,
45.9,15,No,,0,,One year,2834-JKOOW,No,Yes,Female,1,693.45,13-24,15,Yes,No,No,0,No,Mailed check,No,No,Yes,Yes,No phone service,45.9,DSL,
73,35,No,,0,,One year,2851-STERV,No,Yes,Male,1,2471.25,25-36,35,Yes,Yes,Yes,1,Yes,Electronic check,No,Yes,No,No,No,73,DSL,
95.85,53,No,,0,,One year,2858-EIMXH,No,No,Female,1,5016.25,49-60,53,No,Yes,Yes,1,Yes,Credit card (automatic),Yes,Yes,No,No,Yes,95.85,Fiber optic,
19.15,6,No,,0,,One year,2862-JVEOY,No,No,Male,1,124.4,0-12,6,No,No,No,0,Yes,Mailed check,No,No,No,No,No,19.15,No,
83.65,68,No,,0,,One year,2868-LLSKM,Yes,No,Female,1,5733.4,61+,68,Yes,No,No,0,Yes,Bank transfer (automatic),Yes,Yes,No,Yes,Yes,83.65,Fiber optic,
40.9,35,No,,0,,One year,2877-VDUER,Yes,No,Female,1,1383.6,25-36,35,Yes,Yes,No,0,No,Mailed check,Yes,No,No,No,No phone service,40.9,DSL,
19.9,35,No,,0,,One year,2878-DHMIN,Yes,No,Male,1,666,25-36,35,No,No,No,0,Yes,Electronic check,Yes,No,No,No,No,19.9,No,
79.85,59,No,,0,,One year,2890-WFBHU,No,Yes,Female,1,4786.1,49-60,59,Yes,No,Yes,0,Yes,Credit card (automatic),No,No,Yes,Yes,Yes,79.85,DSL,
80.8,40,No,,0,,One year,2896-TBNBE,No,Yes,Male,1,3132.75,37-48,40,No,No,No,0,Yes,Electronic check,Yes,No,No,Yes,No,80.8,Fiber optic,
101.05,68,No,,0,,One year,2898-MRKPI,Yes,No,Male,1,6770.5,61+,68,No,Yes,Yes,0,Yes,Credit card (automatic),Yes,Yes,No,Yes,Yes,101.05,Fiber optic,
20.6,11,No,,0,,One year,2907-ILJBN,Yes,No,Female,1,233.9,0-12,11,No,No,No,0,Yes,Mailed check,Yes,No,No,No,No,20.6,No,
90.6,37,No,,0,,One year,2911-IJORQ,No,Yes,Male,1,3358.65,37-48,37,Yes,Yes,Yes,0,Yes,Bank transfer (automatic),No,Yes,Yes,Yes,Yes,90.6,DSL,
19.7,0,No,,0,,One year,2923-ARZLG,Yes,No,Male,1,0,0-12,0,No,No,No,0,Yes,Mailed check,Yes,Yes,No,No,No,19.7,No,
100.55,56,No,,0,,One year,2924-KHUVI,No,No,Male,1,5514.95,49-60,56,No,Yes,Yes,0,Yes,Electronic check,Yes,Yes,Yes,No,Yes,100.55,Fiber optic,
68.95,30,No,,0,,One year,2925-MXLSX,No,Yes,Female,1,2038.7,25-36,30,No,Yes,No,0,Yes,Credit card (automatic),No,Yes,No,Yes,Yes,68.95,DSL,
20.2,8,No,,0,,One year,2926-JEJJC,No,No,Female,1,140.95,0-12,8,No,No,No,0,Yes,Bank transfer (automatic),No,Yes,No,No,No,20.2,No,
94.65,46,No,,0,,One year,2927-QRRQV,No,Yes,Male,1,4312.5,37-48,46,No,Yes,No,0,Yes,Electronic check,Yes,Yes,No,Yes,Yes,94.65,Fiber optic,
94.05,59,No,,0,,One year,2931-VUVJN,No,Yes,Female,1,5483.9,49-60,59,Yes,No,No,1,Yes,Electronic check,Yes,Yes,Yes,Yes,Yes,94.05,Fiber optic,
103.05,50,No,,0,,One year,2931-XIQBR,Yes,Yes,Female,1,5153.5,49-60,50,Yes,Yes,Yes,0,Yes,Mailed check,Yes,No,No,No,No,103.05,Fiber optic,
84.45,62,No,,0,,One year,2957-JIRMN,No,No,Female,1,4959.15,61+,62,No,Yes,No,1,Yes,Electronic check,No,No,No,No,Yes,84.45,Fiber optic,
18.8,1,No,,0,,One year,2967-MXRAV,Yes,No,Male,1,18.8,0-12,1,No,No,No,0,Yes,Mailed check,Yes,No,No,No,No,18.8,No,
60.5,67,No,,0,,One year,2969-VAPYH,No,No,Female,1,3870,61+,67,Yes,No,No,0,Yes,Credit card (automatic),No,No,Yes,Yes,No,60.5,DSL,
69.45,7,No,,0,,One year,2969-WGHQO,Yes,Yes,Female,1,477.05,0-12,7,No,Yes,No,0,Yes,Electronic check,Yes,No,Yes,Yes,No,69.45,DSL,
94.7,57,No,,0,,One year,2972-YDYUW,No,No,Female,1,5468.95,49-60,57,Yes,No,Yes,0,Yes,Electronic check,No,No,No,Yes,Yes,94.7,Fiber optic,
69.95,3,No,,0,,One year,2988-PLAHS,No,Yes,Female,1,220.45,0-12,3,No,Yes,Yes,0,Yes,Electronic check,No,Yes,No,No,No,69.95,DSL,
70.8,50,No,,0,,One year,3021-VLNRJ,Yes,Yes,Female,1,3478.15,49-60,50,Yes,Yes,No,0,Yes,Credit card (automatic),No,Yes,Yes,No,No,70.8,DSL,
75.1,37,No,,0,,One year,3026-ATZYV,Yes,No,Female,1,2658.8,37-48,37,No,Yes,Yes,0,Yes,Bank transfer (automatic),Yes,No,Yes,Yes,No,75.1,DSL,
58.55,63,No,,0,,One year,3055-VTCGS,No,Yes,Female,1,3503.5,61+,63,No,No,Yes,0,Yes,Credit card (automatic),No,No,No,No,No,58.55,DSL,
55.9,68,No,,0,,One year,3067-SVMTC,No,No,Female,1,3848.8,61+,68,Yes,No,No,0,Yes,Bank transfer (automatic),Yes,No,Yes,No,No,55.9,DSL,
25.85,1,No,,0,,One year,3069-SSVSN,No,No,Female,1,25.85,0-12,1,No,No,No,0,No,Mailed check,No,No,No,No,No phone service,25.85,DSL,
19.9,47,No,,0,,One year,3079-BCHLN,No,No,Male,1,942.95,37-48,47,No,No,No,0,Yes,Bank transfer (automatic),Yes,No,No,No,No,19.9,No,
19.65,14,No,,0,,One year,3082-WQRVY,No,No,Male,1,228.65,13-24,14,No,No,No,1,Yes,Mailed check,Yes,No,No,No,No,19.65,No,
100.7,61,No,,0,,One year,3096-WPXBT,Yes,Yes,Female,1,6018.65,61+,61,No,No,Yes,0,Yes,Credit card (automatic),Yes,Yes,Yes,Yes,Yes,100.7,Fiber optic,
81.25,59,No,,0,,One year,3115-JPJDD,No,Yes,Female,1,4639.45,49-60,59,No,No,No,0,Yes,Credit card (automatic),Yes,Yes,Yes,No,No,81.25,Fiber optic,
20.3,22,No,,0,,One year,3125-RAHBV,No,No,Male,1,467.15,13-24,22,No,No,No,0,Yes,Credit card (automatic),No,No,No,No,No,20.3,No,
19.55,14,No,,0,,One year,3131-NWVFJ,Yes,No,Female,1,294.5,13-24,14,No,No,No,0,Yes,Mailed check,Yes,No,No,No,No,19.55,No,
64.8,17,No,,0,,One year,3137-NYQQI,No,No,Male,1,1175.6,13-24,17,No,No,Yes,0,Yes,Mailed check,Yes,No,Yes,Yes,No,64.8,DSL,
19.6,10,No,,0,,One year,3146-JTQHR,No,No,Male,1,189.45,0-12,10,No,No,No,0,Yes,Bank transfer (automatic),Yes,No,No,No,No,19.6,No,
65.85,60,No,,0,,One year,3161-ONRWK,Yes,Yes,Male,1,3928.3,49-60,60,Yes,No,No,0,Yes,Bank transfer (automatic),Yes,Yes,Yes,Yes,No,65.85,DSL,
100.15,55,No,,0,,One year,3162-KKZXO,No,Yes,Female,1,5409.75,49-60,55,No,Yes,Yes,1,Yes,Electronic check,No,Yes,No,No,Yes,100.15,Fiber optic,
19.65,23,No,,0,,One year,3178-CIFOT,No,No,Female,1,478.1,13-24,23,No,No,No,0,Yes,Credit card (automatic),No,Yes,No,No,No,19.65,No,
51.05,70,No,,0,,One year,3181-VTHOE,No,Yes,Male,1,3635.15,61+,70,Yes,No,Yes,0,No,Bank transfer (automatic),Yes,Yes,No,Yes,No phone service,51.05,DSL,
111.25,67,No,,0,,One year,3199-NPKCN,No,Yes,Female,1,7511.65,61+,67,Yes,Yes,Yes,0,Yes,Electronic check,Yes,Yes,Yes,No,Yes,111.25,Fiber optic,
59.45,26,No,,0,,One year,3205-MXZRA,No,No,Male,1,1507,25-36,26,Yes,Yes,No,0,Yes,Credit card (automatic),No,No,No,No,No,59.45,DSL,
93.7,61,No,,0,,One year,3214-IYUUQ,No,No,Female,1,5860.7,61+,61,Yes,No,Yes,0,Yes,Bank transfer (automatic),Yes,No,Yes,Yes,No,93.7,Fiber optic,
89,66,No,,0,,One year,3224-DFQNQ,No,No,Female,1,5898.6,61+,66,Yes,No,No,0,Yes,Electronic check,Yes,No,Yes,Yes,Yes,89,Fiber optic,
79.95,34,No,,0,,One year,3229-USWAR,No,Yes,Female,1,2727.3,25-36,34,Yes,Yes,Yes,0,Yes,Bank transfer (automatic),No,Yes,Yes,No,No,79.95,DSL,
20.1,16,No,,0,,One year,3243-ZHOHY,No,No,Female,1,296.15,13-24,16,No,No,No,0,Yes,Mailed check,No,No,No,No,No,20.1,No,
24.05,53,No,,0,,One year,3251-YMVWZ,No,No,Male,1,1301.9,49-60,53,No,No,No,0,Yes,Bank transfer (automatic),No,No,No,No,Yes,24.05,No,
100.3,52,No,,0,,One year,3253-HKOKL,Yes,Yes,Female,1,5244.45,49-60,52,No,Yes,Yes,0,Yes,Electronic check,Yes,No,Yes,No,No,100.3,Fiber optic,
60,28,No,,0,,One year,3275-RHRNE,Yes,Yes,Male,1,1682.05,25-36,28,Yes,Yes,Yes,0,No,Credit card (automatic),Yes,Yes,No,Yes,No phone service,60,DSL,
19.6,34,No,,0,,One year,3280-NMUVX,Yes,No,Male,1,678.8,25-36,34,No,No,No,0,Yes,Credit card (automatic),Yes,No,No,No,No,19.6,No,
83.7,32,No,,0,,One year,3282-ZISZV,Yes,Yes,Male,1,2633.3,25-36,32,Yes,Yes,Yes,0,Yes,Credit card (automatic),No,No,No,Yes,Yes,83.7,DSL,
85.5,68,No,,0,,One year,3301-VKTGC,Yes,No,Male,1,5696.6,61+,68,No,No,No,0,Yes,Bank transfer (automatic),Yes,Yes,Yes,Yes,Yes,85.5,Fiber optic,
50.8,28,No,,0,,One year,3315-IKYZQ,Yes,Yes,Male,1,1386.8,25-36,28,Yes,Yes,No,0,No,Mailed check,Yes,No,Yes,No,No phone service,50.8,DSL,
104.65,71,No,,0,,One year,3324-OIRTO,Yes,Yes,Male,1,7288.4,61+,71,No,Yes,Yes,0,Yes,Bank transfer (automatic),Yes,Yes,Yes,Yes,No,104.65,Fiber optic,
96.9,64,No,,0,,One year,3327-YBAKM,No,No,Female,1,6314.35,61+,64,Yes,Yes,Yes,0,Yes,Mailed check,Yes,Yes,Yes,No,No,96.9,Fiber optic,
97.25,72,No,,0,,One year,3339-EAQNV,No,No,Male,1,7133.1,61+,72,No,Yes,Yes,1,Yes,Credit card (automatic),Yes,Yes,No,Yes,Yes,97.25,Fiber optic,
54.1,36,No,,0,,One year,3340-QBBFM,No,Yes,Male,1,1992.85,25-36,36,Yes,No,No,1,Yes,Credit card (automatic),Yes,No,No,No,No,54.1,DSL,
99.5,59,No,,0,,One year,3349-ANQNH,No,Yes,Female,1,5890,49-60,59,No,Yes,Yes,1,Yes,Electronic check,No,Yes,No,No,Yes,99.5,Fiber optic,
54.25,8,No,,0,,One year,3354-OADJP,No,No,Female,1,447.75,0-12,8,Yes,No,No,0,Yes,Bank transfer (automatic),No,No,Yes,No,No,54.25,DSL,
24.5,13,No,,0,,One year,3372-CDXFJ,Yes,No,Male,1,343.6,13-24,13,No,No,No,0,Yes,Bank transfer (automatic),Yes,No,No,No,Yes,24.5,No,
24.85,44,No,,0,,One year,3378-AJRAO,Yes,No,Male,1,1013.6,37-48,44,No,No,No,0,Yes,Electronic check,Yes,No,No,No,Yes,24.85,No,
59.9,51,No,,0,,One year,3401-URHDA,No,No,Male,1,3043.6,49-60,51,Yes,No,No,0,Yes,Credit card (automatic),No,No,Yes,No,Yes,59.9,DSL,
94.4,44,No,,0,,One year,3410-MHHUM,Yes,Yes,Female,1,4295.35,37-48,44,No,No,Yes,0,Yes,Electronic check,Yes,No,No,Yes,Yes,94.4,Fiber optic,
24.85,29,No,,0,,One year,3417-TSCIC,No,No,Male,1,788.05,25-36,29,No,No,No,0,No,Mailed check,No,Yes,No,No,No phone service,24.85,DSL,
54.35,28,No,,0,,One year,3422-WJOYD,No,No,Male,1,1426.45,25-36,28,Yes,No,No,0,Yes,Mailed check,Yes,No,Yes,No,No,54.35,DSL,
19.5,14,No,,0,,One year,3423-HHXAO,Yes,No,Female,1,272,13-24,14,No,No,No,0,Yes,Mailed check,Yes,Yes,No,No,No,19.5,No,
60.4,43,No,,0,,One year,3441-CGZJH,Yes,Yes,Female,1,2640.55,37-48,43,Yes,Yes,Yes,0,No,Credit card (automatic),Yes,Yes,Yes,No,No phone service,60.4,DSL,
76.9,68,No,,0,,One year,3442-ZHHCC,No,Yes,Male,1,5023,61+,68,No,No,Yes,0,Yes,Credit card (automatic),No,Yes,Yes,Yes,Yes,76.9,DSL,
20.95,25,No,,0,,One year,3452-FLHYD,No,No,Male,1,495.15,25-36,25,No,No,No,0,Yes,Bank transfer (automatic),Yes,Yes,No,No,No,20.95,No,
70.3,10,No,,0,,One year,3468-DRVQJ,Yes,No,Female,1,676.15,0-12,10,No,Yes,No,0,Yes,Electronic check,Yes,No,Yes,Yes,Yes,70.3,DSL,
54.3,28,No,,0,,One year,3482-ABPKK,No,No,Female,1,1546.3,25-36,28,Yes,No,No,0,Yes,Mailed check,No,No,Yes,No,No,54.3,DSL,
19.55,36,No,,0,,One year,3486-NPGST,No,No,Female,1,620.75,25-36,36,No,No,No,0,Yes,Mailed check,No,No,No,No,No,19.55,No,
74.1,70,No,,0,,One year,3487-EARAT,Yes,Yes,Female,1,5222.3,61+,70,Yes,No,Yes,0,Yes,Credit card (automatic),Yes,No,Yes,Yes,No,74.1,DSL,
60.25,56,No,,0,,One year,3489-VSFRD,No,Yes,Female,1,3282.75,49-60,56,Yes,No,No,0,Yes,Credit card (automatic),No,Yes,Yes,No,No,60.25,DSL,
26.2,35,No,,0,,One year,3506-OVLKD,No,No,Male,1,954.9,25-36,35,No,No,No,0,Yes,Bank transfer (automatic),No,No,No,No,Yes,26.2,No,
99.95,23,No,,0,,One year,3511-APPBJ,No,Yes,Male,1,2292.75,13-24,23,No,Yes,Yes,0,Yes,Credit card (automatic),No,Yes,Yes,No,No,99.95,Fiber optic,
19.3,26,No,,0,,One year,3523-BRGUW,No,No,Male,1,504.2,25-36,26,No,No,No,1,Yes,Credit card (automatic),No,No,No,No,No,19.3,No,
26.9,47,No,,0,,One year,3547-LQRIK,No,No,Female,1,1250.85,37-48,47,No,No,No,0,Yes,Electronic check,Yes,No,No,No,Yes,26.9,No,
30.4,34,No,,0,,One year,3551-GAEGL,Yes,No,Male,1,938.65,25-36,34,No,No,No,0,No,Bank transfer (automatic),Yes,No,Yes,No,No phone service,30.4,DSL,
20,20,No,,0,,One year,3556-BVQGL,No,No,Female,1,416.45,13-24,20,No,No,No,0,Yes,Mailed check,Yes,Yes,No,No,No,20,No,
105.25,53,No,,0,,One year,3567-PQTSO,Yes,Yes,Male,1,5576.3,49-60,53,No,Yes,Yes,0,Yes,Electronic check,Yes,Yes,No,Yes,Yes,105.25,Fiber optic,
75.1,66,No,,0,,One year,3569-VLDHH,Yes,Yes,Male,1,5013,61+,66,Yes,Yes,No,0,Yes,Electronic check,Yes,Yes,Yes,Yes,No,75.1,DSL,
94.7,58,No,,0,,One year,3571-DPYUH,Yes,No,Male,1,5430.35,49-60,58,Yes,Yes,No,0,Yes,Credit card (automatic),Yes,Yes,No,Yes,Yes,94.7,Fiber optic,
18.85,45,No,,0,,One year,3572-UUHRS,No,No,Male,1,867.3,37-48,45,No,No,No,0,Yes,Bank transfer (automatic),No,No,No,No,No,18.85,No,
111.55,51,No,,0,,One year,3584-WKTTW,No,Yes,Male,1,5720.35,49-60,51,Yes,Yes,Yes,0,Yes,Electronic check,Yes,Yes,Yes,No,Yes,111.55,Fiber optic,
74.6,57,No,,0,,One year,3585-YNADK,No,Yes,Female,1,4368.95,49-60,57,Yes,Yes,No,0,Yes,Bank transfer (automatic),Yes,No,No,Yes,Yes,74.6,DSL,
98.9,10,No,,0,,One year,3587-PMCOY,No,Yes,Male,1,1064.95,0-12,10,No,Yes,Yes,0,Yes,Electronic check,No,Yes,Yes,No,No,98.9,Fiber optic,
20.4,24,No,,0,,One year,3594-BDSOA,No,No,Female,1,482.8,13-24,24,No,No,No,0,Yes,Credit card (automatic),Yes,No,No,No,No,20.4,No,
60,55,No,,0,,One year,3605-JISKB,No,No,Male,1,3316.1,49-60,55,No,No,No,1,Yes,Credit card (automatic),Yes,No,Yes,Yes,Yes,60,DSL,
50.05,31,No,,0,,One year,3606-SBKRY,No,Yes,Male,1,1523.4,25-36,31,No,Yes,Yes,0,No,Electronic check,No,Yes,No,No,No phone service,50.05,DSL,
80.85,17,No,,0,,One year,3633-CDBUW,Yes,Yes,Male,1,1445.95,13-24,17,Yes,Yes,Yes,0,Yes,Electronic check,No,No,No,Yes,No,80.85,DSL,
43.8,13,No,,0,,One year,3638-DIMPH,No,No,Female,1,592.65,13-24,13,No,No,No,0,Yes,Electronic check,Yes,No,No,No,No,43.8,DSL,
115.1,61,No,,0,,One year,3642-GKTCT,No,Yes,Female,1,6993.65,61+,61,Yes,Yes,Yes,0,Yes,Mailed check,No,Yes,Yes,Yes,Yes,115.1,Fiber optic,
36.25,32,No,,0,,One year,3648-GZPHF,Yes,Yes,Male,1,1151.05,25-36,32,Yes,No,No,0,No,Mailed check,Yes,Yes,No,No,No phone service,36.25,DSL,
19.2,43,No,,0,,One year,3653-NCRDJ,Yes,No,Male,1,776.25,37-48,43,No,No,No,0,Yes,Mailed check,Yes,Yes,No,No,No,19.2,No,
74.3,62,No,,0,,One year,3658-QQJYD,No,No,Male,1,4698.05,61+,62,No,Yes,Yes,0,Yes,Credit card (automatic),No,Yes,Yes,Yes,No,74.3,DSL,
116.6,60,No,,0,,One year,3680-CTHUH,No,Yes,Male,1,7049.5,49-60,60,Yes,Yes,Yes,0,Yes,Credit card (automatic),No,Yes,Yes,Yes,Yes,116.6,Fiber optic,
106.5,52,No,,0,,One year,3692-JHONH,No,Yes,Female,1,5621.85,49-60,52,No,Yes,Yes,1,Yes,Electronic check,Yes,Yes,No,Yes,Yes,106.5,Fiber optic,
82.5,50,No,,0,,One year,3696-XRIEN,No,Yes,Female,1,4179.1,49-60,50,Yes,Yes,Yes,0,Yes,Credit card (automatic),No,Yes,Yes,No,Yes,82.5,DSL,
85.2,26,No,,0,,One year,3709-OIJEA,No,Yes,Male,1,2184.6,25-36,26,Yes,No,No,0,Yes,Electronic check,No,Yes,No,Yes,No,85.2,Fiber optic,
20.55,61,No,,0,,One year,3712-PKXZA,No,No,Male,1,1252,61+,61,No,No,No,0,Yes,Credit card (automatic),Yes,Yes,No,No,No,20.55,No,
19.8,15,No,,0,,One year,3721-CNZHX,No,No,Male,1,304.6,13-24,15,No,No,No,0,Yes,Mailed check,No,No,No,No,No,19.8,No,
20.45,10,No,,0,,One year,3724-BSCVH,Yes,No,Male,1,242.4,0-12,10,No,No,No,0,Yes,Mailed check,Yes,No,No,No,No,20.45,No,
25.7,66,No,,0,,One year,3727-OVPRY,Yes,No,Male,1,1714.55,61+,66,No,No,No,0,Yes,Credit card (automatic),Yes,Yes,No,No,Yes,25.7,No,
61.2,35,No,,0,,One year,3727-OWVYD,No,Yes,Male,1,2021.2,25-36,35,No,No,No,0,Yes,Mailed check,No,No,Yes,Yes,No,61.2,DSL,
85.55,61,No,,0,,One year,3733-UOCWF,No,No,Male,1,5251.75,61+,61,Yes,No,No,1,Yes,Bank transfer (automatic),Yes,Yes,No,Yes,Yes,85.55,Fiber optic,
91.25,28,No,,0,,One year,3736-BLEPA,No,No,Male,1,2483.65,25-36,28,Yes,Yes,No,0,Yes,Bank transfer (automatic),No,Yes,No,Yes,No,91.25,Fiber optic,
35.35,36,No,,0,,One year,3739-YBWAB,No,Yes,Male,1,1317.95,25-36,36,No,No,No,0,No,Mailed check,Yes,No,Yes,No,No phone service,35.35,DSL,
60.95,67,No,,0,,One year,3740-RLMVT,No,No,Male,1,4119.4,61+,67,Yes,No,No,1,Yes,Bank transfer (automatic),Yes,Yes,Yes,Yes,No,60.95,DSL,
20.65,7,No,,0,,One year,3750-YHRYO,Yes,No,Male,1,150,0-12,7,No,No,No,0,Yes,Mailed check,Yes,No,No,No,No,20.65,No,
100.75,65,No,,0,,One year,3756-VNWDH,No,No,Male,1,6674.65,61+,65,No,Yes,Yes,1,Yes,Electronic check,Yes,Yes,Yes,No,Yes,100.75,Fiber optic,
107,59,No,,0,,One year,3758-CKOQL,No,Yes,Female,1,6152.3,49-60,59,Yes,No,Yes,0,Yes,Credit card (automatic),Yes,Yes,Yes,Yes,Yes,107,Fiber optic,
20.15,24,No,,0,,One year,3778-FOAQW,No,No,Female,1,456.85,13-24,24,No,No,No,0,Yes,Mailed check,Yes,No,No,No,No,20.15,No,
106.85,72,No,,0,,One year,3786-WOVKF,No,No,Female,1,7677.4,61+,72,No,Yes,Yes,1,Yes,Bank transfer (automatic),Yes,Yes,Yes,Yes,Yes,106.85,Fiber optic,
55.7,14,No,,0,,One year,3800-LYTRK,No,No,Female,1,795.15,13-24,14,Yes,No,No,0,Yes,Mailed check,No,No,Yes,No,No,55.7,DSL,
94.75,55,No,,0,,One year,3807-BPOMJ,No,No,Female,1,5276.1,49-60,55,No,Yes,Yes,0,Yes,Electronic check,Yes,Yes,Yes,No,No,94.75,Fiber optic,
24.95,12,No,,0,,One year,3823-KYNQY,No,No,Male,1,280.4,0-12,12,No,No,No,0,Yes,Credit card (automatic),No,No,No,No,Yes,24.95,No,
66.2,71,No,,0,,One year,3850-OKINF,Yes,No,Male,1,4692.55,61+,71,No,Yes,No,0,Yes,Electronic check,Yes,Yes,Yes,No,Yes,66.2,DSL,
105.75,40,No,,0,,One year,3858-XHYJO,No,Yes,Female,1,4228.55,37-48,40,No,Yes,Yes,0,Yes,Bank transfer (automatic),Yes,No,Yes,No,Yes,105.75,Fiber optic,
106.1,72,No,,0,,One year,3865-YIOTT,Yes,Yes,Male,1,7848.5,61+,72,No,Yes,Yes,0,Yes,Bank transfer (automatic),Yes,Yes,Yes,No,Yes,106.1,Fiber optic,
25.9,45,No,,0,,One year,3887-PBQAO,Yes,No,Female,1,1216.6,37-48,45,No,No,No,0,Yes,Credit card (automatic),Yes,Yes,No,No,Yes,25.9,No,
73.55,10,No,,0,,One year,3898-BSJYF,Yes,Yes,Female,1,693.3,0-12,10,Yes,No,Yes,0,Yes,Credit card (automatic),No,No,Yes,No,Yes,73.55,DSL,
71.75,60,No,,0,,One year,3915-ODIYG,No,No,Male,1,4374.55,49-60,60,No,No,Yes,1,Yes,Electronic check,No,Yes,Yes,Yes,Yes,71.75,DSL,
50.05,41,No,,0,,One year,3926-YZVVX,No,No,Female,1,2029.05,37-48,41,Yes,No,No,0,Yes,Bank transfer (automatic),No,No,No,No,No,50.05,DSL,
25.7,44,No,,0,,One year,3935-TBRZZ,Yes,No,Male,1,1110.5,37-48,44,No,No,No,0,Yes,Mailed check,Yes,No,No,No,Yes,25.7,No,
45.1,42,No,,0,,One year,3941-XTSKM,Yes,Yes,Male,1,2049.05,37-48,42,No,No,Yes,0,No,Credit card (automatic),Yes,Yes,No,Yes,No phone service,45.1,DSL,
95.2,47,No,,0,,One year,3946-JEWRQ,No,No,Male,1,4563,37-48,47,No,Yes,Yes,0,Yes,Credit card (automatic),Yes,Yes,No,No,Yes,95.2,Fiber optic,
59.6,57,No,,0,,One year,3950-VPYJB,Yes,No,Male,1,3509.4,49-60,57,Yes,No,No,0,Yes,Mailed check,Yes,No,Yes,Yes,No,59.6,DSL,
65.2,70,No,,0,,One year,3957-HHLMR,Yes,No,Female,1,4543.15,61+,70,No,No,Yes,0,Yes,Bank transfer (automatic),Yes,No,Yes,No,Yes,65.2,DSL,
20.35,36,No,,0,,One year,3982-JGSFD,No,No,Male,1,695.85,25-36,36,No,No,No,0,Yes,Credit card (automatic),No,Yes,No,No,No,20.35,No,
19.4,26,No,,0,,One year,3985-HOYPM,No,No,Male,1,525.55,25-36,26,No,No,No,0,Yes,Mailed check,No,No,No,No,No,19.4,No,
78.95,38,No,,0,,One year,4000-VGMQP,Yes,Yes,Male,1,2862.55,37-48,38,No,Yes,Yes,0,Yes,Credit card (automatic),Yes,No,No,Yes,Yes,78.95,DSL,
64,31,No,,0,,One year,4003-OCTMP,No,No,Female,1,1910.75,25-36,31,Yes,No,Yes,0,Yes,Electronic check,Yes,Yes,Yes,No,No,64,DSL,
50.4,31,No,,0,,One year,4023-RTIQM,No,Yes,Female,1,1580.1,25-36,31,No,No,Yes,1,No,Credit card (automatic),Yes,Yes,Yes,Yes,No phone service,50.4,DSL,
35.4,41,No,,0,,One year,4032-RMHCI,Yes,Yes,Female,1,1412.4,37-48,41,No,No,No,0,No,Credit card (automatic),Yes,No,Yes,No,No phone service,35.4,DSL,
93.5,51,No,,0,,One year,4075-JFPGR,No,Yes,Female,1,4619.55,49-60,51,No,Yes,No,0,Yes,Electronic check,Yes,Yes,Yes,Yes,No,93.5,Fiber optic,
95,38,No,,0,,One year,4083-BFNYK,No,No,Female,1,3591.25,37-48,38,No,No,Yes,1,Yes,Credit card (automatic),Yes,No,Yes,Yes,Yes,95,Fiber optic,
60.8,34,No,,0,,One year,4086-ATNFV,Yes,Yes,Female,1,2042.05,25-36,34,No,No,No,0,Yes,Mailed check,Yes,Yes,Yes,Yes,No,60.8,DSL,
78.75,48,No,,0,,One year,4091-TVOCN,Yes,Yes,Male,1,3682.45,37-48,48,No,Yes,Yes,0,Yes,Credit card (automatic),No,Yes,Yes,No,Yes,78.75,DSL,
20.65,20,No,,0,,One year,4092-OFQZS,No,No,Male,1,417.5,13-24,20,No,No,No,0,Yes,Mailed check,Yes,No,No,No,No,20.65,No,
103.8,34,No,,0,,One year,4097-YODCF,Yes,No,Male,1,3470.8,25-36,34,No,Yes,Yes,0,Yes,Electronic check,No,Yes,Yes,Yes,Yes,103.8,Fiber optic,
68.75,56,No,,0,,One year,4114-QMKVN,Yes,No,Female,1,3815.4,49-60,56,No,No,Yes,0,Yes,Bank transfer (automatic),Yes,No,Yes,Yes,Yes,68.75,DSL,
35.75,69,No,,0,,One year,4115-UMJFQ,No,Yes,Male,1,2492.25,61+,69,No,No,No,0,No,Bank transfer (automatic),No,Yes,No,Yes,No phone service,35.75,DSL,
24.1,4,No,,0,,One year,4116-IQRFR,Yes,No,Male,1,73.1,0-12,4,No,No,No,0,Yes,Credit card (automatic),Yes,No,No,No,Yes,24.1,No,
110.8,35,No,,0,,One year,4118-CEVPF,No,Yes,Female,1,3836.3,25-36,35,Yes,Yes,Yes,1,Yes,Bank transfer (automatic),No,Yes,Yes,Yes,Yes,110.8,Fiber optic,
24.5,58,No,,0,,One year,4121-AGSIN,Yes,No,Female,1,1497.9,49-60,58,No,No,No,0,Yes,Credit card (automatic),Yes,Yes,No,No,Yes,24.5,No,
75.85,12,No,,0,,One year,4123-FCVCB,No,No,Female,1,854.45,0-12,12,Yes,Yes,Yes,0,Yes,Mailed check,No,Yes,No,No,Yes,75.85,DSL,
76.25,55,No,,0,,One year,4135-FRWKJ,Yes,Yes,Female,1,4154.55,49-60,55,Yes,Yes,No,1,Yes,Electronic check,Yes,No,Yes,No,Yes,76.25,DSL,
19.1,51,No,,0,,One year,4163-HFTUK,No,No,Male,1,1007.8,49-60,51,No,No,No,0,Yes,Electronic check,No,No,No,No,No,19.1,No,
24.45,46,No,,0,,One year,4163-NCJAK,No,No,Female,1,1066.15,37-48,46,No,No,No,0,Yes,Bank transfer (automatic),Yes,Yes,No,No,Yes,24.45,No,
91.35,63,No,,0,,One year,4184-VODJZ,Yes,No,Male,1,5764.7,61+,63,No,No,Yes,0,Yes,Electronic check,Yes,Yes,No,Yes,Yes,91.35,Fiber optic,
70.7,36,No,,0,,One year,4186-ZBUEW,No,No,Female,1,2511.95,25-36,36,Yes,No,Yes,0,Yes,Mailed check,No,Yes,No,Yes,Yes,70.7,DSL,
51.55,26,No,,0,,One year,4189-NAKJS,No,No,Male,1,1295.4,25-36,26,No,No,No,0,Yes,Credit card (automatic),No,Yes,No,No,Yes,51.55,DSL,
33.6,12,No,,0,,One year,4198-VFOEA,No,No,Female,1,435.45,0-12,12,Yes,No,No,0,No,Mailed check,No,Yes,Yes,No,No phone service,33.6,DSL,
64.85,21,No,,0,,One year,4223-BKEOR,Yes,Yes,Female,1,1336.8,13-24,21,No,No,Yes,0,Yes,Mailed check,No,No,Yes,No,No,64.85,DSL,
73,68,No,,0,,One year,4227-OJHAL,Yes,Yes,Female,1,5163,61+,68,No,Yes,No,0,Yes,Credit card (automatic),Yes,Yes,Yes,Yes,Yes,73,DSL,
88.9,66,No,,0,,One year,4274-DRSQT,No,No,Female,1,6000.1,61+,66,No,Yes,No,0,Yes,Bank transfer (automatic),No,Yes,No,Yes,Yes,88.9,Fiber optic,
117.2,68,No,,0,,One year,4282-MSACW,No,Yes,Male,1,8035.95,61+,68,Yes,Yes,Yes,0,Yes,Credit card (automatic),No,Yes,Yes,Yes,Yes,117.2,Fiber optic,
39.1,28,No,,0,,One year,4291-HYEBC,Yes,No,Female,1,1096.6,25-36,28,No,No,Yes,1,No,Electronic check,Yes,Yes,No,Yes,No phone service,39.1,DSL,
20.05,7,No,,0,,One year,4291-YZODP,Yes,No,Female,1,96.8,0-12,7,No,No,No,0,Yes,Mailed check,No,No,No,No,No,20.05,No,
20.55,69,No,,0,,One year,4302-ZYFEL,Yes,No,Male,1,1403.1,61+,69,No,No,No,0,Yes,Credit card (automatic),Yes,Yes,No,No,No,20.55,No,
19.35,16,No,,0,,One year,4311-QTTAI,No,No,Female,1,295.55,13-24,16,No,No,No,0,Yes,Credit card (automatic),No,No,No,No,No,19.35,No,
19.8,10,No,,0,,One year,4318-RAJVY,No,No,Female,1,198.25,0-12,10,No,No,No,0,Yes,Mailed check,No,Yes,No,No,No,19.8,No,
20,13,No,,0,,One year,4323-ELYYB,Yes,No,Male,1,218.55,13-24,13,No,No,No,0,Yes,Mailed check,Yes,No,No,No,No,20,No,
105.55,70,No,,0,,One year,4323-OHFOW,No,No,Female,1,7195.35,61+,70,Yes,Yes,Yes,1,Yes,Bank transfer (automatic),Yes,Yes,No,Yes,Yes,105.55,Fiber optic,
59.3,39,No,,0,,One year,4328-VUFWD,No,No,Female,1,2209.15,37-48,39,Yes,No,Yes,0,Yes,Electronic check,No,No,No,No,No,59.3,DSL,
94.3,20,No,,0,,One year,4332-MUOEZ,Yes,Yes,Male,1,1818.3,13-24,20,Yes,No,Yes,1,Yes,Credit card (automatic),Yes,No,Yes,No,No,94.3,Fiber optic,
69.7,48,No,,0,,One year,4342-HFXWS,Yes,Yes,Female,1,3023.65,37-48,48,Yes,Yes,No,0,Yes,Bank transfer (automatic),Yes,No,Yes,No,No,69.7,DSL,
108.95,53,No,,0,,One year,4350-ZTLPI,No,Yes,Female,1,5718.2,49-60,53,Yes,Yes,Yes,0,Yes,Bank transfer (automatic),Yes,Yes,No,Yes,Yes,108.95,Fiber optic,
88.9,56,No,,0,,One year,4355-CVPVS,Yes,No,Female,1,4968,49-60,56,No,Yes,Yes,0,Yes,Bank transfer (automatic),Yes,No,No,No,No,88.9,Fiber optic,
20.05,17,No,,0,,One year,4359-INNWN,No,No,Female,1,337.9,13-24,17,No,No,No,0,Yes,Credit card (automatic),No,No,No,No,No,20.05,No,
75.75,56,No,,0,,One year,4369-NYSCF,No,No,Male,1,4284.65,49-60,56,Yes,Yes,Yes,0,Yes,Bank transfer (automatic),No,Yes,No,Yes,No,75.75,DSL,
116.25,34,No,,0,,One year,4374-YMUSQ,No,Yes,Male,1,3899.05,25-36,34,Yes,Yes,Yes,0,Yes,Credit card (automatic),No,No,Yes,Yes,Yes,116.25,Fiber optic,
90.8,32,No,,0,,One year,4377-VDHYI,Yes,No,Male,1,3023.85,25-36,32,No,No,Yes,0,Yes,Electronic check,Yes,Yes,Yes,Yes,No,90.8,Fiber optic,
20.5,17,No,,0,,One year,4378-BZYFP,No,No,Male,1,365.8,13-24,17,No,No,No,0,Yes,Mailed check,No,Yes,No,No,No,20.5,No,
20.25,3,No,,0,,One year,4393-OBCRR,No,No,Female,1,71.2,0-12,3,No,No,No,0,Yes,Mailed check,No,No,No,No,No,20.25,No,
106.05,44,No,,0,,One year,4393-RYCRE,No,Yes,Male,1,4510.8,37-48,44,No,Yes,Yes,0,Yes,Electronic check,No,Yes,Yes,Yes,No,106.05,Fiber optic,
24.8,14,No,,0,,One year,4403-BWPAY,No,No,Male,1,321.7,13-24,14,No,No,No,0,Yes,Credit card (automatic),No,Yes,No,No,Yes,24.8,No,
79.2,12,No,,0,,One year,4415-WNGVR,No,Yes,Female,1,943.85,0-12,12,Yes,Yes,Yes,1,Yes,Electronic check,Yes,Yes,Yes,No,No,79.2,DSL,
90.25,64,No,,0,,One year,4423-JWZJN,Yes,Yes,Male,1,5629.15,61+,64,No,No,Yes,0,Yes,Credit card (automatic),Yes,No,No,No,Yes,90.25,Fiber optic,
19.35,20,No,,0,,One year,4425-OWHWB,No,No,Female,1,433.75,13-24,20,No,No,No,0,Yes,Credit card (automatic),No,Yes,No,No,No,19.35,No,
60.15,42,No,,0,,One year,4445-KWOKW,No,No,Female,1,2421.6,37-48,42,No,No,No,0,Yes,Bank transfer (automatic),No,Yes,Yes,Yes,Yes,60.15,DSL,
19.5,15,No,,0,,One year,4451-RWASJ,Yes,No,Male,1,239.75,13-24,15,No,No,No,0,Yes,Mailed check,Yes,Yes,No,No,No,19.5,No,
101.15,61,No,,0,,One year,4455-BFSPD,No,No,Female,1,6383.9,61+,61,Yes,Yes,Yes,0,Yes,Bank transfer (automatic),Yes,No,No,No,Yes,101.15,Fiber optic,
110.55,69,No,,0,,One year,4476-OSWTN,No,Yes,Male,1,7610.1,61+,69,Yes,Yes,Yes,1,Yes,Mailed check,Yes,Yes,Yes,No,Yes,110.55,Fiber optic,
104.8,36,No,,0,,One year,4480-MBMLB,No,Yes,Female,1,3886.45,25-36,36,No,Yes,Yes,0,Yes,Bank transfer (automatic),No,Yes,No,Yes,Yes,104.8,Fiber optic,
19.6,38,No,,0,,One year,4487-ZYJZK,Yes,No,Female,1,763.1,37-48,38,No,No,No,0,Yes,Credit card (automatic),Yes,No,No,No,No,19.6,No,
103.95,61,No,,0,,One year,4488-KQFDT,No,Yes,Female,1,6423,61+,61,No,Yes,Yes,0,Yes,Electronic check,No,Yes,No,Yes,Yes,103.95,Fiber optic,
69.1,46,No,,0,,One year,4501-UYKBC,No,Yes,Female,1,3255.35,37-48,46,Yes,No,Yes,1,Yes,Credit card (automatic),No,Yes,No,No,Yes,69.1,DSL,
75.5,31,No,,0,,One year,4508-OEBEY,No,Yes,Male,1,2424.45,25-36,31,Yes,No,Yes,0,Yes,Credit card (automatic),Yes,Yes,Yes,Yes,No,75.5,DSL,
20.25,42,No,,0,,One year,4518-FZBSX,Yes,No,Male,1,854.9,37-48,42,No,No,No,0,Yes,Mailed check,Yes,No,No,No,No,20.25,No,
80.45,42,No,,0,,One year,4522-XRWWI,No,No,Male,1,3375.9,37-48,42,Yes,Yes,Yes,0,Yes,Credit card (automatic),Yes,No,Yes,No,Yes,80.45,DSL,
105.85,54,No,,0,,One year,4525-VZCZG,Yes,No,Male,1,5826.65,49-60,54,Yes,Yes,Yes,0,Yes,Electronic check,No,Yes,Yes,Yes,No,105.85,Fiber optic,
19.05,42,No,,0,,One year,4530-NDRKU,Yes,No,Female,1,761.85,37-48,42,No,No,No,0,Yes,Electronic check,Yes,Yes,No,No,No,19.05,No,
95.15,51,No,,0,,One year,4531-AUZNK,Yes,No,Female,1,5000.05,49-60,51,Yes,Yes,No,0,Yes,Mailed check,Yes,Yes,Yes,No,Yes,95.15,Fiber optic,
20.25,9,No,,0,,One year,4537-CIBHB,Yes,No,Female,1,172.35,0-12,9,No,No,No,0,Yes,Mailed check,Yes,No,No,No,No,20.25,No,
24.95,46,No,,0,,One year,4538-WNTMJ,Yes,No,Female,1,1165.9,37-48,46,No,No,No,0,Yes,Mailed check,Yes,No,No,No,Yes,24.95,No,
43.45,8,No,,0,,One year,4544-RXFMG,Yes,No,Male,1,345.5,0-12,8,No,No,No,0,Yes,Mailed check,Yes,Yes,No,No,No,43.45,DSL,
59.45,55,No,,0,,One year,4547-FZJWE,Yes,No,Male,1,3157,49-60,55,No,No,Yes,0,Yes,Credit card (automatic),Yes,No,Yes,No,No,59.45,DSL,
57.95,52,No,,0,,One year,4549-ZDQYY,No,Yes,Female,1,3042.25,49-60,52,Yes,No,No,0,Yes,Credit card (automatic),No,No,Yes,No,No,57.95,DSL,
68.7,59,No,,0,,One year,4560-WQAQW,No,No,Female,1,4070.95,49-60,59,Yes,No,Yes,0,Yes,Bank transfer (automatic),No,No,Yes,No,Yes,68.7,DSL,
58.9,47,No,,0,,One year,4565-EVZMJ,No,No,Female,1,2813.05,37-48,47,Yes,No,No,0,Yes,Mailed check,No,Yes,Yes,Yes,No,58.9,DSL,
109.1,41,No,,0,,One year,4567-AKPIA,Yes,Yes,Female,1,4454.25,37-48,41,Yes,Yes,Yes,0,Yes,Bank transfer (automatic),Yes,Yes,No,Yes,Yes,109.1,Fiber optic,
68.75,52,No,,0,,One year,4578-PHJYZ,Yes,Yes,Male,1,3482.85,49-60,52,Yes,Yes,No,0,Yes,Electronic check,Yes,Yes,No,Yes,No,68.75,DSL,
24.7,45,No,,0,,One year,4584-LBNMK,No,No,Male,1,1174.35,37-48,45,No,No,No,1,Yes,Credit card (automatic),Yes,No,No,No,Yes,24.7,No,
53.6,53,No,,0,,One year,4598-ZADCK,No,Yes,Female,1,2879.2,49-60,53,Yes,Yes,No,0,No,Electronic check,No,Yes,Yes,Yes,No phone service,53.6,DSL,
50.05,60,No,,0,,One year,4611-ANLQC,No,Yes,Female,1,2911.5,49-60,60,No,No,Yes,0,No,Electronic check,Yes,No,Yes,Yes,No phone service,50.05,DSL,
20.1,16,No,,0,,One year,4616-EWBNJ,No,No,Female,1,318.6,13-24,16,No,No,No,0,Yes,Bank transfer (automatic),No,No,No,No,No,20.1,No,
91,20,No,,0,,One year,4619-EVPHY,No,No,Female,1,1859.5,13-24,20,No,Yes,Yes,1,Yes,Bank transfer (automatic),Yes,Yes,No,No,No,91,Fiber optic,
78.65,51,No,,0,,One year,4626-OZDTJ,No,No,Female,1,3950.85,49-60,51,Yes,Yes,Yes,0,Yes,Credit card (automatic),Yes,Yes,No,Yes,Yes,78.65,DSL,
19.95,22,No,,0,,One year,4632-PAOYU,Yes,No,Male,1,433.5,13-24,22,No,No,No,0,Yes,Mailed check,Yes,No,No,No,No,19.95,No,
62.85,53,No,,0,,One year,4632-XJMEX,Yes,No,Male,1,3419.5,49-60,53,Yes,No,No,0,Yes,Credit card (automatic),No,No,Yes,Yes,No,62.85,DSL,
61,54,No,,0,,One year,4636-OLWOE,Yes,Yes,Male,1,3283.05,49-60,54,Yes,No,No,0,Yes,Electronic check,No,Yes,No,Yes,No,61,DSL,
19.95,62,No,,0,,One year,4636-TVXVG,Yes,No,Male,1,1244.8,61+,62,No,No,No,0,Yes,Bank transfer (automatic),Yes,No,No,No,No,19.95,No,
19.5,55,No,,0,,One year,4644-OBGFZ,Yes,No,Male,1,1026.35,49-60,55,No,No,No,0,Yes,Mailed check,Yes,No,No,No,No,19.5,No,
70.35,17,No,,0,,One year,4644-PIZRT,Yes,Yes,Male,1,1201.65,13-24,17,No,Yes,No,0,Yes,Bank transfer (automatic),Yes,Yes,Yes,No,Yes,70.35,DSL,
97,64,No,,0,,One year,4654-DLAMQ,No,Yes,Female,1,6430.9,61+,64,No,No,Yes,1,Yes,Bank transfer (automatic),Yes,No,Yes,Yes,No,97,Fiber optic,
40.2,18,No,,0,,One year,4654-GGUII,No,No,Female,1,711.95,13-24,18,Yes,No,No,0,No,Mailed check,No,Yes,Yes,Yes,No phone service,40.2,DSL,
74.85,60,No,,0,,One year,4667-QONEA,Yes,Yes,Female,1,4456.35,49-60,60,Yes,No,Yes,1,Yes,Credit card (automatic),Yes,Yes,Yes,Yes,No,74.85,DSL,
101.9,50,No,,0,,One year,4676-MQUEA,No,Yes,Male,1,5265.5,49-60,50,No,Yes,No,1,Yes,Bank transfer (automatic),Yes,Yes,Yes,Yes,Yes,101.9,Fiber optic,
70.95,44,No,,0,,One year,4682-BLBUC,No,Yes,Male,1,3250.45,37-48,44,Yes,Yes,No,0,Yes,Electronic check,Yes,Yes,No,Yes,No,70.95,DSL,
86.9,57,No,,0,,One year,4685-ERGHK,No,No,Male,1,4939.25,49-60,57,No,Yes,No,0,Yes,Electronic check,No,Yes,No,No,Yes,86.9,Fiber optic,
19.8,18,No,,0,,One year,4685-TFLLS,Yes,No,Male,1,342.3,13-24,18,No,No,No,0,Yes,Bank transfer (automatic),Yes,No,No,No,No,19.8,No,
79.2,21,No,,0,,One year,4692-NNQRU,No,Yes,Female,1,1742.45,13-24,21,Yes,No,No,0,Yes,Electronic check,Yes,No,No,No,No,79.2,Fiber optic,
20.2,2,No,,0,,One year,4697-LUPSU,Yes,No,Male,1,34.75,0-12,2,No,No,No,0,Yes,Mailed check,Yes,No,No,No,No,20.2,No,
75.9,21,No,,0,,One year,4700-UBQMV,Yes,No,Male,1,1549.75,13-24,21,No,Yes,Yes,0,Yes,Bank transfer (automatic),Yes,Yes,Yes,No,Yes,75.9,DSL,
49.35,67,No,,0,,One year,4702-HDRKD,No,Yes,Male,1,3321.35,61+,67,Yes,Yes,No,0,No,Bank transfer (automatic),No,Yes,Yes,No,No phone service,49.35,DSL,
25.6,34,No,,0,,One year,4707-YNOQA,Yes,No,Female,1,917.15,25-36,34,No,No,No,0,Yes,Credit card (automatic),Yes,Yes,No,No,Yes,25.6,No,
20,29,No,,0,,One year,4709-LKHYG,Yes,No,Female,1,540.05,25-36,29,No,No,No,0,Yes,Electronic check,Yes,No,No,No,No,20,No,
20,29,No,,0,,One year,4716-MRVEN,No,No,Female,1,599.3,25-36,29,No,No,No,0,Yes,Mailed check,No,No,No,No,No,20,No,
60.7,36,No,,0,,One year,4730-AWNAU,Yes,Yes,Male,1,2234.55,25-36,36,Yes,Yes,Yes,0,No,Credit card (automatic),Yes,No,Yes,No,No phone service,60.7,DSL,
95.4,60,No,,0,,One year,4742-DRORA,Yes,Yes,Male,1,5812,49-60,60,No,Yes,No,0,Yes,Bank transfer (automatic),Yes,Yes,Yes,No,Yes,95.4,Fiber optic,
19.6,37,No,,0,,One year,4750-UKWJK,No,No,Female,1,727.8,37-48,37,No,No,No,1,Yes,Mailed check,Yes,No,No,No,No,19.6,No,
105.7,67,No,,0,,One year,4753-PADAS,No,Yes,Female,1,6816.95,61+,67,No,Yes,Yes,0,Yes,Bank transfer (automatic),Yes,Yes,No,Yes,Yes,105.7,Fiber optic,
80.1,59,No,,0,,One year,4759-PXTAN,No,No,Female,1,4693.2,49-60,59,Yes,Yes,Yes,0,Yes,Electronic check,Yes,Yes,No,Yes,Yes,80.1,DSL,
30.25,12,No,,0,,One year,4776-XSKYQ,Yes,No,Female,1,368.85,0-12,12,Yes,No,No,0,No,Credit card (automatic),Yes,No,No,No,No phone service,30.25,DSL,
19.8,26,No,,0,,One year,4795-UXVCJ,No,No,Male,1,457.3,25-36,26,No,No,No,0,Yes,Credit card (automatic),No,No,No,No,No,19.8,No,
62.15,35,No,,0,,One year,4808-YNLEU,No,No,Female,1,2215.45,25-36,35,No,Yes,No,0,Yes,Bank transfer (automatic),Yes,Yes,Yes,No,No,62.15,DSL,
19.3,10,No,,0,,One year,4815-TUMEQ,No,No,Female,1,185.2,0-12,10,No,No,No,0,Yes,Mailed check,No,Yes,No,No,No,19.3,No,
104.9,72,No,,0,,One year,4815-YOSUK,Yes,Yes,Male,1,7537.5,61+,72,Yes,No,Yes,0,Yes,Credit card (automatic),Yes,Yes,Yes,Yes,Yes,104.9,Fiber optic,
103.4,50,No,,0,,One year,4816-OKWNX,Yes,Yes,Male,1,5236.4,49-60,50,Yes,Yes,Yes,0,Yes,Bank transfer (automatic),Yes,Yes,No,Yes,No,103.4,Fiber optic,
43.7,61,No,,0,,One year,4825-XJGDM,No,Yes,Female,1,2696.55,61+,61,Yes,No,No,0,No,Credit card (automatic),No,No,Yes,Yes,No phone service,43.7,DSL,
72.1,35,No,,0,,One year,4826-DXMUP,Yes,No,Male,1,2495.15,25-36,35,Yes,Yes,Yes,0,Yes,Mailed check,No,Yes,No,No,No,72.1,DSL,
110.6,66,No,,0,,One year,4827-LTQRJ,Yes,No,Female,1,7210.85,61+,66,Yes,Yes,Yes,1,Yes,Credit card (automatic),Yes,Yes,Yes,Yes,Yes,110.6,Fiber optic,
103.15,65,No,,0,,One year,4832-VRBMR,No,Yes,Male,1,6792.45,61+,65,No,Yes,Yes,1,Yes,Bank transfer (automatic),Yes,Yes,No,Yes,Yes,103.15,Fiber optic,
100.15,65,No,,0,,One year,4837-QUSFT,No,No,Female,1,6643.5,61+,65,Yes,Yes,No,0,Yes,Bank transfer (automatic),Yes,Yes,Yes,Yes,Yes,100.15,Fiber optic,
85.05,40,No,,0,,One year,4851-BQDNX,Yes,Yes,Male,1,3355.65,37-48,40,No,Yes,No,0,Yes,Electronic check,Yes,Yes,No,No,No,85.05,Fiber optic,
116.25,66,No,,0,,One year,4868-AADLV,Yes,Yes,Male,1,7862.25,61+,66,Yes,Yes,Yes,1,Yes,Electronic check,Yes,Yes,Yes,Yes,Yes,116.25,Fiber optic,
80.9,56,No,,0,,One year,4869-EPIUS,No,No,Male,1,4557.5,49-60,56,No,No,Yes,0,Yes,Electronic check,Yes,Yes,No,No,No,80.9,Fiber optic,
64.65,56,No,,0,,One year,4872-VXRIL,No,No,Male,1,3665.55,49-60,56,Yes,No,No,0,Yes,Bank transfer (automatic),No,Yes,Yes,Yes,Yes,64.65,DSL,
75.75,55,No,,0,,One year,4877-TSOFF,Yes,No,Female,1,4264.25,49-60,55,Yes,No,Yes,0,Yes,Bank transfer (automatic),Yes,Yes,Yes,Yes,Yes,75.75,DSL,
71.5,63,No,,0,,One year,4890-VMUAV,No,Yes,Male,1,4576.3,61+,63,Yes,No,No,0,Yes,Electronic check,No,No,Yes,Yes,Yes,71.5,DSL,
19.35,50,No,,0,,One year,4893-GYUJU,No,No,Female,1,1033,49-60,50,No,No,No,0,Yes,Mailed check,No,Yes,No,No,No,19.35,No,
70.9,29,No,,0,,One year,4903-CNOZC,No,Yes,Male,1,1964.6,25-36,29,No,No,Yes,0,Yes,Credit card (automatic),No,No,No,Yes,Yes,70.9,DSL,
70.7,54,No,,0,,One year,4906-ZHGPK,Yes,No,Male,1,3770,49-60,54,Yes,Yes,No,0,Yes,Electronic check,Yes,Yes,No,Yes,Yes,70.7,DSL,
89.85,49,No,,0,,One year,4908-XAXAY,No,Yes,Female,1,4287.2,49-60,49,No,No,Yes,1,Yes,Bank transfer (automatic),No,Yes,No,Yes,No,89.85,Fiber optic,
20.65,17,No,,0,,One year,4933-IKULF,No,No,Female,1,330.6,13-24,17,No,No,No,1,Yes,Mailed check,No,No,No,No,No,20.65,No,
99.9,61,No,,0,,One year,4937-QPZPO,Yes,Yes,Male,1,6241.35,61+,61,No,Yes,Yes,0,Yes,Electronic check,Yes,Yes,No,No,Yes,99.9,Fiber optic,
66.15,64,No,,0,,One year,4942-VZZOM,No,No,Male,1,4392.5,61+,64,No,Yes,No,0,Yes,Credit card (automatic),Yes,Yes,Yes,No,Yes,66.15,DSL,
20,43,No,,0,,One year,4955-VCWBI,Yes,No,Female,1,817.95,37-48,43,No,No,No,0,Yes,Mailed check,Yes,No,No,No,No,20,No,
65.6,15,No,,0,,One year,4957-TIALW,Yes,Yes,Female,1,1010,13-24,15,Yes,No,No,0,Yes,Credit card (automatic),No,No,Yes,Yes,No,65.6,DSL,
19.85,29,No,,0,,One year,4962-CHQPW,Yes,No,Male,1,535.05,25-36,29,No,No,No,0,Yes,Mailed check,No,No,No,No,No,19.85,No,
74.65,30,No,,0,,One year,4973-RLZVI,No,Yes,Female,1,2308.6,25-36,30,Yes,Yes,No,0,Yes,Credit card (automatic),No,No,Yes,Yes,No,74.65,DSL,
20.85,36,No,,0,,One year,4980-URKXC,No,No,Male,1,720.05,25-36,36,No,No,No,0,Yes,Bank transfer (automatic),Yes,No,No,No,No,20.85,No,
29.45,66,No,,0,,One year,4999-IEZLT,No,No,Male,1,1983.15,61+,66,Yes,No,No,0,No,Credit card (automatic),No,No,No,No,No phone service,29.45,DSL,
20.35,15,No,,0,,One year,5003-OKNNK,Yes,No,Female,1,335.95,13-24,15,No,No,No,0,Yes,Credit card (automatic),Yes,No,No,No,No,20.35,No,
96.1,47,No,,0,,One year,5014-WUQMG,Yes,Yes,Male,1,4391.45,37-48,47,No,No,Yes,0,Yes,Electronic check,Yes,Yes,Yes,Yes,No,96.1,Fiber optic,
19.4,57,No,,0,,One year,5016-LIPDW,Yes,No,Male,1,1061.6,49-60,57,No,No,No,0,Yes,Mailed check,Yes,No,No,No,No,19.4,No,
110.05,51,No,,0,,One year,5027-YOCXN,Yes,No,Male,1,5686.4,49-60,51,Yes,Yes,Yes,0,Yes,Credit card (automatic),Yes,No,Yes,Yes,Yes,110.05,Fiber optic,
84.1,38,No,,0,,One year,5032-USPKF,No,Yes,Female,1,3187.65,37-48,38,No,Yes,Yes,0,Yes,Bank transfer (automatic),No,No,Yes,Yes,Yes,84.1,DSL,
106.8,56,No,,0,,One year,5035-PGZXH,No,Yes,Female,1,5914.4,49-60,56,No,Yes,Yes,0,Yes,Electronic check,No,Yes,No,Yes,Yes,106.8,Fiber optic,
20.2,13,No,,0,,One year,5039-LZRQT,No,No,Female,1,273.25,13-24,13,No,No,No,0,Yes,Mailed check,No,No,No,No,No,20.2,No,
75,26,No,,0,,One year,5049-MUBWG,No,No,Male,1,1908.35,25-36,26,Yes,Yes,Yes,0,Yes,Bank transfer (automatic),No,No,Yes,No,No,75,DSL,
106,43,No,,0,,One year,5056-FIMPT,Yes,No,Female,1,4532.3,37-48,43,Yes,Yes,Yes,0,Yes,Credit card (automatic),No,Yes,Yes,Yes,No,106,Fiber optic,
53.65,25,No,,0,,One year,5062-CJJKH,Yes,Yes,Male,1,1355.45,25-36,25,No,No,No,0,Yes,Mailed check,Yes,No,No,Yes,No,53.65,DSL,
108.45,66,No,,0,,One year,5067-XJQFU,Yes,Yes,Male,1,7076.35,61+,66,Yes,Yes,Yes,1,Yes,Electronic check,Yes,Yes,No,Yes,Yes,108.45,Fiber optic,
80.05,50,No,,0,,One year,5073-RZGBK,Yes,Yes,Female,1,4042.2,49-60,50,Yes,No,Yes,0,Yes,Bank transfer (automatic),Yes,Yes,Yes,Yes,Yes,80.05,DSL,
104.65,64,No,,0,,One year,5074-FBGHB,No,Yes,Male,1,6889.8,61+,64,Yes,Yes,Yes,0,Yes,Credit card (automatic),No,Yes,No,No,Yes,104.65,Fiber optic,
64.9,10,No,,0,,One year,5081-NWSUP,No,No,Female,1,685.55,0-12,10,Yes,No,Yes,0,Yes,Mailed check,No,No,No,Yes,No,64.9,DSL,
75.7,50,No,,0,,One year,5120-ZBLAI,No,Yes,Female,1,3876.2,49-60,50,No,Yes,Yes,0,Yes,Bank transfer (automatic),Yes,No,No,No,Yes,75.7,DSL,
40.6,63,No,,0,,One year,5125-CNDSP,Yes,No,Male,1,2588.95,61+,63,Yes,No,No,0,No,Bank transfer (automatic),No,Yes,Yes,Yes,No phone service,40.6,DSL,
65.2,56,No,,0,,One year,5127-BZENZ,Yes,No,Female,1,3512.15,49-60,56,No,Yes,No,0,Yes,Bank transfer (automatic),Yes,No,Yes,No,Yes,65.2,DSL,
109.15,59,No,,0,,One year,5140-FOMCQ,No,Yes,Female,1,6557.75,49-60,59,No,Yes,Yes,0,Yes,Credit card (automatic),Yes,Yes,Yes,Yes,Yes,109.15,Fiber optic,
92.9,28,No,,0,,One year,5149-CUZUJ,Yes,Yes,Male,1,2768.35,25-36,28,Yes,Yes,No,0,Yes,Bank transfer (automatic),Yes,No,No,Yes,No,92.9,Fiber optic,
95.15,71,No,,0,,One year,5149-QYTTU,Yes,Yes,Female,1,6770.85,61+,71,Yes,No,No,0,Yes,Credit card (automatic),Yes,Yes,Yes,Yes,Yes,95.15,Fiber optic,
104.55,21,No,,0,,One year,5149-TGWDZ,No,Yes,Female,1,2239.4,13-24,21,Yes,Yes,Yes,0,Yes,Mailed check,No,Yes,No,Yes,No,104.55,Fiber optic,
98.05,31,No,,0,,One year,5150-LJNSR,Yes,Yes,Male,1,3082.1,25-36,31,No,Yes,No,0,Yes,Bank transfer (automatic),Yes,No,Yes,No,Yes,98.05,Fiber optic,
44.6,17,No,,0,,One year,5160-UXJED,Yes,No,Male,1,681.4,13-24,17,No,No,No,0,Yes,Mailed check,No,No,No,No,No,44.6,DSL,
108.5,72,No,,0,,One year,5168-MQQCA,No,Yes,Female,1,8003.8,61+,72,Yes,Yes,Yes,0,Yes,Bank transfer (automatic),Yes,Yes,No,Yes,Yes,108.5,Fiber optic,
35.8,49,No,,0,,One year,5170-PTRKA,Yes,No,Female,1,1782,49-60,49,Yes,No,No,0,No,Credit card (automatic),Yes,Yes,Yes,No,No phone service,35.8,DSL,
19.95,2,No,,0,,One year,5173-ZXXXL,No,No,Male,1,47.7,0-12,2,No,No,No,0,Yes,Mailed check,No,No,No,No,No,19.95,No,
105.4,67,No,,0,,One year,5174-ITUMV,Yes,Yes,Male,1,6989.45,61+,67,No,Yes,Yes,0,Yes,Electronic check,Yes,Yes,No,Yes,Yes,105.4,Fiber optic,
75.15,48,No,,0,,One year,5176-LDKUH,No,No,Female,1,3772.65,37-48,48,No,No,No,0,Yes,Electronic check,No,No,No,Yes,No,75.15,Fiber optic,
20.3,37,No,,0,,One year,5177-RVZNU,Yes,No,Female,1,755.4,37-48,37,No,No,No,0,Yes,Bank transfer (automatic),No,No,No,No,No,20.3,No,
96.75,53,No,,0,,One year,5195-KPUNQ,No,No,Female,1,5206.55,49-60,53,Yes,No,Yes,1,Yes,Mailed check,No,Yes,Yes,Yes,No,96.75,Fiber optic,
60.05,67,No,,0,,One year,5196-WPYOW,Yes,No,Male,1,3994.05,61+,67,Yes,No,No,0,Yes,Mailed check,Yes,No,Yes,Yes,No,60.05,DSL,
94.45,42,No,,0,,One year,5197-PYEPU,Yes,No,Female,1,3923.8,37-48,42,No,Yes,No,0,Yes,Credit card (automatic),Yes,Yes,Yes,Yes,Yes,94.45,Fiber optic,
90.65,57,No,,0,,One year,5198-EFNBM,No,Yes,Male,1,5199.8,49-60,57,No,Yes,No,1,Yes,Electronic check,Yes,Yes,No,Yes,No,90.65,Fiber optic,
89.7,35,No,,0,,One year,5198-HQAEN,Yes,No,Male,1,3165.6,25-36,35,Yes,Yes,No,0,Yes,Electronic check,Yes,Yes,No,Yes,No,89.7,Fiber optic,
34.05,33,No,,0,,One year,5199-FPUSP,Yes,No,Male,1,1113.95,25-36,33,Yes,No,No,0,No,Credit card (automatic),No,No,Yes,No,No phone service,34.05,DSL,
24.8,62,No,,0,,One year,5201-CBWYG,Yes,No,Male,1,1476.25,61+,62,No,No,No,0,Yes,Bank transfer (automatic),Yes,No,No,No,Yes,24.8,No,
64.35,34,No,,0,,One year,5203-XEHAX,No,No,Female,1,2053.05,25-36,34,No,No,Yes,0,Yes,Electronic check,No,No,Yes,Yes,No,64.35,DSL,
87.2,49,No,,0,,One year,5204-HMGYF,Yes,Yes,Female,1,4345,49-60,49,Yes,Yes,Yes,0,Yes,Mailed check,Yes,Yes,Yes,Yes,No,87.2,DSL,
20.3,27,No,,0,,One year,5214-CHIWJ,No,No,Male,1,595.05,25-36,27,No,No,No,0,Yes,Mailed check,No,No,No,No,No,20.3,No,
100.3,64,No,,0,,One year,5223-UZAVK,No,No,Male,1,6603.8,61+,64,No,Yes,Yes,0,Yes,Credit card (automatic),No,Yes,Yes,Yes,No,100.3,Fiber optic,
35.45,52,No,,0,,One year,5245-VDBUR,No,Yes,Female,1,1958.95,49-60,52,No,No,No,0,No,Mailed check,Yes,No,Yes,No,No phone service,35.45,DSL,
20.85,52,No,,0,,One year,5266-PFRQK,Yes,No,Male,1,1071.6,49-60,52,No,No,No,0,Yes,Credit card (automatic),Yes,Yes,No,No,No,20.85,No,
97.95,62,No,,0,,One year,5268-DSMNQ,No,Yes,Female,1,5936.55,61+,62,No,Yes,No,1,Yes,Credit card (automatic),Yes,Yes,No,Yes,Yes,97.95,Fiber optic,
73.15,42,No,,0,,One year,5269-NRGDP,Yes,Yes,Male,1,3088.25,37-48,42,Yes,Yes,Yes,0,Yes,Electronic check,Yes,No,No,No,No,73.15,DSL,
105.6,56,No,,0,,One year,5285-MVEHD,No,Yes,Female,1,6068.65,49-60,56,No,Yes,Yes,0,Yes,Credit card (automatic),Yes,Yes,Yes,Yes,No,105.6,Fiber optic,
97.75,53,No,,0,,One year,5294-IMHHT,No,No,Male,1,5043.2,49-60,53,Yes,No,Yes,0,Yes,Bank transfer (automatic),Yes,No,No,Yes,Yes,97.75,Fiber optic,
81.15,63,No,,0,,One year,5297-MDOIR,No,Yes,Female,1,5224.5,61+,63,No,No,No,0,Yes,Credit card (automatic),Yes,Yes,Yes,No,No,81.15,Fiber optic,
101.4,60,No,,0,,One year,5298-GSTLM,No,No,Female,1,6176.6,49-60,60,No,Yes,Yes,1,Yes,Bank transfer (automatic),No,Yes,Yes,No,Yes,101.4,Fiber optic,
55.8,48,No,,0,,One year,5306-BVTKJ,Yes,Yes,Male,1,2651.2,37-48,48,No,No,No,0,Yes,Credit card (automatic),Yes,Yes,No,Yes,No,55.8,DSL,
92.85,64,No,,0,,One year,5312-IRCFR,Yes,Yes,Female,1,5980.75,61+,64,No,No,Yes,0,Yes,Electronic check,Yes,Yes,No,Yes,Yes,92.85,Fiber optic,
19.65,15,No,,0,,One year,5312-TSZVC,Yes,No,Female,1,270.6,13-24,15,No,No,No,0,Yes,Mailed check,No,No,No,No,No,19.65,No,
24.6,51,No,,0,,One year,5313-FPXWG,No,No,Male,1,1266.4,49-60,51,No,No,No,0,Yes,Bank transfer (automatic),No,Yes,No,No,Yes,24.6,No,
51,28,No,,0,,One year,5315-CKEQK,Yes,No,Male,1,1381.8,25-36,28,No,No,No,1,Yes,Electronic check,Yes,Yes,No,No,Yes,51,DSL,
20.85,71,No,,0,,One year,5324-KTGCG,No,No,Male,1,1539.75,61+,71,No,No,No,0,Yes,Electronic check,Yes,No,No,No,No,20.85,No,
107.45,65,No,,0,,One year,5336-UFNZP,Yes,Yes,Female,1,7047.5,61+,65,No,Yes,Yes,1,Yes,Electronic check,Yes,Yes,No,Yes,Yes,107.45,Fiber optic,
80.2,52,No,,0,,One year,5343-SGUBI,No,No,Female,1,4297.6,49-60,52,No,No,No,0,Yes,Mailed check,No,Yes,No,Yes,Yes,80.2,Fiber optic,
104.5,37,No,,0,,One year,5370-IIVVL,No,No,Male,1,3778,37-48,37,Yes,Yes,Yes,0,Yes,Credit card (automatic),No,Yes,No,Yes,Yes,104.5,Fiber optic,
104.45,72,No,,0,,One year,5376-PCKNB,Yes,Yes,Male,1,7459,61+,72,No,Yes,Yes,0,Yes,Credit card (automatic),Yes,Yes,No,Yes,Yes,104.45,Fiber optic,
20.05,38,No,,0,,One year,5380-XPJNZ,No,No,Female,1,678.2,37-48,38,No,No,No,0,Yes,Mailed check,No,No,No,No,No,20.05,No,
45.55,66,No,,0,,One year,5386-THSLQ,No,Yes,Female,1,3027.25,61+,66,No,Yes,No,1,No,Bank transfer (automatic),Yes,No,No,Yes,No phone service,45.55,DSL,
63.85,66,No,,0,,One year,5387-ASZNZ,No,No,Female,1,4174.35,61+,66,Yes,No,No,1,Yes,Credit card (automatic),No,Yes,Yes,Yes,Yes,63.85,DSL,
70.95,65,No,,0,,One year,5397-TUPSH,No,No,Male,1,4555.2,61+,65,No,No,No,1,Yes,Bank transfer (automatic),Yes,Yes,No,No,No,70.95,Fiber optic,
105.2,69,No,,0,,One year,5440-VHLUL,No,No,Male,1,7386.05,61+,69,Yes,Yes,Yes,0,Yes,Bank transfer (automatic),No,Yes,No,Yes,Yes,105.2,Fiber optic,
94.3,58,No,,0,,One year,5443-SCMKX,No,Yes,Female,1,5610.15,49-60,58,No,No,Yes,0,Yes,Electronic check,Yes,Yes,No,Yes,Yes,94.3,Fiber optic,
65.2,61,No,,0,,One year,5446-DKWYW,Yes,Yes,Female,1,3965.05,61+,61,No,Yes,No,1,Yes,Electronic check,Yes,Yes,No,No,Yes,65.2,DSL,
100.3,53,No,,0,,One year,5447-WZAFP,No,Yes,Female,1,5200.8,49-60,53,No,Yes,Yes,0,Yes,Mailed check,No,Yes,No,Yes,No,100.3,Fiber optic,
24.45,56,No,,0,,One year,5451-MHQOF,Yes,No,Male,1,1431.65,49-60,56,No,No,No,0,Yes,Mailed check,Yes,Yes,No,No,Yes,24.45,No,
95.7,52,No,,0,,One year,5473-KHBPS,Yes,Yes,Female,1,4976.15,49-60,52,No,Yes,No,0,Yes,Credit card (automatic),Yes,Yes,No,Yes,Yes,95.7,Fiber optic,
20.1,24,No,,0,,One year,5474-LAMUQ,No,No,Male,1,533.9,13-24,24,No,No,No,0,Yes,Mailed check,Yes,No,No,No,No,20.1,No,
107.05,67,No,,0,,One year,5481-NTDOH,No,Yes,Female,1,7142.5,61+,67,No,Yes,Yes,1,Yes,Credit card (automatic),Yes,Yes,Yes,No,Yes,107.05,Fiber optic,
49.4,66,No,,0,,One year,5498-IBWPI,Yes,No,Female,1,3251.85,61+,66,Yes,No,No,0,Yes,Credit card (automatic),Yes,Yes,No,No,No,49.4,DSL,
66.05,47,No,,0,,One year,5499-ECUTN,No,Yes,Female,1,3021.45,37-48,47,No,Yes,No,0,Yes,Credit card (automatic),Yes,Yes,Yes,No,No,66.05,DSL,
90.25,70,No,,0,,One year,5504-WSIUR,No,Yes,Female,1,6385.95,61+,70,Yes,No,No,0,Yes,Bank transfer (automatic),No,Yes,No,Yes,Yes,90.25,Fiber optic,
20.15,17,No,,0,,One year,5505-OVWQW,No,No,Female,1,353.65,13-24,17,No,No,No,0,Yes,Mailed check,No,No,No,No,No,20.15,No,
24.9,46,No,,0,,One year,5512-IDZEI,Yes,No,Male,1,1174.8,37-48,46,No,No,No,0,Yes,Electronic check,Yes,No,No,No,Yes,24.9,No,
20.15,33,No,,0,,One year,5519-TEEUH,Yes,No,Male,1,682.15,25-36,33,No,No,No,0,Yes,Mailed check,No,Yes,No,No,No,20.15,No,
74.75,33,No,,0,,One year,5524-KHNJP,Yes,Yes,Male,1,2453.3,25-36,33,No,Yes,Yes,0,Yes,Credit card (automatic),Yes,No,Yes,No,No,74.75,DSL,
19.95,13,No,,0,,One year,5546-QUERU,No,No,Male,1,257,13-24,13,No,No,No,0,Yes,Mailed check,No,Yes,No,No,No,19.95,No,
104.9,66,No,,0,,One year,5553-AOINX,Yes,Yes,Female,1,6891.45,61+,66,No,Yes,Yes,1,Yes,Electronic check,Yes,Yes,No,Yes,Yes,104.9,Fiber optic,
19.65,1,No,,0,,One year,5562-BETPV,Yes,No,Male,1,19.65,0-12,1,No,No,No,0,Yes,Mailed check,Yes,No,No,No,No,19.65,No,
80.65,27,No,,0,,One year,5566-SOEZD,Yes,No,Male,1,2209.75,25-36,27,No,No,No,0,Yes,Credit card (automatic),Yes,Yes,Yes,Yes,No,80.65,Fiber optic,
105.7,71,No,,0,,One year,5569-IDSEY,No,Yes,Male,1,7472.15,61+,71,No,Yes,Yes,0,Yes,Bank transfer (automatic),Yes,Yes,No,Yes,Yes,105.7,Fiber optic,
56.95,34,No,,0,,One year,5575-GNVDE,No,Yes,Male,1,1889.5,25-36,34,No,No,No,0,Yes,Mailed check,No,No,Yes,No,No,56.95,DSL,
99.25,58,No,,0,,One year,5578-NKCXI,Yes,No,Female,1,5846.65,49-60,58,No,Yes,Yes,0,Yes,Credit card (automatic),Yes,No,Yes,Yes,No,99.25,Fiber optic,
83.15,24,No,,0,,One year,5593-SUAOO,Yes,Yes,Female,1,2033.05,13-24,24,No,No,No,0,Yes,Bank transfer (automatic),Yes,No,No,Yes,Yes,83.15,Fiber optic,
19.3,12,No,,0,,One year,5602-BVFMK,No,No,Female,1,228.75,0-12,12,No,No,No,0,Yes,Mailed check,No,No,No,No,No,19.3,No,
19.95,4,No,,0,,One year,5619-XZZKR,No,No,Male,1,68.2,0-12,4,No,No,No,0,Yes,Mailed check,No,No,No,No,No,19.95,No,
20.1,35,No,,0,,One year,5627-TVBPP,Yes,No,Female,1,644.5,25-36,35,No,No,No,0,Yes,Credit card (automatic),No,Yes,No,No,No,20.1,No,
40.35,30,No,,0,,One year,5640-CAXOA,No,No,Female,1,1187.05,25-36,30,Yes,No,Yes,0,No,Credit card (automatic),No,Yes,No,No,No phone service,40.35,DSL,
19.85,53,No,,0,,One year,5642-MHDQT,Yes,No,Female,1,1039.45,49-60,53,No,No,No,0,Yes,Bank transfer (automatic),Yes,Yes,No,No,No,19.85,No,
86.2,41,No,,0,,One year,5651-CRHKQ,No,Yes,Female,1,3339.05,37-48,41,Yes,No,No,0,Yes,Bank transfer (automatic),Yes,Yes,No,Yes,No,86.2,Fiber optic,
100.65,50,No,,0,,One year,5671-UUNXD,No,No,Female,1,5189.75,49-60,50,Yes,Yes,Yes,1,Yes,Electronic check,Yes,Yes,No,No,Yes,100.65,Fiber optic,
104.1,71,No,,0,,One year,5678-VFNEQ,No,Yes,Female,1,7412.25,61+,71,No,Yes,Yes,0,Yes,Credit card (automatic),Yes,Yes,Yes,No,Yes,104.1,Fiber optic,
91.25,43,No,,0,,One year,5681-LLOEI,Yes,Yes,Male,1,4013.8,37-48,43,Yes,No,No,0,Yes,Credit card (automatic),Yes,Yes,Yes,No,Yes,91.25,Fiber optic,
86.75,17,No,,0,,One year,5686-CMAWK,No,Yes,Male,1,1410.25,13-24,17,Yes,No,No,0,Yes,Electronic check,No,No,No,No,Yes,86.75,Fiber optic,
35.4,26,No,,0,,One year,5701-GUXDC,No,Yes,Female,1,978.6,25-36,26,No,No,No,0,No,Credit card (automatic),Yes,No,Yes,No,No phone service,35.4,DSL,
104.15,13,No,,0,,One year,5716-LIBJC,Yes,Yes,Female,1,1299.1,13-24,13,No,Yes,Yes,0,Yes,Credit card (automatic),No,Yes,No,Yes,Yes,104.15,Fiber optic,
55.35,49,No,,0,,One year,5724-BIDBU,No,No,Male,1,2633.95,49-60,49,No,No,No,0,Yes,Electronic check,Yes,Yes,Yes,No,Yes,55.35,DSL,
104.45,52,No,,0,,One year,5732-IKGQH,No,Yes,Male,1,5481.25,49-60,52,Yes,Yes,Yes,1,Yes,Bank transfer (automatic),Yes,Yes,Yes,No,No,104.45,Fiber optic,
118.6,61,No,,0,,One year,5734-EJKXG,No,Yes,Female,1,7365.7,61+,61,Yes,Yes,Yes,0,Yes,Electronic check,No,Yes,Yes,Yes,Yes,118.6,Fiber optic,
59.9,28,No,,0,,One year,5753-QQWPW,No,No,Female,1,1654.7,25-36,28,Yes,No,No,0,Yes,Electronic check,No,Yes,Yes,Yes,No,59.9,DSL,
64.9,11,No,,0,,One year,5756-JYOJT,No,Yes,Female,1,697.25,0-12,11,Yes,No,Yes,0,Yes,Credit card (automatic),No,No,No,No,No,64.9,DSL,
64.05,61,No,,0,,One year,5756-OZRIO,No,No,Male,1,3902.6,61+,61,No,No,Yes,1,Yes,Bank transfer (automatic),Yes,No,No,Yes,Yes,64.05,DSL,
20.35,50,No,,0,,One year,5774-QPLTF,Yes,No,Male,1,938.95,49-60,50,No,No,No,0,Yes,Mailed check,Yes,Yes,No,No,No,20.35,No,
50.25,40,No,,0,,One year,5777-KJIRB,No,Yes,Female,1,2023.55,37-48,40,No,No,No,0,Yes,Mailed check,No,Yes,No,No,No,50.25,DSL,
20.15,12,No,,0,,One year,5777-ZPQNC,No,No,Female,1,260.7,0-12,12,No,No,No,0,Yes,Electronic check,No,No,No,No,No,20.15,No,
24.6,24,No,,0,,One year,5789-LDFXO,No,No,Male,1,592.65,13-24,24,No,No,No,0,Yes,Electronic check,No,No,No,No,Yes,24.6,No,
68.75,56,No,,0,,One year,5791-KAJFD,Yes,Yes,Female,1,3808,49-60,56,No,No,Yes,0,Yes,Bank transfer (automatic),Yes,Yes,Yes,No,Yes,68.75,DSL,
59.1,69,No,,0,,One year,5795-BKOYE,Yes,Yes,Female,1,4134.7,61+,69,Yes,No,No,0,Yes,Bank transfer (automatic),Yes,No,No,Yes,No,59.1,DSL,
104.4,50,No,,0,,One year,5802-ADBRC,No,Yes,Female,1,5232.9,49-60,50,No,Yes,Yes,0,Yes,Mailed check,Yes,Yes,Yes,No,Yes,104.4,Fiber optic,
20.55,3,No,,0,,One year,5808-TOTXO,Yes,No,Female,1,57.4,0-12,3,No,No,No,0,Yes,Credit card (automatic),No,Yes,No,No,No,20.55,No,
101.25,52,No,,0,,One year,5811-IWXYM,Yes,Yes,Female,1,5301.1,49-60,52,No,Yes,Yes,0,Yes,Bank transfer (automatic),Yes,No,No,No,Yes,101.25,Fiber optic,
64.15,20,No,,0,,One year,5815-HGGHV,No,No,Male,1,1274.45,13-24,20,Yes,No,Yes,0,Yes,Mailed check,Yes,Yes,Yes,No,No,64.15,DSL,
68.45,56,No,,0,,One year,5820-PTRYM,No,Yes,Female,1,4014,49-60,56,Yes,No,No,1,Yes,Credit card (automatic),Yes,Yes,Yes,Yes,Yes,68.45,DSL,
64.4,48,No,,0,,One year,5825-XJOCM,Yes,Yes,Male,1,3035.35,37-48,48,No,No,No,0,Yes,Bank transfer (automatic),No,Yes,Yes,Yes,Yes,64.4,DSL,
68.75,23,No,,0,,One year,5829-NVSQN,No,Yes,Female,1,1689.45,13-24,23,Yes,No,Yes,0,Yes,Bank transfer (automatic),Yes,Yes,Yes,No,No,68.75,DSL,
75.35,29,No,,0,,One year,5832-TRLPB,No,Yes,Male,1,2243.9,25-36,29,Yes,Yes,Yes,0,Yes,Bank transfer (automatic),No,Yes,No,No,No,75.35,DSL,
58.85,21,No,,0,,One year,5837-LXSDN,Yes,No,Female,1,1215.45,13-24,21,No,Yes,No,0,Yes,Credit card (automatic),Yes,Yes,No,Yes,No,58.85,DSL,
58.45,33,No,,0,,One year,5844-QVTAT,Yes,Yes,Female,1,1955.4,25-36,33,No,No,No,0,Yes,Mailed check,Yes,Yes,Yes,Yes,No,58.45,DSL,
20.3,22,No,,0,,One year,5847-MXBEO,No,No,Male,1,475.1,13-24,22,No,No,No,0,Yes,Mailed check,No,No,No,No,No,20.3,No,
20.05,27,No,,0,,One year,5849-ASHZJ,Yes,No,Male,1,552.9,25-36,27,No,No,No,0,Yes,Credit card (automatic),No,No,No,No,No,20.05,No,
20.5,2,No,,0,,One year,5857-XRECV,Yes,No,Female,1,38.25,0-12,2,No,No,No,0,Yes,Bank transfer (automatic),No,No,No,No,No,20.5,No,
19.8,32,No,,0,,One year,5871-DGTXZ,No,No,Male,1,607.7,25-36,32,No,No,No,0,Yes,Mailed check,No,No,No,No,No,19.8,No,
44.45,60,No,,0,,One year,5872-OEQNH,No,Yes,Female,1,2773.9,49-60,60,No,No,Yes,0,No,Electronic check,No,Yes,Yes,No,No phone service,44.45,DSL,
20.05,23,No,,0,,One year,5876-QMYLD,Yes,No,Female,1,415.1,13-24,23,No,No,No,0,Yes,Mailed check,Yes,No,No,No,No,20.05,No,
105.6,67,No,,0,,One year,5897-ZYEKH,No,No,Female,1,7112.15,61+,67,No,Yes,Yes,1,Yes,Electronic check,Yes,Yes,Yes,Yes,Yes,105.6,Fiber optic,
75,55,No,,0,,One year,5906-DVAPM,Yes,No,Female,1,4213.9,49-60,55,Yes,Yes,No,0,Yes,Credit card (automatic),Yes,Yes,Yes,Yes,Yes,75,DSL,
90.15,34,No,,0,,One year,5913-INRQV,No,No,Male,1,3128.8,25-36,34,Yes,Yes,No,1,Yes,Mailed check,Yes,No,Yes,No,No,90.15,Fiber optic,
19.3,32,No,,0,,One year,5914-GXMDA,No,No,Female,1,593.2,25-36,32,No,No,No,0,Yes,Mailed check,Yes,No,No,No,No,19.3,No,
71.8,49,No,,0,,One year,5915-DGNVC,No,Yes,Female,1,3472.05,49-60,49,No,No,Yes,0,Yes,Electronic check,Yes,No,Yes,Yes,Yes,71.8,DSL,
19.8,32,No,,0,,One year,5917-RYRMG,No,No,Male,1,587.7,25-36,32,No,No,No,1,Yes,Credit card (automatic),No,No,No,No,No,19.8,No,
20.55,32,No,,0,,One year,5918-VUKWP,No,No,Female,1,654.55,25-36,32,No,No,No,0,Yes,Bank transfer (automatic),No,No,No,No,No,20.55,No,
20.25,41,No,,0,,One year,5924-SNGKP,Yes,No,Female,1,865,37-48,41,No,No,No,0,Yes,Credit card (automatic),No,Yes,No,No,No,20.25,No,
54.9,53,No,,0,,One year,5944-UGLLK,No,Yes,Male,1,3045.75,49-60,53,Yes,Yes,Yes,0,No,Credit card (automatic),No,No,No,No,No phone service,54.9,DSL,
109.6,71,No,,0,,One year,5945-AZYHT,No,Yes,Male,1,7854.15,61+,71,No,Yes,Yes,0,Yes,Electronic check,Yes,Yes,Yes,Yes,Yes,109.6,Fiber optic,
19.35,12,No,,0,,One year,5961-VUSRV,No,No,Female,1,219.35,0-12,12,No,No,No,0,Yes,Bank transfer (automatic),No,Yes,No,No,No,19.35,No,
108.5,64,No,,0,,One year,5966-EMAZU,No,Yes,Male,1,6880.85,61+,64,Yes,Yes,Yes,0,Yes,Mailed check,Yes,Yes,Yes,No,Yes,108.5,Fiber optic,
89.7,72,No,,0,,One year,5968-XQIVE,Yes,No,Male,1,6588.95,61+,72,No,Yes,No,0,Yes,Electronic check,Yes,Yes,No,Yes,Yes,89.7,Fiber optic,
63.7,36,No,,0,,One year,5975-BAICR,Yes,Yes,Male,1,2188.5,25-36,36,No,No,Yes,0,Yes,Credit card (automatic),Yes,Yes,Yes,No,No,63.7,DSL,
108.35,35,No,,0,,One year,5981-ZVXOT,No,Yes,Female,1,3726.15,25-36,35,No,Yes,Yes,1,Yes,Electronic check,No,Yes,Yes,Yes,Yes,108.35,Fiber optic,
105,72,No,,0,,One year,5985-BEHZK,No,Yes,Female,1,7578.05,61+,72,No,Yes,Yes,1,Yes,Credit card (automatic),Yes,No,No,Yes,Yes,105,Fiber optic,
74.75,32,No,,0,,One year,5985-TBABQ,No,No,Female,1,2282.95,25-36,32,No,Yes,Yes,0,Yes,Mailed check,No,No,Yes,No,Yes,74.75,DSL,
19.35,39,No,,0,,One year,5986-WWXDV,Yes,No,Male,1,779.2,37-48,39,No,No,No,0,Yes,Bank transfer (automatic),No,No,No,No,No,19.35,No,
57.6,24,No,,0,,One year,5989-OMNJE,Yes,Yes,Female,1,1367.75,13-24,24,No,Yes,Yes,0,No,Electronic check,Yes,No,Yes,Yes,No phone service,57.6,DSL,
20.05,12,No,,0,,One year,5993-BQHEA,No,No,Male,1,267,0-12,12,No,No,No,0,Yes,Credit card (automatic),No,No,No,No,No,20.05,No,
19.8,37,No,,0,,One year,5995-WWKKG,No,No,Female,1,695.05,37-48,37,No,No,No,0,Yes,Electronic check,No,Yes,No,No,No,19.8,No,
98.15,40,No,,0,,One year,5996-NRVXR,No,Yes,Male,1,4116.8,37-48,40,Yes,Yes,No,1,Yes,Credit card (automatic),Yes,Yes,Yes,Yes,No,98.15,Fiber optic,
55.45,54,No,,0,,One year,6008-NAIXK,No,Yes,Male,1,2966.95,49-60,54,No,Yes,Yes,1,No,Electronic check,No,Yes,No,Yes,No phone service,55.45,DSL,
19.15,35,No,,0,,One year,6016-NXBNJ,No,No,Male,1,638,25-36,35,No,No,No,0,Yes,Mailed check,No,Yes,No,No,No,19.15,No,
59.8,39,No,,0,,One year,6047-SUHPR,Yes,Yes,Male,1,2343.85,37-48,39,No,No,No,0,Yes,Electronic check,Yes,No,Yes,Yes,No,59.8,DSL,
106.5,70,No,,0,,One year,6050-IJRHS,Yes,Yes,Female,1,7397,61+,70,No,Yes,Yes,0,Yes,Electronic check,Yes,Yes,No,Yes,Yes,106.5,Fiber optic,
19.15,55,No,,0,,One year,6051-PTVNS,Yes,No,Female,1,998.1,49-60,55,No,No,No,0,Yes,Credit card (automatic),Yes,No,No,No,No,19.15,No,
70.2,41,No,,0,,One year,6061-GWWAV,Yes,Yes,Male,1,2894.55,37-48,41,No,Yes,No,0,Yes,Mailed check,No,No,Yes,Yes,No,70.2,DSL,
19.9,25,No,,0,,One year,6061-PQHMK,No,No,Female,1,527.5,25-36,25,No,No,No,0,Yes,Credit card (automatic),No,No,No,No,No,19.9,No,
57.2,23,No,,0,,One year,6064-PUPMC,Yes,No,Male,1,1423.35,13-24,23,Yes,No,No,0,Yes,Credit card (automatic),Yes,No,Yes,No,No,57.2,DSL,
20.25,22,No,,0,,One year,6072-NUQCB,Yes,No,Male,1,488.25,13-24,22,No,No,No,0,Yes,Bank transfer (automatic),Yes,No,No,No,No,20.25,No,
19.65,23,No,,0,,One year,6082-OQFBA,Yes,No,Male,1,436.9,13-24,23,No,No,No,0,Yes,Mailed check,Yes,No,No,No,No,19.65,No,
54.45,68,No,,0,,One year,6094-ZIVKX,No,Yes,Female,1,3674.95,61+,68,No,No,No,0,Yes,Credit card (automatic),No,Yes,Yes,No,No,54.45,DSL,
24.9,64,No,,0,,One year,6096-EGVTU,Yes,No,Female,1,1595.5,61+,64,No,No,No,0,Yes,Mailed check,Yes,No,No,No,Yes,24.9,No,
20.05,26,No,,0,,One year,6100-FJZDG,Yes,No,Male,1,505.9,25-36,26,No,No,No,0,Yes,Bank transfer (automatic),Yes,Yes,No,No,No,20.05,No,
39.5,29,No,,0,,One year,6114-TCFID,No,No,Female,1,1082.75,25-36,29,Yes,No,No,0,No,Credit card (automatic),No,No,Yes,Yes,No phone service,39.5,DSL,
83,63,No,,0,,One year,6121-TNHBO,No,Yes,Female,1,5243.05,61+,63,Yes,Yes,No,1,Yes,Bank transfer (automatic),No,No,Yes,Yes,Yes,83,DSL,
58.25,68,No,,0,,One year,6152-ONASV,No,No,Female,1,3975.7,61+,68,Yes,No,No,0,Yes,Bank transfer (automatic),Yes,No,Yes,No,Yes,58.25,DSL,
87.15,26,No,,0,,One year,6156-UZDLF,No,Yes,Female,1,2274.1,25-36,26,Yes,No,No,0,Yes,Credit card (automatic),No,Yes,Yes,No,No,87.15,Fiber optic,
85.45,71,No,,0,,One year,6161-ERDGD,Yes,Yes,Male,1,6300.85,61+,71,Yes,Yes,Yes,0,Yes,Electronic check,Yes,No,Yes,No,Yes,85.45,DSL,
30.75,46,No,,0,,One year,6174-NRBTZ,No,No,Male,1,1489.3,37-48,46,No,No,No,0,No,Bank transfer (automatic),No,Yes,Yes,No,No phone service,30.75,DSL,
20.25,38,No,,0,,One year,6188-UXBBR,No,No,Female,1,814.75,37-48,38,No,No,No,0,Yes,Credit card (automatic),Yes,Yes,No,No,No,20.25,No,
81.15,51,No,,0,,One year,6194-HBGQN,No,Yes,Male,1,4126.2,49-60,51,Yes,Yes,No,0,Yes,Credit card (automatic),No,Yes,Yes,Yes,Yes,81.15,DSL,
54.65,57,No,,0,,One year,6195-MELTI,No,No,Male,1,3134.7,49-60,57,Yes,No,No,0,Yes,Mailed check,No,Yes,No,Yes,No,54.65,DSL,
109.8,56,No,,0,,One year,6198-PNNSZ,No,Yes,Female,1,6109.65,49-60,56,No,Yes,Yes,0,Yes,Bank transfer (automatic),Yes,No,Yes,Yes,Yes,109.8,Fiber optic,
100.25,46,No,,0,,One year,6199-IWKGC,No,No,Female,1,4753.85,37-48,46,Yes,Yes,Yes,1,Yes,Electronic check,Yes,No,No,No,Yes,100.25,Fiber optic,
76,22,No,,0,,One year,6202-DYYFX,No,No,Female,1,1783.6,13-24,22,No,No,No,0,Yes,Credit card (automatic),No,Yes,No,No,Yes,76,Fiber optic,
19.9,9,No,,0,,One year,6202-JVYEU,No,No,Male,1,164.6,0-12,9,No,No,No,0,Yes,Electronic check,No,Yes,No,No,No,19.9,No,
20.65,42,No,,0,,One year,6223-DHJGV,No,No,Female,1,958.1,37-48,42,No,No,No,0,Yes,Mailed check,No,Yes,No,No,No,20.65,No,
99.5,69,No,,0,,One year,6227-FBDXH,No,Yes,Male,1,6841.45,61+,69,No,Yes,Yes,0,Yes,Bank transfer (automatic),Yes,No,No,No,Yes,99.5,Fiber optic,
52,56,No,,0,,One year,6229-UOLQL,Yes,No,Male,1,2884.9,49-60,56,Yes,Yes,No,0,No,Mailed check,Yes,Yes,Yes,Yes,No phone service,52,DSL,
94.95,62,No,,0,,One year,6242-SGYTS,Yes,No,Male,1,5791.85,61+,62,No,Yes,No,0,Yes,Credit card (automatic),Yes,Yes,Yes,Yes,Yes,94.95,Fiber optic,
20.4,61,No,,0,,One year,6248-BSHKG,Yes,No,Male,1,1226.45,61+,61,No,No,No,0,Yes,Mailed check,Yes,No,No,No,No,20.4,No,
84.4,54,No,,0,,One year,6250-CGGUN,No,Yes,Male,1,4484.05,49-60,54,Yes,No,No,0,Yes,Electronic check,No,No,Yes,No,No,84.4,Fiber optic,
68.1,37,No,,0,,One year,6252-DFGTK,No,Yes,Female,1,2479.25,37-48,37,Yes,No,No,0,Yes,Credit card (automatic),Yes,No,Yes,No,Yes,68.1,DSL,
64.75,13,No,,0,,One year,6253-WRFHY,Yes,No,Male,1,877.35,13-24,13,No,Yes,Yes,0,Yes,Electronic check,Yes,Yes,No,No,No,64.75,DSL,
19.7,4,No,,0,,One year,6260-XLACS,No,No,Male,1,117.8,0-12,4,No,No,No,0,Yes,Mailed check,No,No,No,No,No,19.7,No,
95.75,69,No,,0,,One year,6265-SXWBU,Yes,Yes,Male,1,6511.25,61+,69,No,Yes,No,0,Yes,Credit card (automatic),Yes,No,No,Yes,Yes,95.75,Fiber optic,
89.85,65,No,,0,,One year,6266-QHOJZ,No,No,Female,1,5844.65,61+,65,Yes,No,No,0,Yes,Electronic check,No,Yes,Yes,Yes,Yes,89.85,Fiber optic,
49.05,44,No,,0,,One year,6281-FKEWS,No,Yes,Female,1,2265,37-48,44,No,Yes,Yes,0,No,Electronic check,No,Yes,No,No,No phone service,49.05,DSL,
98,56,No,,0,,One year,6284-KMNUF,No,No,Female,1,5270.6,49-60,56,No,Yes,Yes,0,Yes,Electronic check,Yes,Yes,Yes,No,Yes,98,Fiber optic,
58.2,19,No,,0,,One year,6296-DDOOR,No,No,Female,1,1045.25,13-24,19,No,Yes,No,0,Yes,Electronic check,No,No,No,Yes,No,58.2,DSL,
55.25,29,No,,0,,One year,6303-KFWSL,No,No,Female,1,1620.2,25-36,29,No,No,No,0,Yes,Electronic check,No,Yes,No,Yes,Yes,55.25,DSL,
69.35,67,No,,0,,One year,6332-FBZRI,Yes,Yes,Male,1,4653.25,61+,67,Yes,No,No,0,Yes,Credit card (automatic),Yes,Yes,Yes,Yes,Yes,69.35,DSL,
110,65,No,,0,,One year,6333-YDVLT,No,Yes,Male,1,7138.65,61+,65,Yes,Yes,Yes,0,Yes,Credit card (automatic),No,Yes,Yes,No,Yes,110,Fiber optic,
104.3,62,No,,0,,One year,6341-AEVKX,No,Yes,Female,1,6613.65,61+,62,Yes,Yes,Yes,0,Yes,Electronic check,Yes,Yes,Yes,No,No,104.3,Fiber optic,
81.15,31,No,,0,,One year,6341-JVQGF,Yes,Yes,Female,1,2545.75,25-36,31,Yes,Yes,Yes,0,Yes,Mailed check,Yes,Yes,Yes,No,No,81.15,DSL,
88.8,67,No,,0,,One year,6352-GIGGQ,No,Yes,Male,1,5903.15,61+,67,Yes,Yes,Yes,0,Yes,Bank transfer (automatic),No,Yes,Yes,Yes,Yes,88.8,DSL,
108.3,42,No,,0,,One year,6362-QHAFM,No,Yes,Male,1,4586.15,37-48,42,Yes,Yes,Yes,0,Yes,Electronic check,Yes,Yes,No,No,Yes,108.3,Fiber optic,
99.1,39,No,,0,,One year,6383-ZTSIW,No,No,Female,1,3877.95,37-48,39,No,Yes,Yes,1,Yes,Mailed check,Yes,No,Yes,Yes,No,99.1,Fiber optic,
56.15,62,No,,0,,One year,6388-TABGU,Yes,No,Male,1,3487.95,61+,62,No,No,No,0,Yes,Bank transfer (automatic),No,No,Yes,Yes,No,56.15,DSL,
61.05,25,No,,0,,One year,6402-SSEJG,No,Yes,Female,1,1540.2,25-36,25,No,Yes,Yes,0,No,Electronic check,No,No,Yes,Yes,No phone service,61.05,DSL,
104.55,66,No,,0,,One year,6408-OTUBZ,No,Yes,Female,1,6779.05,61+,66,Yes,Yes,No,0,Yes,Bank transfer (automatic),No,Yes,Yes,Yes,Yes,104.55,Fiber optic,
55.65,46,No,,0,,One year,6416-JNVRK,No,No,Female,1,2688.85,37-48,46,No,No,Yes,0,Yes,Credit card (automatic),No,No,No,No,No,55.65,DSL,
20.75,23,No,,0,,One year,6419-ZTTLE,No,No,Male,1,485.2,13-24,23,No,No,No,1,Yes,Electronic check,Yes,Yes,No,No,No,20.75,No,
82.85,28,No,,0,,One year,6421-SZVEM,Yes,No,Female,1,2320.8,25-36,28,No,No,Yes,0,Yes,Bank transfer (automatic),Yes,Yes,Yes,No,No,82.85,Fiber optic,
64.5,30,No,,0,,One year,6440-DKQGE,Yes,Yes,Male,1,1929.95,25-36,30,No,Yes,No,0,Yes,Credit card (automatic),No,No,No,Yes,No,64.5,DSL,
20.95,31,No,,0,,One year,6447-EGDIV,No,No,Female,1,683.25,25-36,31,No,No,No,0,Yes,Mailed check,No,No,No,No,No,20.95,No,
54.95,35,No,,0,,One year,6461-PPAXN,Yes,No,Female,1,1916,25-36,35,Yes,No,No,0,Yes,Bank transfer (automatic),Yes,Yes,Yes,No,No,54.95,DSL,
106.6,67,No,,0,,One year,6465-GSRCL,Yes,No,Female,1,7244.7,61+,67,Yes,Yes,Yes,0,Yes,Bank transfer (automatic),No,Yes,No,Yes,Yes,106.6,Fiber optic,
20.2,1,No,,0,,One year,6469-MRVET,Yes,No,Male,1,20.2,0-12,1,No,No,No,0,Yes,Electronic check,Yes,Yes,No,No,No,20.2,No,
70.5,32,No,,0,,One year,6478-HRRCZ,No,No,Male,1,2201.75,25-36,32,Yes,No,Yes,0,Yes,Mailed check,Yes,No,Yes,Yes,No,70.5,DSL,
19.9,25,No,,0,,One year,6479-OAUSD,No,No,Male,1,510.8,25-36,25,No,No,No,0,Yes,Credit card (automatic),No,No,No,No,No,19.9,No,
112.2,45,No,,0,,One year,6480-YAGIY,No,Yes,Male,1,5031.85,37-48,45,Yes,Yes,Yes,0,Yes,Credit card (automatic),No,No,Yes,Yes,No,112.2,Fiber optic,
36.1,56,No,,0,,One year,6481-LXPWL,Yes,Yes,Male,1,1971.5,49-60,56,No,No,No,0,No,Credit card (automatic),Yes,Yes,No,Yes,No phone service,36.1,DSL,
90.7,31,No,,0,,One year,6486-LHTMA,No,Yes,Female,1,2835.5,25-36,31,No,Yes,No,1,Yes,Electronic check,Yes,Yes,No,No,Yes,90.7,Fiber optic,
101.35,68,No,,0,,One year,6500-JVEGC,No,Yes,Male,1,7110.75,61+,68,No,Yes,No,0,Yes,Bank transfer (automatic),No,No,Yes,Yes,Yes,101.35,Fiber optic,
18.8,15,No,,0,,One year,6508-NJYRO,No,No,Male,1,294.95,13-24,15,No,No,No,0,Yes,Mailed check,Yes,No,No,No,No,18.8,No,
24.8,23,No,,0,,One year,6510-UPNKS,No,No,Female,1,615.35,13-24,23,No,No,No,0,Yes,Credit card (automatic),No,No,No,No,Yes,24.8,No,
20.8,24,No,,0,,One year,6527-PZFPV,Yes,No,Male,1,469.65,13-24,24,No,No,No,0,Yes,Credit card (automatic),Yes,Yes,No,No,No,20.8,No,
50.75,15,No,,0,,One year,6537-OTKMY,No,Yes,Male,1,688.2,13-24,15,No,Yes,Yes,0,No,Electronic check,No,No,No,No,No phone service,50.75,DSL,
57.75,23,No,,0,,One year,6543-JXSOO,Yes,No,Female,1,1282.85,13-24,23,Yes,No,No,0,Yes,Mailed check,Yes,Yes,Yes,Yes,No,57.75,DSL,
23.95,51,No,,0,,One year,6546-OPBBH,Yes,No,Male,1,1216.35,49-60,51,No,No,No,0,Yes,Mailed check,Yes,Yes,No,No,Yes,23.95,No,
24.9,33,No,,0,,One year,6551-ZCOTS,No,No,Male,1,847.8,25-36,33,No,No,No,1,Yes,Bank transfer (automatic),No,Yes,No,No,Yes,24.9,No,
97.95,49,No,,0,,One year,6559-RAKOZ,Yes,No,Male,1,4917.9,49-60,49,Yes,Yes,Yes,0,Yes,Electronic check,Yes,Yes,No,No,Yes,97.95,Fiber optic,
20.6,33,No,,0,,One year,6563-VRERX,Yes,No,Male,1,690.25,25-36,33,No,No,No,0,Yes,Mailed check,Yes,No,No,No,No,20.6,No,
79.15,33,No,,0,,One year,6574-MCOEH,Yes,Yes,Female,1,2531.4,25-36,33,Yes,Yes,Yes,0,Yes,Electronic check,Yes,Yes,No,No,Yes,79.15,DSL,
54.6,17,No,,0,,One year,6576-FBXOJ,No,Yes,Male,1,934.8,13-24,17,Yes,Yes,Yes,0,No,Electronic check,Yes,No,No,No,No phone service,54.6,DSL,
56.2,27,No,,0,,One year,6584-VQMYT,Yes,No,Male,1,1567.55,25-36,27,No,No,No,0,Yes,Mailed check,No,No,Yes,Yes,No,56.2,DSL,
55.2,15,No,,0,,One year,6586-PSJOX,Yes,Yes,Male,1,864.55,13-24,15,Yes,No,No,0,Yes,Credit card (automatic),No,No,No,No,No,55.2,DSL,
43.05,50,No,,0,,One year,6598-KELSS,Yes,No,Male,1,2208.05,49-60,50,No,Yes,No,0,No,Bank transfer (automatic),No,Yes,Yes,Yes,No phone service,43.05,DSL,
74.65,13,No,,0,,One year,6599-GZWCM,No,No,Female,1,966.25,13-24,13,No,No,No,0,Yes,Mailed check,No,Yes,No,Yes,No,74.65,Fiber optic,
81.85,23,No,,0,,One year,6617-WLBQC,Yes,No,Female,1,1810.85,13-24,23,No,No,No,0,Yes,Credit card (automatic),Yes,No,Yes,No,Yes,81.85,Fiber optic,
110.45,30,No,,0,,One year,6647-ZEDXT,No,Yes,Female,1,3327.05,25-36,30,Yes,Yes,Yes,0,Yes,Credit card (automatic),No,No,No,Yes,Yes,110.45,Fiber optic,
114.35,50,No,,0,,One year,6655-LHBYW,No,Yes,Male,1,5791.1,49-60,50,Yes,Yes,Yes,0,Yes,Credit card (automatic),No,No,Yes,Yes,Yes,114.35,Fiber optic,
75.25,31,No,,0,,One year,6663-JOCQO,Yes,No,Male,1,2344.5,25-36,31,Yes,No,Yes,0,Yes,Bank transfer (automatic),Yes,Yes,Yes,Yes,Yes,75.25,DSL,
89.35,19,No,,0,,One year,6668-CNMFP,Yes,No,Female,1,1686.85,13-24,19,Yes,No,Yes,0,Yes,Bank transfer (automatic),Yes,Yes,No,No,Yes,89.35,Fiber optic,
25.2,11,No,,0,,One year,6674-KVJHG,No,No,Female,1,245.15,0-12,11,No,No,No,0,Yes,Electronic check,No,No,No,No,Yes,25.2,No,
51.25,43,No,,0,,One year,6682-VCIXC,Yes,No,Female,1,2151.6,37-48,43,Yes,Yes,No,0,No,Bank transfer (automatic),Yes,Yes,Yes,Yes,No phone service,51.25,DSL,
70.8,63,No,,0,,One year,6685-GBWJZ,No,No,Male,1,4448.8,61+,63,Yes,Yes,No,0,Yes,Credit card (automatic),Yes,No,Yes,Yes,No,70.8,DSL,
109.8,44,No,,0,,One year,6689-VRRTK,No,Yes,Female,1,4860.35,37-48,44,No,Yes,Yes,1,Yes,Credit card (automatic),No,Yes,Yes,Yes,Yes,109.8,Fiber optic,
55.6,35,No,,0,,One year,6693-DJWTY,Yes,No,Female,1,2016.45,25-36,35,No,No,No,0,Yes,Credit card (automatic),No,No,Yes,Yes,No,55.6,DSL,
64.85,43,No,,0,,One year,6718-BDGHG,No,No,Female,1,2908.2,37-48,43,Yes,Yes,No,0,Yes,Bank transfer (automatic),Yes,Yes,No,No,Yes,64.85,DSL,
108.1,66,No,,0,,One year,6723-WSNTY,No,Yes,Female,1,7181.95,61+,66,Yes,Yes,Yes,1,Yes,Credit card (automatic),Yes,Yes,No,Yes,Yes,108.1,Fiber optic,
85.9,27,No,,0,,One year,6726-WEXXK,No,Yes,Male,1,2220.1,25-36,27,No,No,No,1,Yes,Electronic check,Yes,Yes,Yes,No,Yes,85.9,Fiber optic,
56.15,15,No,,0,,One year,6728-CZFEI,No,No,Female,1,931.9,13-24,15,No,Yes,No,0,Yes,Mailed check,No,No,No,No,No,56.15,DSL,
104.15,72,No,,0,,One year,6728-DKUCO,Yes,No,Female,1,7303.05,61+,72,No,Yes,Yes,0,Yes,Electronic check,Yes,Yes,Yes,Yes,Yes,104.15,Fiber optic,
96,63,No,,0,,One year,6728-VOIFY,No,No,Female,1,6109.75,61+,63,No,Yes,Yes,0,Yes,Electronic check,Yes,Yes,No,Yes,No,96,Fiber optic,
19.45,67,No,,0,,One year,6729-FZWSY,No,No,Male,1,1195.95,61+,67,No,No,No,0,Yes,Mailed check,No,Yes,No,No,No,19.45,No,
94.9,47,No,,0,,One year,6732-FZUGP,No,Yes,Female,1,4615.25,37-48,47,No,Yes,No,0,Yes,Credit card (automatic),No,No,Yes,No,Yes,94.9,Fiber optic,
84.8,67,No,,0,,One year,6736-DHUQI,Yes,Yes,Female,1,5598.3,61+,67,No,No,No,0,Yes,Bank transfer (automatic),Yes,No,Yes,Yes,No,84.8,Fiber optic,
54,44,No,,0,,One year,6738-ISCBM,No,Yes,Male,1,2440.25,37-48,44,No,Yes,Yes,0,No,Electronic check,No,Yes,Yes,No,No phone service,54,DSL,
19.7,19,No,,0,,One year,6746-WAUWT,No,No,Male,1,386.5,13-24,19,No,No,No,0,Yes,Credit card (automatic),No,Yes,No,No,No,19.7,No,
25.35,30,No,,0,,One year,6754-WKSHP,Yes,No,Male,1,723.3,25-36,30,No,No,No,0,Yes,Bank transfer (automatic),No,No,No,No,Yes,25.35,No,
26,26,No,,0,,One year,6765-MBQNU,No,No,Female,1,684.05,25-36,26,No,No,No,0,Yes,Mailed check,Yes,No,No,No,Yes,26,No,
20.4,40,No,,0,,One year,6772-WFQRD,Yes,No,Male,1,854.9,37-48,40,No,No,No,0,Yes,Bank transfer (automatic),No,Yes,No,No,No,20.4,No,
74.8,24,No,,0,,One year,6778-EICRF,Yes,No,Male,1,1821.2,13-24,24,No,Yes,Yes,0,Yes,Mailed check,Yes,No,Yes,No,Yes,74.8,DSL,
50.6,24,No,,0,,One year,6778-JFCMK,No,No,Male,1,1288.75,13-24,24,No,Yes,Yes,0,No,Mailed check,No,Yes,Yes,No,No phone service,50.6,DSL,
55.8,36,No,,0,,One year,6784-XYJAE,No,Yes,Female,1,1941.5,25-36,36,No,No,No,0,Yes,Electronic check,No,No,No,No,Yes,55.8,DSL,
104.6,66,No,,0,,One year,6797-UCJHZ,No,Yes,Female,1,6819.45,61+,66,No,Yes,Yes,1,Yes,Credit card (automatic),Yes,No,No,Yes,Yes,104.6,Fiber optic,
104.85,38,No,,0,,One year,6807-SIWJI,No,No,Male,1,3887.25,37-48,38,No,Yes,Yes,0,Yes,Electronic check,No,Yes,Yes,Yes,Yes,104.85,Fiber optic,
39.65,47,No,,0,,One year,6810-VCAEX,No,No,Female,1,1798.65,37-48,47,Yes,No,No,0,No,Credit card (automatic),No,No,Yes,Yes,No phone service,39.65,DSL,
25,51,No,,0,,One year,6814-ZPWFQ,No,No,Male,1,1260.7,49-60,51,No,No,No,1,Yes,Bank transfer (automatic),No,No,No,No,Yes,25,No,
107.25,56,No,,0,,One year,6815-ABQFQ,No,No,Male,1,6033.3,49-60,56,Yes,Yes,Yes,0,Yes,Electronic check,Yes,Yes,No,Yes,Yes,107.25,Fiber optic,
97.05,48,No,,0,,One year,6821-JPCDC,No,Yes,Female,1,4692.95,37-48,48,No,Yes,Yes,0,Yes,Electronic check,Yes,Yes,No,Yes,No,97.05,Fiber optic,
18.25,28,No,,0,,One year,6823-SIDFQ,No,No,Male,1,534.7,25-36,28,No,No,No,0,Yes,Credit card (automatic),No,No,No,No,No,18.25,No,
66.15,27,No,,0,,One year,6827-IEAUQ,Yes,Yes,Female,1,1874.45,25-36,27,Yes,No,No,0,Yes,Mailed check,Yes,No,Yes,Yes,No,66.15,DSL,
19.6,3,No,,0,,One year,6837-BJYDQ,No,No,Male,1,61.35,0-12,3,No,No,No,0,Yes,Mailed check,No,No,No,No,No,19.6,No,
84.8,24,No,,0,,One year,6840-RESVB,Yes,Yes,Male,1,1990.5,13-24,24,Yes,Yes,Yes,0,Yes,Mailed check,Yes,Yes,Yes,No,Yes,84.8,DSL,
75.2,58,No,,0,,One year,6848-YLDFR,Yes,No,Male,1,4300.8,49-60,58,Yes,Yes,Yes,0,Yes,Credit card (automatic),Yes,Yes,No,Yes,No,75.2,DSL,
79.6,68,No,,0,,One year,6869-FGJJC,No,Yes,Male,1,5461.45,61+,68,No,No,No,0,Yes,Credit card (automatic),No,No,No,Yes,No,79.6,Fiber optic,
20.45,2,No,,0,,One year,6870-ECSHE,No,No,Female,1,34.8,0-12,2,No,No,No,0,Yes,Mailed check,No,No,No,No,No,20.45,No,
58.35,64,No,,0,,One year,6872-HXFNF,No,Yes,Female,1,3756.45,61+,64,Yes,No,No,0,Yes,Bank transfer (automatic),Yes,No,No,No,Yes,58.35,DSL,
97,30,No,,0,,One year,6874-SGLHU,No,No,Male,1,3021.3,25-36,30,No,Yes,Yes,0,Yes,Bank transfer (automatic),No,Yes,No,Yes,No,97,Fiber optic,
90.1,50,No,,0,,One year,6893-ODYYE,No,Yes,Male,1,4549.45,49-60,50,Yes,No,No,0,Yes,Credit card (automatic),No,Yes,Yes,Yes,No,90.1,Fiber optic,
89.6,40,No,,0,,One year,6906-MPARY,No,No,Male,1,3488.15,37-48,40,Yes,No,Yes,0,Yes,Credit card (automatic),No,Yes,No,Yes,No,89.6,Fiber optic,
21.2,56,No,,0,,One year,6922-NCEDI,Yes,No,Male,1,1238.65,49-60,56,No,No,No,0,Yes,Mailed check,No,Yes,No,No,No,21.2,No,
20.55,11,No,,0,,One year,6924-TDGMT,No,No,Male,1,184.95,0-12,11,No,No,No,0,Yes,Mailed check,Yes,Yes,No,No,No,20.55,No,
56.05,26,No,,0,,One year,6933-FHBZC,No,Yes,Female,1,1553.2,25-36,26,No,No,No,0,Yes,Mailed check,No,Yes,No,Yes,No,56.05,DSL,
59.95,31,No,,0,,One year,6933-VLYFX,Yes,Yes,Male,1,1848.8,25-36,31,Yes,Yes,Yes,0,No,Electronic check,Yes,No,Yes,No,No phone service,59.95,DSL,
48.95,19,No,,0,,One year,6937-GCDGQ,Yes,No,Male,1,955.6,13-24,19,No,No,No,0,Yes,Bank transfer (automatic),Yes,Yes,Yes,No,No,48.95,DSL,
58.95,48,No,,0,,One year,6941-KXRRV,No,No,Female,1,2789.7,37-48,48,No,No,Yes,1,Yes,Bank transfer (automatic),Yes,Yes,No,Yes,No,58.95,DSL,
40.2,37,No,,0,,One year,6967-PEJLL,Yes,Yes,Male,1,1525.35,37-48,37,Yes,No,No,0,No,Electronic check,Yes,Yes,Yes,No,No phone service,40.2,DSL,
101.9,15,No,,0,,One year,6967-QIQRV,Yes,No,Male,1,1667.25,13-24,15,Yes,Yes,Yes,0,Yes,Electronic check,Yes,No,Yes,No,No,101.9,Fiber optic,
45,58,No,,0,,One year,6968-MHOMU,No,No,Male,1,2689.35,49-60,58,No,Yes,Yes,0,No,Credit card (automatic),Yes,Yes,No,No,No phone service,45,DSL,
56.35,43,No,,0,,One year,6968-URWQU,No,No,Male,1,2391.15,37-48,43,No,Yes,No,0,Yes,Mailed check,Yes,Yes,No,No,No,56.35,DSL,
19.7,55,No,,0,,One year,6974-DAFLI,No,No,Female,1,1140.05,49-60,55,No,No,No,0,Yes,Electronic check,Yes,No,No,No,No,19.7,No,
20.85,67,No,,0,,One year,6980-CDGFC,No,No,Female,1,1327.4,61+,67,No,No,No,0,Yes,Bank transfer (automatic),Yes,Yes,No,No,No,20.85,No,
54.3,44,No,,0,,One year,6981-TDRFT,Yes,Yes,Male,1,2317.1,37-48,44,Yes,Yes,Yes,0,No,Electronic check,Yes,Yes,No,No,No phone service,54.3,DSL,
69,38,No,,0,,One year,6992-TKNYO,No,Yes,Male,1,2669.45,37-48,38,Yes,No,Yes,0,Yes,Credit card (automatic),Yes,No,No,No,Yes,69,DSL,
106.15,70,No,,0,,One year,6994-FGRHH,Yes,Yes,Male,1,7475.1,61+,70,Yes,Yes,Yes,0,Yes,Electronic check,Yes,Yes,No,Yes,No,106.15,Fiber optic,
54.25,14,No,,0,,One year,6994-ORCWG,No,No,Female,1,773.2,13-24,14,No,No,No,0,Yes,Mailed check,No,Yes,No,Yes,Yes,54.25,DSL,
19.1,55,No,,0,,One year,7009-PCARS,Yes,No,Male,1,1001.5,49-60,55,No,No,No,0,Yes,Bank transfer (automatic),No,No,No,No,No,19.1,No,
80.75,40,No,,0,,One year,7013-PSXHK,No,Yes,Female,1,3208.65,37-48,40,Yes,Yes,Yes,0,Yes,Mailed check,No,Yes,No,No,Yes,80.75,DSL,
90.1,29,No,,0,,One year,7016-NVRIC,No,Yes,Male,1,2656.7,25-36,29,No,No,Yes,1,Yes,Bank transfer (automatic),Yes,No,Yes,No,No,90.1,Fiber optic,
89.55,41,No,,0,,One year,7025-IWFHT,No,No,Male,1,3729.75,37-48,41,Yes,Yes,No,0,Yes,Electronic check,No,Yes,No,Yes,No,89.55,Fiber optic,
19.7,30,No,,0,,One year,7026-YMSBE,No,No,Male,1,625.05,25-36,30,No,No,No,0,Yes,Mailed check,No,No,No,No,No,19.7,No,
44.1,54,No,,0,,One year,7029-IJEJK,No,No,Female,1,2369.7,49-60,54,Yes,No,Yes,0,No,Bank transfer (automatic),No,No,Yes,No,No phone service,44.1,DSL,
64.65,37,No,,0,,One year,7032-LMBHI,No,No,Female,1,2347.85,37-48,37,No,Yes,No,0,Yes,Bank transfer (automatic),No,No,Yes,No,Yes,64.65,DSL,
103.15,46,No,,0,,One year,7047-FWEYA,No,No,Female,1,4594.65,37-48,46,Yes,Yes,Yes,0,Yes,Electronic check,Yes,Yes,No,Yes,Yes,103.15,Fiber optic,
79.85,17,No,,0,,One year,7049-GKVZY,No,No,Female,1,1387.35,13-24,17,Yes,Yes,Yes,0,Yes,Credit card (automatic),No,No,Yes,Yes,No,79.85,DSL,
19.55,30,No,,0,,One year,7061-OVMIM,Yes,No,Female,1,608.5,25-36,30,No,No,No,0,Yes,Bank transfer (automatic),Yes,No,No,No,No,19.55,No,
99,48,No,,0,,One year,7064-FRRSW,No,No,Male,1,4744.35,37-48,48,No,Yes,Yes,1,Yes,Electronic check,No,Yes,No,Yes,Yes,99,Fiber optic,
20.35,66,No,,0,,One year,7073-QETQY,Yes,No,Male,1,1359.5,61+,66,No,No,No,0,Yes,Electronic check,Yes,Yes,No,No,No,20.35,No,
95,70,No,,0,,One year,7080-TNUWP,No,Yes,Male,1,6602.9,61+,70,No,Yes,No,0,Yes,Bank transfer (automatic),Yes,Yes,No,Yes,Yes,95,Fiber optic,
24.4,8,No,,0,,One year,7089-RKVSZ,Yes,No,Male,1,203.95,0-12,8,No,No,No,0,Yes,Mailed check,Yes,No,No,No,Yes,24.4,No,
38.1,25,No,,0,,One year,7089-XXAYG,No,Yes,Male,1,970.4,25-36,25,No,Yes,No,0,No,Credit card (automatic),Yes,Yes,No,No,No phone service,38.1,DSL,
71.9,43,No,,0,,One year,7100-FQPRV,Yes,No,Male,1,3173.35,37-48,43,Yes,No,Yes,0,Yes,Credit card (automatic),Yes,Yes,Yes,No,Yes,71.9,DSL,
48.6,9,No,,0,,One year,7102-JJVTX,Yes,No,Female,1,422.3,0-12,9,No,No,No,0,Yes,Mailed check,Yes,No,Yes,No,No,48.6,DSL,
99.4,50,No,,0,,One year,7103-IPXPJ,No,No,Male,1,5059.75,49-60,50,Yes,Yes,Yes,0,Yes,Electronic check,Yes,No,No,No,Yes,99.4,Fiber optic,
73.7,69,No,,0,,One year,7103-ZGVNT,Yes,No,Female,1,4885.85,61+,69,Yes,Yes,No,0,Yes,Credit card (automatic),Yes,No,Yes,Yes,Yes,73.7,DSL,
64.85,15,No,,0,,One year,7105-BENQF,Yes,Yes,Male,1,950.75,13-24,15,No,No,Yes,0,Yes,Mailed check,No,No,Yes,No,No,64.85,DSL,
60.7,26,No,,0,,One year,7105-MXJLL,No,Yes,Female,1,1597.4,25-36,26,No,No,Yes,1,Yes,Mailed check,Yes,No,No,No,No,60.7,DSL,
71.7,21,No,,0,,One year,7108-DGVUU,No,Yes,Female,1,1497.05,13-24,21,No,No,Yes,1,Yes,Bank transfer (automatic),Yes,No,No,Yes,Yes,71.7,DSL,
95,38,No,,0,,One year,7123-WQUHX,No,Yes,Male,1,3605.6,37-48,38,Yes,Yes,No,0,Yes,Bank transfer (automatic),No,No,No,No,Yes,95,Fiber optic,
78.95,34,No,,0,,One year,7129-AZJDE,Yes,No,Male,1,2647.2,25-36,34,No,No,Yes,0,Yes,Bank transfer (automatic),Yes,Yes,No,No,No,78.95,Fiber optic,
102.85,66,No,,0,,One year,7134-MJPDY,No,Yes,Female,1,6976.75,61+,66,Yes,Yes,Yes,1,Yes,Credit card (automatic),No,Yes,No,No,Yes,102.85,Fiber optic,
20.15,23,No,,0,,One year,7137-NAXML,No,No,Male,1,405.6,13-24,23,No,No,No,0,Yes,Bank transfer (automatic),No,No,No,No,No,20.15,No,
59.3,57,No,,0,,One year,7153-CHRBV,Yes,Yes,Female,1,3274.35,49-60,57,Yes,No,No,0,Yes,Mailed check,Yes,Yes,Yes,No,No,59.3,DSL,
85.1,43,No,,0,,One year,7156-MXBJE,No,Yes,Female,1,3662.25,37-48,43,Yes,Yes,Yes,0,Yes,Credit card (automatic),No,No,No,Yes,Yes,85.1,DSL,
78.65,22,No,,0,,One year,7163-OCEQI,Yes,Yes,Male,1,1663.75,13-24,22,Yes,Yes,Yes,0,Yes,Mailed check,Yes,Yes,No,No,Yes,78.65,DSL,
65.25,22,No,,0,,One year,7184-LRUUR,No,Yes,Female,1,1441.8,13-24,22,No,Yes,No,0,Yes,Bank transfer (automatic),No,No,No,Yes,No,65.25,DSL,
95.5,65,No,,0,,One year,7188-CBBBA,No,Yes,Female,1,6153.85,61+,65,No,Yes,No,0,Yes,Electronic check,No,Yes,No,Yes,Yes,95.5,Fiber optic,
19.3,38,No,,0,,One year,7190-XHTWJ,No,No,Female,1,755.5,37-48,38,No,No,No,0,Yes,Mailed check,No,No,No,No,No,19.3,No,
104.95,72,No,,0,,One year,7203-OYKCT,No,Yes,Male,1,7544.3,61+,72,No,Yes,Yes,0,Yes,Electronic check,No,Yes,No,Yes,Yes,104.95,Fiber optic,
19.5,41,No,,0,,One year,7216-KAOID,Yes,No,Male,1,798.2,37-48,41,No,No,No,0,Yes,Bank transfer (automatic),Yes,No,No,No,No,19.5,No,
59.1,14,No,,0,,One year,7228-PAQPD,No,No,Female,1,772.85,13-24,14,Yes,No,Yes,0,Yes,Credit card (automatic),No,No,No,No,No,59.1,DSL,
20.45,24,No,,0,,One year,7244-KXYZN,No,No,Female,1,527.35,13-24,24,No,No,No,0,Yes,Credit card (automatic),No,No,No,No,No,20.45,No,
44.45,50,No,,0,,One year,7244-QWYHG,No,No,Male,1,2188.45,49-60,50,Yes,Yes,No,0,No,Bank transfer (automatic),Yes,Yes,Yes,No,No phone service,44.45,DSL,
111.5,51,No,,0,,One year,7245-JMTTQ,No,Yes,Female,1,5703.25,49-60,51,Yes,Yes,Yes,0,Yes,Electronic check,No,Yes,No,Yes,Yes,111.5,Fiber optic,
77.4,53,No,,0,,One year,7247-XOZPB,No,Yes,Male,1,4155.95,49-60,53,Yes,Yes,No,0,Yes,Bank transfer (automatic),Yes,No,Yes,No,Yes,77.4,DSL,
103.75,40,No,,0,,One year,7251-LJBQN,No,Yes,Female,1,4188.4,37-48,40,Yes,Yes,Yes,1,Yes,Credit card (automatic),No,Yes,No,No,Yes,103.75,Fiber optic,
45.05,55,No,,0,,One year,7269-JISCY,No,No,Female,1,2462.6,49-60,55,No,No,No,0,Yes,Bank transfer (automatic),No,No,No,No,No,45.05,DSL,
100.2,28,No,,0,,One year,7272-QDCKA,No,No,Male,1,2688.45,25-36,28,No,Yes,Yes,0,Yes,Electronic check,No,No,No,Yes,Yes,100.2,Fiber optic,
19.9,17,No,,0,,One year,7279-NMVJC,No,No,Female,1,323.15,13-24,17,No,No,No,0,Yes,Bank transfer (automatic),No,No,No,No,No,19.9,No,
78.85,12,No,,0,,One year,7285-KLOTR,No,Yes,Female,1,876.75,0-12,12,No,Yes,Yes,0,Yes,Electronic check,Yes,No,Yes,No,Yes,78.85,DSL,
19.85,51,No,,0,,One year,7297-DVYGA,No,No,Female,1,996.95,49-60,51,No,No,No,0,Yes,Bank transfer (automatic),No,Yes,No,No,No,19.85,No,
20.7,30,No,,0,,One year,7305-ZWMAJ,No,No,Male,1,587.1,25-36,30,No,No,No,0,Yes,Credit card (automatic),Yes,No,No,No,No,20.7,No,
19.55,5,No,,0,,One year,7311-MQJCH,No,No,Female,1,99.6,0-12,5,No,No,No,0,Yes,Electronic check,No,No,No,No,No,19.55,No,
19.6,25,No,,0,,One year,7319-ZNRTR,Yes,No,Male,1,411.15,25-36,25,No,No,No,0,Yes,Electronic check,Yes,No,No,No,No,19.6,No,
40.3,39,No,,0,,One year,7325-ENZFI,No,No,Female,1,1630.4,37-48,39,Yes,No,No,0,No,Bank transfer (automatic),No,Yes,Yes,Yes,No phone service,40.3,DSL,
20.1,31,No,,0,,One year,7328-OWMOM,Yes,No,Female,1,589.25,25-36,31,No,No,No,0,Yes,Credit card (automatic),No,No,No,No,No,20.1,No,
80.85,27,No,,0,,One year,7336-RLLRH,No,No,Male,1,2204.35,25-36,27,Yes,Yes,Yes,0,Yes,Mailed check,Yes,No,Yes,No,Yes,80.85,DSL,
45.05,39,No,,0,,One year,7338-ERIVA,Yes,No,Male,1,1790.6,37-48,39,Yes,Yes,No,0,No,Bank transfer (automatic),No,No,Yes,No,No phone service,45.05,DSL,
20.25,7,No,,0,,One year,7353-YOWFP,No,No,Female,1,129.15,0-12,7,No,No,No,0,Yes,Mailed check,No,No,No,No,No,20.25,No,
23.9,4,No,,0,,One year,7356-AYNJP,No,No,Female,1,97.5,0-12,4,No,No,No,0,Yes,Electronic check,No,No,No,No,Yes,23.9,No,
18.8,19,No,,0,,One year,7369-TRPFD,No,No,Male,1,279.2,13-24,19,No,No,No,0,Yes,Mailed check,No,No,No,No,No,18.8,No,
91.15,53,No,,0,,One year,7402-PWYJJ,No,No,Female,1,4862.5,49-60,53,Yes,No,Yes,0,Yes,Electronic check,Yes,Yes,No,No,Yes,91.15,Fiber optic,
111.8,53,No,,0,,One year,7409-JURKQ,No,Yes,Female,1,5809.75,49-60,53,Yes,Yes,Yes,0,Yes,Bank transfer (automatic),Yes,Yes,No,Yes,Yes,111.8,Fiber optic,
90.95,46,No,,0,,One year,7432-FFVAR,Yes,Yes,Female,1,4236.6,37-48,46,Yes,No,Yes,0,Yes,Bank transfer (automatic),Yes,No,No,No,No,90.95,Fiber optic,
20.6,6,No,,0,,One year,7435-ZNUYY,No,No,Male,1,116.6,0-12,6,No,No,No,0,Yes,Mailed check,No,No,No,No,No,20.6,No,
73.85,48,No,,0,,One year,7445-WMRBW,No,Yes,Female,1,3581.4,37-48,48,Yes,Yes,No,0,Yes,Bank transfer (automatic),No,Yes,No,Yes,Yes,73.85,DSL,
19.85,37,No,,0,,One year,7446-SFAOA,No,No,Female,1,717.5,37-48,37,No,No,No,0,Yes,Bank transfer (automatic),Yes,Yes,No,No,No,19.85,No,
25.45,39,No,,0,,One year,7452-FOLON,Yes,No,Male,1,958.45,37-48,39,No,No,No,0,Yes,Bank transfer (automatic),No,No,No,No,Yes,25.45,No,
61.1,53,No,,0,,One year,7470-DYNOE,No,Yes,Male,1,3357.9,49-60,53,No,No,Yes,0,Yes,Electronic check,No,Yes,No,No,No,61.1,DSL,
72.9,71,No,,0,,One year,7471-MQPOS,Yes,Yes,Male,1,5139.65,61+,71,Yes,No,Yes,1,Yes,Bank transfer (automatic),Yes,Yes,No,Yes,Yes,72.9,DSL,
24.15,60,No,,0,,One year,7471-WNSUF,No,No,Male,1,1505.9,49-60,60,No,No,No,0,Yes,Bank transfer (automatic),Yes,No,No,No,Yes,24.15,No,
86.7,71,No,,0,,One year,7472-EQOAV,Yes,Yes,Male,1,6179.35,61+,71,No,No,No,1,Yes,Bank transfer (automatic),Yes,Yes,Yes,Yes,No,86.7,Fiber optic,
56.25,24,No,,0,,One year,7508-KBIMB,Yes,Yes,Male,1,1454.25,13-24,24,No,No,No,0,Yes,Credit card (automatic),Yes,Yes,Yes,No,No,56.25,DSL,
105.05,58,No,,0,,One year,7544-ZVIKX,Yes,Yes,Male,1,6004.85,49-60,58,Yes,Yes,Yes,0,Yes,Bank transfer (automatic),Yes,Yes,No,No,Yes,105.05,Fiber optic,
108.25,50,No,,0,,One year,7550-WIQVA,Yes,Yes,Male,1,5431.4,49-60,50,No,Yes,Yes,0,Yes,Electronic check,Yes,Yes,Yes,Yes,Yes,108.25,Fiber optic,
19.95,48,No,,0,,One year,7560-QRBXH,Yes,No,Female,1,936.7,37-48,48,No,No,No,0,Yes,Mailed check,No,No,No,No,No,19.95,No,
74.7,41,No,,0,,One year,7576-ASEJU,Yes,No,Female,1,3187.65,37-48,41,Yes,Yes,Yes,0,Yes,Credit card (automatic),Yes,Yes,Yes,No,No,74.7,DSL,
70.15,60,No,,0,,One year,7581-EBBOU,No,Yes,Female,1,4224.7,49-60,60,Yes,Yes,No,0,Yes,Credit card (automatic),No,Yes,No,Yes,No,70.15,DSL,
85.15,12,No,,0,,One year,7596-LDUXP,No,No,Female,1,979.05,0-12,12,No,Yes,No,0,Yes,Credit card (automatic),No,Yes,Yes,No,No,85.15,Fiber optic,
95,45,No,,0,,One year,7607-QKKTJ,Yes,Yes,Male,1,4368.85,37-48,45,No,No,Yes,0,Yes,Credit card (automatic),Yes,Yes,No,Yes,Yes,95,Fiber optic,
19.55,17,No,,0,,One year,7609-NRNCA,No,No,Female,1,280.85,13-24,17,No,No,No,0,Yes,Mailed check,No,No,No,No,No,19.55,No,
74.1,53,No,,0,,One year,7619-PLRLP,No,Yes,Female,1,3833.95,49-60,53,No,No,Yes,0,Yes,Bank transfer (automatic),Yes,No,Yes,Yes,Yes,74.1,DSL,
95.65,56,No,,0,,One year,7629-WFGLW,No,Yes,Female,1,5471.75,49-60,56,Yes,No,No,1,Yes,Electronic check,Yes,No,Yes,Yes,Yes,95.65,Fiber optic,
59.1,7,No,,0,,One year,7629-WIXZF,No,No,Female,1,369.25,0-12,7,No,No,Yes,0,Yes,Electronic check,No,Yes,Yes,No,No,59.1,DSL,
20.05,25,No,,0,,One year,7632-YUTXB,Yes,No,Female,1,520.1,25-36,25,No,No,No,0,Yes,Mailed check,Yes,No,No,No,No,20.05,No,
44.1,58,No,,0,,One year,7636-PEPNS,Yes,No,Female,1,2413.05,49-60,58,No,No,No,0,Yes,Mailed check,Yes,Yes,No,No,No,44.1,DSL,
19.5,11,No,,0,,One year,7649-PHJVR,No,No,Male,1,226.8,0-12,11,No,No,No,0,Yes,Mailed check,No,No,No,No,No,19.5,No,
84.25,43,No,,0,,One year,7654-YWJUF,No,Yes,Male,1,3539.25,37-48,43,Yes,No,No,0,Yes,Bank transfer (automatic),Yes,Yes,Yes,No,No,84.25,Fiber optic,
87.7,19,No,,0,,One year,7661-CPURM,No,No,Male,1,1725.95,13-24,19,Yes,No,Yes,0,Yes,Credit card (automatic),No,Yes,No,No,No,87.7,Fiber optic,
100.55,29,No,,0,,One year,7663-ZTEGJ,Yes,Yes,Male,1,2830.45,25-36,29,Yes,No,Yes,0,Yes,Credit card (automatic),No,No,No,Yes,Yes,100.55,Fiber optic,
20.35,10,No,,0,,One year,7665-VIGUD,No,No,Male,1,176.3,0-12,10,No,No,No,0,Yes,Mailed check,No,No,No,No,No,20.35,No,
61.05,58,No,,0,,One year,7670-ZBPOQ,No,No,Female,1,3478.75,49-60,58,Yes,No,No,0,Yes,Bank transfer (automatic),Yes,Yes,Yes,No,Yes,61.05,DSL,
78.55,23,No,,0,,One year,7673-LPRNY,No,Yes,Female,1,1843.05,13-24,23,No,Yes,Yes,0,Yes,Electronic check,No,Yes,Yes,No,Yes,78.55,DSL,
79.95,33,No,,0,,One year,7674-YTAFD,No,No,Female,1,2684.85,25-36,33,Yes,No,No,0,Yes,Bank transfer (automatic),No,Yes,No,Yes,No,79.95,Fiber optic,
19.9,8,No,,0,,One year,7677-SJJJK,Yes,No,Male,1,153.95,0-12,8,No,No,No,0,Yes,Credit card (automatic),Yes,No,No,No,No,19.9,No,
73.05,64,No,,0,,One year,7690-KPNCU,Yes,Yes,Male,1,4688.65,61+,64,No,Yes,Yes,0,Yes,Credit card (automatic),Yes,Yes,Yes,No,No,73.05,DSL,
78,49,No,,0,,One year,7696-AMHOD,Yes,Yes,Female,1,3824.2,49-60,49,No,Yes,Yes,0,Yes,Credit card (automatic),Yes,No,No,Yes,No,78,DSL,
19.7,70,No,,0,,One year,7706-YLMQA,No,No,Female,1,1341.5,61+,70,No,No,No,0,Yes,Bank transfer (automatic),No,No,No,No,No,19.7,No,
84.9,61,No,,0,,One year,7711-YIJWC,Yes,Yes,Male,1,5264.5,61+,61,Yes,Yes,Yes,0,Yes,Bank transfer (automatic),Yes,No,Yes,Yes,No,84.9,DSL,
106.4,69,No,,0,,One year,7718-UPSKJ,No,No,Female,1,7251.9,61+,69,Yes,Yes,Yes,0,Yes,Credit card (automatic),Yes,Yes,Yes,Yes,No,106.4,Fiber optic,
105.2,54,No,,0,,One year,7722-CVFXN,Yes,No,Male,1,5637.85,49-60,54,Yes,Yes,Yes,0,Yes,Electronic check,Yes,Yes,No,Yes,Yes,105.2,Fiber optic,
55.85,16,No,,0,,One year,7746-QYVCO,Yes,No,Male,1,857.8,13-24,16,No,No,No,0,Yes,Mailed check,Yes,Yes,Yes,Yes,No,55.85,DSL,
60.65,12,No,,0,,One year,7750-EYXWZ,No,Yes,Female,1,743.3,0-12,12,Yes,Yes,Yes,0,No,Electronic check,No,No,No,Yes,No phone service,60.65,DSL,
64.2,55,No,,0,,One year,7753-USQYQ,No,No,Male,1,3627.3,49-60,55,Yes,No,Yes,0,Yes,Electronic check,No,Yes,No,Yes,No,64.2,DSL,
19.7,6,No,,0,,One year,7762-ONLJY,Yes,No,Female,1,94.45,0-12,6,No,No,No,0,Yes,Mailed check,Yes,No,No,No,No,19.7,No,
60.35,70,No,,0,,One year,7781-EWARA,Yes,Yes,Male,1,4138.7,61+,70,Yes,Yes,Yes,0,No,Electronic check,Yes,No,No,Yes,No phone service,60.35,DSL,
105.2,42,No,,0,,One year,7789-HKSBS,No,Yes,Female,1,4599.15,37-48,42,No,Yes,Yes,1,Yes,Bank transfer (automatic),Yes,Yes,Yes,No,Yes,105.2,Fiber optic,
42.3,45,No,,0,,One year,7795-CFOCW,No,Yes,Male,1,1840.75,37-48,45,Yes,No,No,0,No,Bank transfer (automatic),No,No,Yes,No,No phone service,42.3,DSL,
48.7,27,No,,0,,One year,7801-CEDNV,No,No,Male,1,1421.75,25-36,27,No,No,No,0,Yes,Credit card (automatic),Yes,No,Yes,No,No,48.7,DSL,
20.35,20,No,,0,,One year,7813-TKCVO,No,No,Female,1,393.15,13-24,20,No,No,No,0,Yes,Mailed check,Yes,No,No,No,No,20.35,No,
20.4,14,No,,0,,One year,7817-OMJNA,No,No,Male,1,275.7,13-24,14,No,No,No,0,Yes,Bank transfer (automatic),No,No,No,No,No,20.4,No,
90.45,63,No,,0,,One year,7820-ZYGNY,No,No,Male,1,5825.5,61+,63,No,No,Yes,0,Yes,Credit card (automatic),No,No,No,Yes,Yes,90.45,Fiber optic,
76.4,51,No,,0,,One year,7833-PKIHD,Yes,No,Male,1,3966.3,49-60,51,Yes,Yes,Yes,0,Yes,Bank transfer (automatic),Yes,Yes,Yes,No,No,76.4,DSL,
78.8,45,No,,0,,One year,7838-LAZFO,No,Yes,Male,1,3597.5,37-48,45,No,Yes,Yes,0,Yes,Bank transfer (automatic),Yes,No,Yes,Yes,No,78.8,DSL,
53.75,33,No,,0,,One year,7841-FCRQD,No,No,Female,1,1857.3,25-36,33,Yes,No,No,0,Yes,Credit card (automatic),Yes,Yes,No,Yes,No,53.75,DSL,
98.7,45,No,,0,,One year,7856-GANIL,No,Yes,Male,1,4525.8,37-48,45,Yes,Yes,No,1,Yes,Bank transfer (automatic),Yes,Yes,No,Yes,Yes,98.7,Fiber optic,
80.2,43,No,,0,,One year,7868-BGSZA,No,Yes,Male,1,3581.6,37-48,43,No,Yes,Yes,0,Yes,Electronic check,Yes,Yes,Yes,No,Yes,80.2,DSL,
19.55,53,No,,0,,One year,7872-BAAZR,Yes,No,Female,1,1007.9,49-60,53,No,No,No,0,Yes,Bank transfer (automatic),Yes,No,No,No,No,19.55,No,
60.15,51,No,,0,,One year,7876-AEHIG,Yes,Yes,Female,1,3077,49-60,51,Yes,Yes,Yes,0,No,Bank transfer (automatic),No,No,Yes,No,No phone service,60.15,DSL,
100.9,55,No,,0,,One year,7879-CGSFV,No,No,Male,1,5552.05,49-60,55,No,Yes,Yes,0,Yes,Mailed check,No,Yes,Yes,Yes,No,100.9,Fiber optic,
54.6,24,No,,0,,One year,7901-IIDQV,No,No,Male,1,1242.25,13-24,24,Yes,No,No,0,Yes,Bank transfer (automatic),No,No,No,No,Yes,54.6,DSL,
65.9,10,No,,0,,One year,7919-ZODZZ,Yes,Yes,Female,1,660.05,0-12,10,No,No,Yes,0,Yes,Mailed check,Yes,Yes,No,Yes,No,65.9,DSL,
94,51,No,,0,,One year,7921-LMDFQ,No,Yes,Male,1,4905.75,49-60,51,No,Yes,Yes,1,Yes,Bank transfer (automatic),No,Yes,No,No,No,94,Fiber optic,
104.4,64,No,,0,,One year,7940-UQQUG,Yes,No,Female,1,6721.6,61+,64,Yes,Yes,Yes,0,Yes,Bank transfer (automatic),Yes,Yes,Yes,No,Yes,104.4,Fiber optic,
64.75,60,No,,0,,One year,7945-HLKEA,No,Yes,Female,1,4039.5,49-60,60,Yes,No,No,0,Yes,Electronic check,No,No,Yes,No,Yes,64.75,DSL,
85.85,36,No,,0,,One year,7951-VRDVK,No,Yes,Female,1,3003.55,25-36,36,Yes,Yes,Yes,0,Yes,Bank transfer (automatic),No,No,Yes,Yes,No,85.85,DSL,
88.4,67,No,,0,,One year,7964-ZRKKG,No,No,Male,1,5798.3,61+,67,No,Yes,No,0,Yes,Bank transfer (automatic),Yes,Yes,No,Yes,Yes,88.4,Fiber optic,
103.1,47,No,,0,,One year,7975-TZMLR,No,Yes,Male,1,4889.3,37-48,47,No,Yes,Yes,0,Yes,Electronic check,No,Yes,No,Yes,Yes,103.1,Fiber optic,
65.25,54,No,,0,,One year,7994-XIRTR,No,Yes,Male,1,3529.95,49-60,54,Yes,No,Yes,1,Yes,Bank transfer (automatic),No,No,No,No,No,65.25,DSL,
56.1,42,No,,0,,One year,7995-ZHHNZ,No,No,Male,1,2386.85,37-48,42,No,No,No,0,Yes,Credit card (automatic),Yes,No,Yes,No,Yes,56.1,DSL,
81.2,63,No,,0,,One year,7997-EASSD,No,No,Female,1,4965.1,61+,63,Yes,No,No,0,Yes,Credit card (automatic),Yes,Yes,No,No,Yes,81.2,Fiber optic,
110.5,53,No,,0,,One year,8008-ESFLK,No,Yes,Female,1,5835.5,49-60,53,Yes,Yes,Yes,0,Yes,Electronic check,Yes,No,Yes,Yes,No,110.5,Fiber optic,
19.65,35,No,,0,,One year,8008-OTEZX,Yes,No,Female,1,708.8,25-36,35,No,No,No,0,Yes,Mailed check,Yes,No,No,No,No,19.65,No,
70.85,66,No,,0,,One year,8016-ZMGMO,No,Yes,Female,1,4738.85,61+,66,No,Yes,No,1,Yes,Bank transfer (automatic),Yes,Yes,No,Yes,Yes,70.85,DSL,
19.6,22,No,,0,,One year,8022-BECSI,No,No,Male,1,422.5,13-24,22,No,No,No,0,Yes,Mailed check,No,No,No,No,No,19.6,No,
103.95,50,No,,0,,One year,8033-VCZGH,No,Yes,Male,1,5231.3,49-60,50,No,Yes,Yes,0,Yes,Electronic check,Yes,Yes,Yes,No,Yes,103.95,Fiber optic,
84.25,55,No,,0,,One year,8034-RYTVV,No,Yes,Female,1,4589.85,49-60,55,No,No,No,0,Yes,Credit card (automatic),No,Yes,Yes,No,Yes,84.25,Fiber optic,
25.45,66,No,,0,,One year,8042-RNLKO,No,No,Male,1,1699.15,61+,66,No,No,No,0,Yes,Bank transfer (automatic),No,No,No,No,Yes,25.45,No,
49.45,22,No,,0,,One year,8050-WYBND,Yes,Yes,Female,1,1031.4,13-24,22,No,Yes,Yes,0,No,Credit card (automatic),No,Yes,No,No,No phone service,49.45,DSL,
54.75,62,No,,0,,One year,8050-XGRVL,Yes,Yes,Female,1,3425.35,61+,62,No,No,No,0,Yes,Credit card (automatic),Yes,No,Yes,No,No,54.75,DSL,
99.65,71,No,,0,,One year,8065-QBYTO,No,No,Female,1,7181.25,61+,71,Yes,Yes,No,1,Yes,Credit card (automatic),No,Yes,Yes,Yes,Yes,99.65,Fiber optic,
19.85,9,No,,0,,One year,8075-GXIUB,No,No,Male,1,183.15,0-12,9,No,No,No,1,Yes,Credit card (automatic),Yes,No,No,No,No,19.85,No,
19.5,10,No,,0,,One year,8076-FEZKJ,No,No,Male,1,225.85,0-12,10,No,No,No,0,Yes,Mailed check,No,No,No,No,No,19.5,No,
79.3,30,No,,0,,One year,8080-POTJR,No,Yes,Female,1,2427.1,25-36,30,No,Yes,Yes,0,Yes,Credit card (automatic),No,Yes,Yes,No,Yes,79.3,DSL,
20,11,No,,0,,One year,8084-OIVBS,No,No,Female,1,211.95,0-12,11,No,No,No,0,Yes,Mailed check,No,No,No,No,No,20,No,
100.35,58,No,,0,,One year,8091-TTVAX,No,Yes,Male,1,5681.1,49-60,58,No,Yes,Yes,0,Yes,Credit card (automatic),Yes,No,No,No,Yes,100.35,Fiber optic,
76.75,59,No,,0,,One year,8097-OMULG,Yes,Yes,Male,1,4541.9,49-60,59,Yes,Yes,Yes,0,Yes,Credit card (automatic),Yes,No,No,Yes,No,76.75,DSL,
56.1,17,No,,0,,One year,8109-YUOHE,No,No,Male,1,946.95,13-24,17,No,No,No,0,Yes,Mailed check,No,No,Yes,Yes,No,56.1,DSL,
49.25,6,No,,0,,One year,8124-NZVGJ,No,No,Female,1,255.6,0-12,6,Yes,Yes,Yes,0,No,Mailed check,No,Yes,No,No,No phone service,49.25,DSL,
103,49,No,,0,,One year,8133-ANHHJ,No,Yes,Female,1,5166.2,49-60,49,Yes,No,Yes,1,Yes,Bank transfer (automatic),No,No,Yes,Yes,Yes,103,Fiber optic,
106.8,50,No,,0,,One year,8152-UOBNY,No,No,Female,1,5347.95,49-60,50,Yes,Yes,Yes,1,Yes,Electronic check,No,Yes,No,Yes,Yes,106.8,Fiber optic,
93.55,33,No,,0,,One year,8166-ORCHU,No,No,Male,1,3055.5,25-36,33,Yes,No,Yes,1,Yes,Electronic check,Yes,Yes,Yes,Yes,No,93.55,Fiber optic,
71.4,62,No,,0,,One year,8184-WMOFI,Yes,Yes,Male,1,4487.3,61+,62,Yes,No,Yes,0,Yes,Credit card (automatic),Yes,No,Yes,No,No,71.4,DSL,
20.5,4,No,,0,,One year,8189-DUKMV,No,No,Female,1,79.05,0-12,4,No,No,No,0,Yes,Bank transfer (automatic),Yes,No,No,No,No,20.5,No,
51.35,41,No,,0,,One year,8190-ZTQFB,No,Yes,Male,1,2075.1,37-48,41,No,Yes,Yes,0,No,Electronic check,No,Yes,No,No,No phone service,51.35,DSL,
20.65,52,No,,0,,One year,8191-XWSZG,No,No,Female,1,1022.95,49-60,52,No,No,No,0,Yes,Mailed check,No,No,No,No,No,20.65,No,
19.9,24,No,,0,,One year,8194-PEEBY,Yes,No,Female,1,533.5,13-24,24,No,No,No,0,Yes,Mailed check,Yes,No,No,No,No,19.9,No,
80.9,21,No,,0,,One year,8200-KLNYW,No,Yes,Female,1,1714.95,13-24,21,Yes,Yes,Yes,0,Yes,Mailed check,Yes,No,Yes,No,No,80.9,DSL,
108.75,69,No,,0,,One year,8213-TAZPM,Yes,Yes,Female,1,7493.05,61+,69,Yes,Yes,Yes,0,Yes,Bank transfer (automatic),Yes,Yes,No,Yes,Yes,108.75,Fiber optic,
60.25,21,No,,0,,One year,8220-OCUFY,No,Yes,Female,1,1258.35,13-24,21,Yes,No,No,0,Yes,Electronic check,No,Yes,Yes,No,No,60.25,DSL,
45.35,58,No,,0,,One year,8224-UAXBZ,No,No,Female,1,2540.1,49-60,58,No,Yes,No,0,No,Electronic check,Yes,Yes,Yes,Yes,No phone service,45.35,DSL,
89.45,64,No,,0,,One year,8226-BXGES,No,Yes,Male,1,5692.65,61+,64,No,No,No,0,Yes,Bank transfer (automatic),Yes,No,Yes,Yes,Yes,89.45,Fiber optic,
79.05,71,No,,0,,One year,8231-BSWXX,No,No,Male,1,5552.5,61+,71,No,No,No,0,Yes,Credit card (automatic),No,Yes,No,Yes,Yes,79.05,Fiber optic,
19.45,61,No,,0,,One year,8241-JUIQO,No,No,Female,1,1336.35,61+,61,No,No,No,0,Yes,Bank transfer (automatic),No,No,No,No,No,19.45,No,
19.4,51,No,,0,,One year,8249-THVEC,Yes,No,Male,1,997.75,49-60,51,No,No,No,0,Yes,Mailed check,Yes,No,No,No,No,19.4,No,
53.85,64,No,,0,,One year,8259-DZLIZ,Yes,No,Female,1,3399.85,61+,64,No,No,No,0,Yes,Bank transfer (automatic),Yes,Yes,No,Yes,Yes,53.85,DSL,
93.15,56,No,,0,,One year,8268-YDIXR,No,Yes,Male,1,5253.95,49-60,56,No,No,No,0,Yes,Electronic check,Yes,Yes,Yes,Yes,Yes,93.15,Fiber optic,
95.7,12,No,,0,,One year,8272-ONJLV,No,Yes,Male,1,1184,0-12,12,No,Yes,Yes,0,Yes,Electronic check,No,No,No,No,No,95.7,Fiber optic,
24.15,33,No,,0,,One year,8277-RVRSV,Yes,No,Female,1,800.3,25-36,33,No,No,No,0,Yes,Credit card (automatic),Yes,No,No,No,Yes,24.15,No,
41.15,39,No,,0,,One year,8292-FRFZQ,No,No,Female,1,1700.9,37-48,39,Yes,No,No,0,No,Bank transfer (automatic),No,No,Yes,Yes,No phone service,41.15,DSL,
94.4,30,No,,0,,One year,8294-UIMBA,No,No,Female,1,2638.1,25-36,30,Yes,Yes,Yes,0,Yes,Bank transfer (automatic),No,Yes,No,No,No,94.4,Fiber optic,
50.8,9,No,,0,,One year,8314-DPQHL,No,Yes,Male,1,463.6,0-12,9,Yes,No,Yes,0,No,Mailed check,No,No,Yes,No,No phone service,50.8,DSL,
53.15,35,No,,0,,One year,8318-LCNBW,No,Yes,Male,1,1930.9,25-36,35,No,Yes,Yes,0,No,Credit card (automatic),Yes,No,Yes,No,No phone service,53.15,DSL,
39.95,26,No,,0,,One year,8319-QBEHW,Yes,No,Male,1,1023.75,25-36,26,No,Yes,No,0,No,Bank transfer (automatic),No,Yes,No,Yes,No phone service,39.95,DSL,
20.15,37,No,,0,,One year,8327-WKMIE,No,No,Male,1,785.75,37-48,37,No,No,No,0,Yes,Credit card (automatic),No,No,No,No,No,20.15,No,
40.65,23,No,,0,,One year,8328-SKJNO,Yes,No,Male,1,947.4,13-24,23,Yes,No,No,0,No,Bank transfer (automatic),No,No,Yes,Yes,No phone service,40.65,DSL,
104.65,27,No,,0,,One year,8329-UTMVM,No,No,Male,1,2964,25-36,27,Yes,Yes,Yes,1,Yes,Bank transfer (automatic),No,Yes,No,Yes,Yes,104.65,Fiber optic,
71.1,58,No,,0,,One year,8331-ZXFOE,No,Yes,Female,1,4299.2,49-60,58,Yes,No,No,0,Yes,Credit card (automatic),No,Yes,Yes,Yes,Yes,71.1,DSL,
26.4,12,No,,0,,One year,8332-OSJDW,Yes,No,Male,1,314.95,0-12,12,No,No,No,0,Yes,Mailed check,Yes,No,No,No,Yes,26.4,No,
80.3,64,No,,0,,One year,8348-JLBUG,No,Yes,Male,1,5017.7,61+,64,No,No,No,1,Yes,Credit card (automatic),Yes,No,Yes,No,No,80.3,Fiber optic,
100.3,68,No,,0,,One year,8375-KVTHK,No,No,Male,1,6754.35,61+,68,Yes,Yes,Yes,0,Yes,Electronic check,Yes,Yes,No,Yes,No,100.3,Fiber optic,
59.4,33,No,,0,,One year,8383-SGHJU,No,No,Female,1,1952.8,25-36,33,Yes,No,No,0,Yes,Electronic check,No,No,Yes,No,Yes,59.4,DSL,
19.5,68,No,,0,,One year,8395-ETZKQ,Yes,No,Male,1,1193.55,61+,68,No,No,No,1,Yes,Bank transfer (automatic),Yes,No,No,No,No,19.5,No,
100.9,67,No,,0,,One year,8402-EIVQS,No,No,Male,1,6733.15,61+,67,No,Yes,Yes,0,Yes,Credit card (automatic),Yes,Yes,Yes,Yes,No,100.9,Fiber optic,
90.05,63,No,,0,,One year,8405-IGQFX,No,Yes,Female,1,5817,61+,63,Yes,Yes,No,0,Yes,Credit card (automatic),No,Yes,No,No,No,90.05,Fiber optic,
82.95,59,No,,0,,One year,8406-LNMHF,No,Yes,Male,1,4903.15,49-60,59,No,No,No,1,Yes,Credit card (automatic),Yes,Yes,Yes,Yes,No,82.95,Fiber optic,
54.2,25,No,,0,,One year,8409-WQJUX,No,Yes,Female,1,1423.15,25-36,25,Yes,Yes,Yes,0,No,Electronic check,No,No,No,No,No phone service,54.2,DSL,
92.2,28,No,,0,,One year,8417-GSODA,Yes,No,Male,1,2568.15,25-36,28,No,Yes,Yes,0,Yes,Bank transfer (automatic),Yes,No,No,No,Yes,92.2,Fiber optic,
20.7,49,No,,0,,One year,8430-TWCBX,No,No,Female,1,1032.05,49-60,49,No,No,No,0,Yes,Credit card (automatic),Yes,No,No,No,No,20.7,No,
103.9,65,No,,0,,One year,8433-WPJTV,Yes,Yes,Female,1,6767.1,61+,65,Yes,Yes,Yes,1,Yes,Bank transfer (automatic),Yes,Yes,No,No,Yes,103.9,Fiber optic,
24.25,38,No,,0,,One year,8461-EFQYM,No,No,Female,1,914.4,37-48,38,No,No,No,0,Yes,Electronic check,No,Yes,No,No,Yes,24.25,No,
79.4,70,No,,0,,One year,8469-SNFFH,No,Yes,Male,1,5528.9,61+,70,Yes,Yes,No,0,Yes,Bank transfer (automatic),Yes,No,Yes,Yes,Yes,79.4,DSL,
90.4,30,No,,0,,One year,8496-DMZUK,No,Yes,Male,1,2820.65,25-36,30,No,No,No,0,Yes,Bank transfer (automatic),No,No,Yes,Yes,Yes,90.4,Fiber optic,
20.1,18,No,,0,,One year,8499-BRXTD,No,No,Male,1,401.85,13-24,18,No,No,No,0,Yes,Mailed check,No,No,No,No,No,20.1,No,
19.75,41,No,,0,,One year,8510-BBWMU,No,No,Female,1,806.95,37-48,41,No,No,No,0,Yes,Mailed check,No,Yes,No,No,No,19.75,No,
20.35,32,No,,0,,One year,8512-WIWYV,No,No,Male,1,707.5,25-36,32,No,No,No,0,Yes,Credit card (automatic),No,No,No,No,No,20.35,No,
70.55,48,No,,0,,One year,8550-XSXUQ,No,Yes,Male,1,3420.5,37-48,48,No,No,Yes,0,Yes,Credit card (automatic),Yes,Yes,No,Yes,Yes,70.55,DSL,
112.35,67,No,,0,,One year,8561-NMTBD,Yes,Yes,Female,1,7388.45,61+,67,Yes,Yes,Yes,0,Yes,Credit card (automatic),Yes,Yes,No,Yes,Yes,112.35,Fiber optic,
106,40,No,,0,,One year,8564-LDKFL,No,Yes,Male,1,4178.65,37-48,40,No,Yes,Yes,0,Yes,Bank transfer (automatic),Yes,Yes,No,Yes,Yes,106,Fiber optic,
107.2,69,No,,0,,One year,8565-HBFNN,No,Yes,Male,1,7317.1,61+,69,Yes,No,Yes,0,Yes,Credit card (automatic),Yes,Yes,Yes,Yes,Yes,107.2,Fiber optic,
54.45,36,No,,0,,One year,8570-KLJYJ,No,No,Female,1,1893.5,25-36,36,No,No,No,0,Yes,Mailed check,No,No,Yes,No,Yes,54.45,DSL,
19.65,17,No,,0,,One year,8573-JGCZW,No,No,Male,1,351.55,13-24,17,No,No,No,0,Yes,Bank transfer (automatic),No,Yes,No,No,No,19.65,No,
20.3,38,No,,0,,One year,8590-OHDIW,Yes,No,Female,1,749.35,37-48,38,No,No,No,0,Yes,Mailed check,Yes,No,No,No,No,20.3,No,
24.7,64,No,,0,,One year,8592-PLTMQ,No,No,Female,1,1642.75,61+,64,No,No,No,0,Yes,Mailed check,No,No,No,No,Yes,24.7,No,
25.6,22,No,,0,,One year,8595-SIZNC,No,No,Female,1,548.8,13-24,22,No,No,No,1,Yes,Bank transfer (automatic),Yes,No,No,No,Yes,25.6,No,
64.95,70,No,,0,,One year,8597-CTXVJ,Yes,No,Male,1,4551.5,61+,70,Yes,No,No,0,Yes,Bank transfer (automatic),No,No,Yes,Yes,Yes,64.95,DSL,
94.35,43,No,,0,,One year,8597-CWYHH,No,No,Male,1,3921.3,37-48,43,No,Yes,Yes,0,Yes,Mailed check,No,No,No,No,Yes,94.35,Fiber optic,
74.05,38,No,,0,,One year,8608-OZTLB,Yes,Yes,Male,1,2802.3,37-48,38,Yes,Yes,No,0,Yes,Electronic check,Yes,No,Yes,Yes,No,74.05,DSL,
20.3,2,No,,0,,One year,8610-ZIKJJ,Yes,No,Female,1,31.9,0-12,2,No,No,No,0,Yes,Mailed check,Yes,No,No,No,No,20.3,No,
78.9,47,No,,0,,One year,8627-ZYGSZ,No,No,Male,1,3650.35,37-48,47,No,No,No,0,Yes,Electronic check,Yes,Yes,No,Yes,Yes,78.9,Fiber optic,
20.15,9,No,,0,,One year,8631-XVRZL,No,No,Male,1,163.7,0-12,9,No,No,No,0,Yes,Mailed check,No,Yes,No,No,No,20.15,No,
90.55,66,No,,0,,One year,8646-JCOMS,No,Yes,Female,1,6130.95,61+,66,Yes,No,No,0,Yes,Bank transfer (automatic),Yes,Yes,No,Yes,Yes,90.55,Fiber optic,
79.5,16,No,,0,,One year,8652-YHIYU,Yes,No,Female,1,1264.2,13-24,16,Yes,No,No,0,Yes,Credit card (automatic),No,Yes,No,No,Yes,79.5,Fiber optic,
53.75,52,No,,0,,One year,8668-KNZTI,No,Yes,Male,1,2790.65,49-60,52,No,No,No,0,Yes,Electronic check,No,No,Yes,No,No,53.75,DSL,
47.85,51,No,,0,,One year,8672-OAUPW,Yes,No,Male,1,2356.75,49-60,51,Yes,No,No,0,Yes,Credit card (automatic),No,No,No,No,No,47.85,DSL,
90.65,44,No,,0,,One year,8679-LZBMD,No,No,Male,1,3974.15,37-48,44,No,Yes,Yes,0,Yes,Bank transfer (automatic),Yes,Yes,No,No,No,90.65,Fiber optic,
58.75,29,No,,0,,One year,8680-CGLTP,No,No,Male,1,1696.2,25-36,29,Yes,No,No,0,Yes,Electronic check,No,Yes,Yes,Yes,No,58.75,DSL,
69.05,29,No,,0,,One year,8690-UPCZI,Yes,No,Male,1,1958.45,25-36,29,Yes,Yes,No,0,Yes,Bank transfer (automatic),Yes,No,Yes,No,Yes,69.05,DSL,
87.3,69,No,,0,,One year,8707-RMEZH,No,No,Female,1,6055.55,61+,69,No,No,Yes,1,Yes,Credit card (automatic),Yes,No,Yes,Yes,No,87.3,Fiber optic,
103.3,61,No,,0,,One year,8715-KKTFG,No,Yes,Female,1,6518.35,61+,61,Yes,Yes,Yes,0,Yes,Bank transfer (automatic),Yes,Yes,No,No,Yes,103.3,Fiber optic,
19.55,42,No,,0,,One year,8717-VCTXJ,No,No,Male,1,839.4,37-48,42,No,No,No,0,Yes,Mailed check,No,Yes,No,No,No,19.55,No,
67.7,42,No,,0,,One year,8738-JOKAR,No,No,Female,1,2882.25,37-48,42,Yes,No,Yes,0,Yes,Mailed check,No,Yes,Yes,Yes,No,67.7,DSL,
41.1,57,No,,0,,One year,8745-PVESG,No,Yes,Female,1,2258.25,49-60,57,Yes,No,No,0,No,Credit card (automatic),No,Yes,Yes,No,No phone service,41.1,DSL,
20.5,21,No,,0,,One year,8746-BFOAJ,No,No,Male,1,429.55,13-24,21,No,No,No,1,Yes,Bank transfer (automatic),No,No,No,No,No,20.5,No,
19.9,19,No,,0,,One year,8748-HFWBO,Yes,No,Male,1,357.7,13-24,19,No,No,No,0,Yes,Mailed check,Yes,No,No,No,No,19.9,No,
92,71,No,,0,,One year,8752-GHJFU,No,Yes,Male,1,6585.2,61+,71,Yes,No,No,1,Yes,Electronic check,Yes,Yes,Yes,Yes,Yes,92,Fiber optic,
20.1,5,No,,0,,One year,8752-IMQOS,Yes,No,Male,1,85.1,0-12,5,No,No,No,0,Yes,Mailed check,Yes,No,No,No,No,20.1,No,
69.2,71,No,,0,,One year,8760-ZRHKE,Yes,No,Female,1,4982.5,61+,71,No,Yes,No,1,Yes,Electronic check,Yes,No,Yes,Yes,Yes,69.2,DSL,
20.55,27,No,,0,,One year,8763-KIAFH,Yes,No,Female,1,583.3,25-36,27,No,No,No,0,Yes,Mailed check,Yes,Yes,No,No,No,20.55,No,
99.65,63,No,,0,,One year,8769-KKTPH,Yes,No,Female,1,6311.2,61+,63,No,Yes,Yes,0,Yes,Credit card (automatic),Yes,Yes,Yes,No,Yes,99.65,Fiber optic,
64.3,52,No,,0,,One year,8777-PVYGU,No,Yes,Female,1,3410.6,49-60,52,No,Yes,No,0,Yes,Mailed check,Yes,Yes,Yes,No,No,64.3,DSL,
19.8,21,No,,0,,One year,8779-YIQQA,Yes,No,Male,1,350.1,13-24,21,No,No,No,0,Yes,Mailed check,Yes,No,No,No,No,19.8,No,
79,60,No,,0,,One year,8782-NUUOL,No,Yes,Male,1,4801.1,49-60,60,Yes,Yes,Yes,0,Yes,Mailed check,No,No,Yes,No,No,79,DSL,
61.35,59,No,,0,,One year,8788-DOXSU,No,Yes,Male,1,3645.5,49-60,59,No,No,Yes,0,Yes,Bank transfer (automatic),No,Yes,No,No,No,61.35,DSL,
86.45,30,No,,0,,One year,8812-ZRHFP,Yes,Yes,Female,1,2538.05,25-36,30,No,No,Yes,0,Yes,Electronic check,Yes,No,No,No,No,86.45,Fiber optic,
58.4,70,No,,0,,One year,8821-KVZKQ,Yes,Yes,Female,1,4113.15,61+,70,Yes,Yes,Yes,0,No,Bank transfer (automatic),Yes,Yes,No,Yes,No phone service,58.4,DSL,
83.45,48,No,,0,,One year,8822-KNBHV,No,Yes,Female,1,3887.85,37-48,48,No,Yes,Yes,0,Yes,Credit card (automatic),No,Yes,Yes,Yes,Yes,83.45,DSL,
64.5,30,No,,0,,One year,8845-LWKGE,Yes,Yes,Female,1,1985.15,25-36,30,Yes,Yes,No,0,Yes,Electronic check,Yes,Yes,No,No,No,64.5,DSL,
109.4,67,No,,0,,One year,8849-PRIQJ,Yes,Yes,Female,1,7281.6,61+,67,Yes,Yes,Yes,0,Yes,Electronic check,Yes,Yes,Yes,No,Yes,109.4,Fiber optic,
19.95,48,No,,0,,One year,8859-YSTWS,No,No,Male,1,1004.5,37-48,48,No,No,No,0,Yes,Bank transfer (automatic),No,No,No,No,No,19.95,No,
49.55,10,No,,0,,One year,8865-TNMNX,Yes,No,Male,1,475.7,0-12,10,No,No,No,0,Yes,Mailed check,Yes,No,No,Yes,No,49.55,DSL,
19.1,29,No,,0,,One year,8873-TMKGR,No,No,Male,1,529.5,25-36,29,No,No,No,0,Yes,Mailed check,No,No,No,No,No,19.1,No,
79.85,41,No,,0,,One year,8879-ZKJOF,No,Yes,Female,1,3320.75,37-48,41,Yes,Yes,Yes,0,Yes,Bank transfer (automatic),No,Yes,Yes,No,No,79.85,DSL,
54,20,No,,0,,One year,8883-GRDWQ,No,No,Male,1,1055.9,13-24,20,Yes,No,No,1,Yes,Mailed check,No,No,Yes,No,No,54,DSL,
20.6,35,No,,0,,One year,8884-FEEWR,No,No,Male,1,754,25-36,35,No,No,No,0,Yes,Bank transfer (automatic),No,No,No,No,No,20.6,No,
19.9,17,No,,0,,One year,8884-MRNSU,Yes,No,Male,1,329.75,13-24,17,No,No,No,0,Yes,Bank transfer (automatic),Yes,No,No,No,No,19.9,No,
115.05,62,No,,0,,One year,8894-JVDCV,No,Yes,Female,1,7133.45,61+,62,Yes,Yes,Yes,0,Yes,Credit card (automatic),No,Yes,Yes,Yes,Yes,115.05,Fiber optic,
35.55,39,No,,0,,One year,8898-KASCD,No,Yes,Male,1,1309.15,37-48,39,Yes,No,No,0,No,Mailed check,No,No,No,No,No phone service,35.55,DSL,
20.05,47,No,,0,,One year,8902-ZEOVF,Yes,No,Male,1,951.55,37-48,47,No,No,No,0,Yes,Mailed check,Yes,No,No,No,No,20.05,No,
95.65,69,No,,0,,One year,8905-IAZPF,No,No,Female,1,6744.2,61+,69,No,Yes,Yes,0,Yes,Credit card (automatic),Yes,Yes,No,Yes,No,95.65,Fiber optic,
21.2,3,No,,0,,One year,8909-BOLNL,No,No,Male,1,52.05,0-12,3,No,No,No,0,Yes,Mailed check,No,No,No,No,No,21.2,No,
95.65,46,No,,0,,One year,8910-ICHIU,No,Yes,Female,1,4664.2,37-48,46,No,Yes,No,0,Yes,Credit card (automatic),No,Yes,Yes,Yes,No,95.65,Fiber optic,
110.75,62,No,,0,,One year,8920-NAVAY,No,Yes,Male,1,7053.35,61+,62,Yes,Yes,Yes,1,Yes,Bank transfer (automatic),No,Yes,No,Yes,Yes,110.75,Fiber optic,
76.75,68,No,,0,,One year,8932-CZHRQ,No,Yes,Male,1,5233.25,61+,68,No,No,Yes,0,Yes,Credit card (automatic),No,No,Yes,Yes,Yes,76.75,DSL,
94.8,32,No,,0,,One year,8947-YRTDV,Yes,Yes,Male,1,3131.55,25-36,32,No,No,Yes,0,Yes,Mailed check,Yes,No,Yes,Yes,No,94.8,Fiber optic,
104.45,41,No,,0,,One year,8952-WCVCD,No,Yes,Female,1,4162.05,37-48,41,No,Yes,Yes,0,Yes,Bank transfer (automatic),Yes,Yes,Yes,Yes,No,104.45,Fiber optic,
24.3,56,No,,0,,One year,8958-JPTRR,No,No,Female,1,1261.7,49-60,56,No,No,No,0,Yes,Electronic check,Yes,No,No,No,Yes,24.3,No,
95,57,No,,0,,One year,8961-QDZZJ,Yes,No,Female,1,5535.8,49-60,57,No,Yes,Yes,0,Yes,Electronic check,Yes,Yes,No,Yes,No,95,Fiber optic,
20.75,22,No,,0,,One year,8966-OIQHG,Yes,No,Female,1,452.35,13-24,22,No,No,No,0,Yes,Bank transfer (automatic),Yes,No,No,No,No,20.75,No,
19.65,18,No,,0,,One year,8969-PRHFK,No,No,Male,1,411.25,13-24,18,No,No,No,0,Yes,Mailed check,No,No,No,No,No,19.65,No,
73.75,23,No,,0,,One year,8970-ANWXO,No,No,Female,1,1756.6,13-24,23,Yes,Yes,Yes,0,Yes,Mailed check,No,Yes,No,No,Yes,73.75,DSL,
102.1,64,No,,0,,One year,8979-CAMGB,No,Yes,Male,1,6688.1,61+,64,Yes,Yes,Yes,1,Yes,Electronic check,No,No,No,No,Yes,102.1,Fiber optic,
100.5,27,No,,0,,One year,8982-NHAVY,No,Yes,Male,1,2673.45,25-36,27,No,Yes,Yes,0,Yes,Bank transfer (automatic),No,Yes,No,No,Yes,100.5,Fiber optic,
74.1,1,No,,0,,One year,8985-OOPOS,No,Yes,Female,1,74.1,0-12,1,Yes,Yes,Yes,0,Yes,Credit card (automatic),No,No,No,No,No,74.1,DSL,
53.5,57,No,,0,,One year,8996-ZROXE,No,Yes,Male,1,3035.8,49-60,57,Yes,No,No,1,Yes,Electronic check,No,Yes,No,No,No,53.5,DSL,
105.75,72,No,,0,,One year,8999-XXGNS,No,Yes,Female,1,7629.85,61+,72,No,Yes,Yes,1,Yes,Credit card (automatic),Yes,Yes,No,Yes,Yes,105.75,Fiber optic,
107.45,51,No,,0,,One year,9036-CSKBW,No,Yes,Female,1,5680.9,49-60,51,No,Yes,Yes,0,Yes,Bank transfer (automatic),No,No,Yes,Yes,Yes,107.45,Fiber optic,
75.5,26,No,,0,,One year,9040-KZVWO,No,No,Male,1,2018.1,25-36,26,No,No,No,0,Yes,Bank transfer (automatic),No,No,No,Yes,No,75.5,Fiber optic,
61.55,26,No,,0,,One year,9052-DHNKM,No,No,Male,1,1581.95,25-36,26,No,No,No,0,Yes,Electronic check,No,No,Yes,Yes,Yes,61.55,DSL,
65.8,64,No,,0,,One year,9055-MOJJJ,Yes,No,Female,1,4068,61+,64,Yes,Yes,No,0,Yes,Mailed check,Yes,No,Yes,No,No,65.8,DSL,
56.4,51,No,,0,,One year,9060-HJJRW,No,Yes,Female,1,2928.5,49-60,51,No,Yes,Yes,0,No,Credit card (automatic),No,Yes,No,Yes,No phone service,56.4,DSL,
26.3,69,No,,0,,One year,9066-QRSDU,No,No,Female,1,1763.55,61+,69,No,No,No,0,Yes,Electronic check,Yes,Yes,No,No,Yes,26.3,No,
20.6,44,No,,0,,One year,9067-SQTNS,Yes,No,Male,1,926,37-48,44,No,No,No,0,Yes,Bank transfer (automatic),Yes,No,No,No,No,20.6,No,
26.05,70,No,,0,,One year,9067-YGSCA,No,No,Female,1,1856.4,61+,70,No,No,No,0,Yes,Credit card (automatic),No,No,No,No,Yes,26.05,No,
77.2,34,No,,0,,One year,9086-YJYXS,Yes,Yes,Male,1,2753.8,25-36,34,No,Yes,Yes,0,Yes,Bank transfer (automatic),Yes,No,No,No,Yes,77.2,DSL,
79.8,61,No,,0,,One year,9107-UKCKY,No,Yes,Male,1,4914.8,61+,61,No,Yes,Yes,0,Yes,Electronic check,Yes,Yes,No,Yes,Yes,79.8,DSL,
65.65,48,No,,0,,One year,9114-AAFQH,No,Yes,Female,1,3094.65,37-48,48,No,No,Yes,0,Yes,Electronic check,Yes,Yes,No,Yes,No,65.65,DSL,
96.1,62,No,,0,,One year,9114-VEPUF,No,No,Male,1,6001.45,61+,62,No,No,Yes,0,Yes,Electronic check,Yes,No,Yes,Yes,Yes,96.1,Fiber optic,
59.85,44,No,,0,,One year,9127-QRZMH,No,No,Male,1,2603.95,37-48,44,Yes,No,No,0,Yes,Bank transfer (automatic),Yes,Yes,Yes,Yes,No,59.85,DSL,
86.35,51,No,,0,,One year,9134-WYRVP,No,No,Male,1,4267.15,49-60,51,No,Yes,No,0,Yes,Mailed check,No,No,Yes,No,No,86.35,Fiber optic,
78.95,26,No,,0,,One year,9138-EFSMO,Yes,No,Male,1,2034.25,25-36,26,No,No,Yes,0,Yes,Bank transfer (automatic),Yes,No,No,No,No,78.95,Fiber optic,
47.85,26,No,,0,,One year,9139-TWBAS,No,Yes,Female,1,1190.5,25-36,26,No,Yes,No,0,No,Bank transfer (automatic),Yes,No,Yes,Yes,No phone service,47.85,DSL,
52.7,56,No,,0,,One year,9150-HEPMB,No,Yes,Male,1,3019.7,49-60,56,No,No,No,0,Yes,Mailed check,No,No,Yes,No,No,52.7,DSL,
104.3,43,No,,0,,One year,9154-QDGTH,Yes,Yes,Male,1,4451.85,37-48,43,Yes,Yes,Yes,0,Yes,Credit card (automatic),Yes,Yes,No,No,Yes,104.3,Fiber optic,
19.6,52,No,,0,,One year,9170-ARBTB,Yes,No,Female,1,1012.4,49-60,52,No,No,No,0,Yes,Credit card (automatic),Yes,No,No,No,No,19.6,No,
79.7,63,No,,0,,One year,9199-PWQVC,No,No,Female,1,4786.15,61+,63,No,Yes,Yes,0,Yes,Credit card (automatic),Yes,Yes,Yes,Yes,Yes,79.7,DSL,
54.05,56,No,,0,,One year,9200-NLNPD,No,Yes,Male,1,2959.8,49-60,56,Yes,Yes,Yes,0,No,Bank transfer (automatic),Yes,Yes,No,No,No phone service,54.05,DSL,
67.45,37,No,,0,,One year,9207-ZPANB,No,Yes,Male,1,2443.3,37-48,37,Yes,No,No,0,Yes,Electronic check,No,No,Yes,Yes,Yes,67.45,DSL,
65.4,44,No,,0,,One year,9209-NWPGU,No,No,Male,1,2774.55,37-48,44,Yes,Yes,No,0,Yes,Electronic check,No,No,Yes,No,No,65.4,DSL,
23.75,18,No,,0,,One year,9229-RQABD,No,No,Male,1,424.5,13-24,18,No,No,No,0,Yes,Mailed check,No,No,No,No,Yes,23.75,No,
100.15,45,No,,0,,One year,9233-PSYHO,No,Yes,Female,1,4459.8,37-48,45,No,Yes,Yes,1,Yes,Bank transfer (automatic),No,Yes,No,No,Yes,100.15,Fiber optic,
75.1,67,No,,0,,One year,9251-WNSOD,No,Yes,Female,1,5064.45,61+,67,No,No,Yes,0,Yes,Mailed check,Yes,No,Yes,Yes,Yes,75.1,DSL,
67.05,65,No,,0,,One year,9253-VIFJQ,No,Yes,Male,1,4309.55,61+,65,No,No,No,0,Yes,Credit card (automatic),Yes,No,Yes,Yes,Yes,67.05,DSL,
70.15,64,No,,0,,One year,9289-LBQVU,No,No,Male,1,4480.7,61+,64,Yes,No,Yes,0,Yes,Mailed check,Yes,Yes,No,Yes,Yes,70.15,DSL,
29.8,69,No,,0,,One year,9309-BZGNT,No,Yes,Male,1,2134.3,61+,69,No,No,No,1,No,Credit card (automatic),Yes,Yes,No,No,No phone service,29.8,DSL,
61.25,11,No,,0,,One year,9314-QDMDW,No,No,Male,1,729.95,0-12,11,No,Yes,No,0,Yes,Electronic check,No,Yes,No,Yes,No,61.25,DSL,
101.9,27,No,,0,,One year,9323-HGFWY,No,No,Female,1,2681.15,25-36,27,Yes,Yes,Yes,0,Yes,Credit card (automatic),Yes,Yes,Yes,No,No,101.9,Fiber optic,
66.25,23,No,,0,,One year,9330-DHBFL,Yes,Yes,Female,1,1533.8,13-24,23,Yes,No,No,0,Yes,Mailed check,Yes,Yes,Yes,Yes,No,66.25,DSL,
19.3,23,No,,0,,One year,9347-AERRL,No,No,Male,1,486.2,13-24,23,No,No,No,0,Yes,Credit card (automatic),Yes,No,No,No,No,19.3,No,
110.7,38,No,,0,,One year,9356-AXGMP,No,Yes,Male,1,4428.6,37-48,38,Yes,Yes,Yes,0,Yes,Electronic check,Yes,Yes,Yes,No,Yes,110.7,Fiber optic,
58.35,24,No,,0,,One year,9357-UJRUN,No,No,Male,1,1346.9,13-24,24,Yes,No,No,0,Yes,Electronic check,Yes,Yes,Yes,No,Yes,58.35,DSL,
72.35,67,No,,0,,One year,9359-UGBTK,No,Yes,Female,1,4991.5,61+,67,Yes,No,Yes,0,Yes,Bank transfer (automatic),No,Yes,Yes,No,No,72.35,DSL,
24.4,64,No,,0,,One year,9361-YNQWJ,No,No,Female,1,1601.2,61+,64,No,No,No,0,Yes,Bank transfer (automatic),No,Yes,No,No,Yes,24.4,No,
90.65,43,No,,0,,One year,9386-LDCZR,No,Yes,Male,1,3882.3,37-48,43,Yes,No,No,0,Yes,Credit card (automatic),No,Yes,Yes,Yes,No,90.65,Fiber optic,
44.15,43,No,,0,,One year,9388-ZEYVT,No,Yes,Male,1,1931.3,37-48,43,Yes,No,Yes,0,No,Electronic check,No,No,No,No,No phone service,44.15,DSL,
89.15,44,No,,0,,One year,9391-DXGGG,No,Yes,Female,1,3990.75,37-48,44,No,No,Yes,1,Yes,Credit card (automatic),No,No,No,Yes,No,89.15,Fiber optic,
95.95,53,No,,0,,One year,9391-LMANN,Yes,Yes,Male,1,5036.9,49-60,53,No,No,Yes,0,Yes,Electronic check,No,No,Yes,Yes,No,95.95,Fiber optic,
94,62,No,,0,,One year,9391-YZEJW,No,No,Female,1,5757.2,61+,62,No,Yes,Yes,0,Yes,Bank transfer (automatic),No,Yes,No,No,Yes,94,Fiber optic,
98.9,70,No,,0,,One year,9402-CXWPL,No,No,Female,1,6838.6,61+,70,No,Yes,Yes,0,Yes,Electronic check,No,No,No,Yes,Yes,98.9,Fiber optic,
100.25,67,No,,0,,One year,9402-ROUMJ,Yes,Yes,Female,1,6689,61+,67,Yes,No,Yes,0,Yes,Bank transfer (automatic),Yes,Yes,Yes,No,Yes,100.25,Fiber optic,
54.55,40,No,,0,,One year,9411-TPQQV,No,No,Female,1,2236.2,37-48,40,Yes,Yes,Yes,0,No,Bank transfer (automatic),No,Yes,Yes,No,No phone service,54.55,DSL,
90.15,51,No,,0,,One year,9419-IPPBE,Yes,Yes,Female,1,4554.85,49-60,51,No,No,Yes,0,Yes,Electronic check,Yes,Yes,No,No,Yes,90.15,Fiber optic,
20.05,11,No,,0,,One year,9442-JTWDL,No,No,Female,1,237.7,0-12,11,No,No,No,0,Yes,Credit card (automatic),No,No,No,No,No,20.05,No,
19.85,50,No,,0,,One year,9447-YPTBX,No,No,Female,1,943.1,49-60,50,No,No,No,0,Yes,Bank transfer (automatic),Yes,Yes,No,No,No,19.85,No,
19.05,53,No,,0,,One year,9451-WLYRI,No,No,Female,1,990.45,49-60,53,No,No,No,0,Yes,Credit card (automatic),Yes,No,No,No,No,19.05,No,
82,26,No,,0,,One year,9470-RTWDV,Yes,Yes,Male,1,2083.1,25-36,26,Yes,Yes,Yes,0,Yes,Credit card (automatic),Yes,Yes,No,No,Yes,82,DSL,
71,71,No,,0,,One year,9470-YFUYI,No,No,Male,1,5012.1,61+,71,Yes,Yes,No,1,Yes,Bank transfer (automatic),Yes,Yes,Yes,Yes,No,71,DSL,
59,28,No,,0,,One year,9473-CBZOP,No,Yes,Female,1,1654.45,25-36,28,No,No,No,0,Yes,Mailed check,No,No,Yes,No,Yes,59,DSL,
113.15,71,No,,0,,One year,9475-NNDGC,No,Yes,Male,1,7953.25,61+,71,Yes,Yes,Yes,0,Yes,Bank transfer (automatic),Yes,Yes,No,Yes,Yes,113.15,Fiber optic,
92.3,62,No,,0,,One year,9480-BQJEI,No,No,Male,1,5731.45,61+,62,No,No,Yes,0,Yes,Bank transfer (automatic),No,Yes,Yes,Yes,Yes,92.3,Fiber optic,
20.1,9,No,,0,,One year,9483-GCPWE,Yes,No,Male,1,190.25,0-12,9,No,No,No,0,Yes,Mailed check,No,No,No,No,No,20.1,No,
95.3,66,No,,0,,One year,9494-BDNNC,No,Yes,Male,1,6273.4,61+,66,No,No,Yes,0,Yes,Electronic check,Yes,No,No,Yes,Yes,95.3,Fiber optic,
40.65,25,No,,0,,One year,9495-REDIY,Yes,No,Male,1,970.55,25-36,25,No,Yes,No,0,No,Credit card (automatic),No,Yes,Yes,No,No phone service,40.65,DSL,
19.2,8,No,,0,,One year,9498-FIMXL,No,No,Female,1,161.95,0-12,8,No,No,No,0,Yes,Mailed check,No,Yes,No,No,No,19.2,No,
79.4,61,No,,0,,One year,9500-IWPXQ,Yes,Yes,Female,1,4820.55,61+,61,Yes,No,Yes,0,Yes,Electronic check,Yes,Yes,Yes,Yes,Yes,79.4,DSL,
19.65,52,No,,0,,One year,9503-XJUME,Yes,No,Male,1,928.4,49-60,52,No,No,No,0,Yes,Credit card (automatic),No,No,No,No,No,19.65,No,
20.75,35,No,,0,,One year,9509-MPYOD,No,No,Female,1,700.45,25-36,35,No,No,No,0,Yes,Mailed check,No,No,No,No,No,20.75,No,
81.7,27,No,,0,,One year,9513-DXHDA,No,Yes,Male,1,2212.55,25-36,27,Yes,Yes,Yes,0,Yes,Electronic check,No,No,Yes,No,No,81.7,DSL,
19.95,13,No,,0,,One year,9522-ZSINC,No,No,Male,1,253.8,13-24,13,No,No,No,0,Yes,Electronic check,No,Yes,No,No,No,19.95,No,
19.25,36,No,,0,,One year,9531-NSBMR,No,No,Female,1,679.8,25-36,36,No,No,No,0,Yes,Bank transfer (automatic),No,Yes,No,No,No,19.25,No,
20.65,26,No,,0,,One year,9534-NSXEM,No,No,Male,1,595.5,25-36,26,No,No,No,0,Yes,Credit card (automatic),No,Yes,No,No,No,20.65,No,
98.65,71,No,,0,,One year,9571-EDEBV,No,Yes,Male,1,6962.85,61+,71,No,Yes,Yes,0,Yes,Credit card (automatic),Yes,Yes,No,No,Yes,98.65,Fiber optic,
25.1,6,No,,0,,One year,9575-IWCAZ,No,No,Male,1,171,0-12,6,No,No,No,0,Yes,Mailed check,Yes,No,No,No,Yes,25.1,No,
34.8,59,No,,0,,One year,9581-GVBXT,Yes,Yes,Male,1,1980.3,49-60,59,No,No,No,0,No,Mailed check,Yes,No,Yes,No,No phone service,34.8,DSL,
79.25,37,No,,0,,One year,9592-ERDKV,No,Yes,Male,1,2911.8,37-48,37,No,Yes,Yes,0,Yes,Mailed check,Yes,No,Yes,No,Yes,79.25,DSL,
20.15,50,No,,0,,One year,9602-WCXPI,No,No,Male,1,989.05,49-60,50,No,No,No,0,Yes,Credit card (automatic),No,No,No,No,No,20.15,No,
69,35,No,,0,,One year,9609-BENEA,No,No,Male,1,2441.7,25-36,35,Yes,Yes,No,0,Yes,Electronic check,Yes,Yes,No,Yes,Yes,69,DSL,
19.25,22,No,,0,,One year,9617-UDPEU,No,No,Female,1,412.55,13-24,22,No,No,No,0,Yes,Mailed check,No,Yes,No,No,No,19.25,No,
55.45,43,No,,0,,One year,9619-GSATL,No,No,Female,1,2444.25,37-48,43,Yes,No,No,0,Yes,Electronic check,No,No,No,Yes,No,55.45,DSL,
20.55,47,No,,0,,One year,9620-QJREV,Yes,No,Male,1,1013.05,37-48,47,No,No,No,0,Yes,Credit card (automatic),No,No,No,No,No,20.55,No,
20.2,25,No,,0,,One year,9621-OUPYD,No,No,Female,1,507.9,25-36,25,No,No,No,0,Yes,Bank transfer (automatic),Yes,Yes,No,No,No,20.2,No,
20.5,63,No,,0,,One year,9639-BUJXT,No,No,Male,1,1328.15,61+,63,No,No,No,0,Yes,Mailed check,No,No,No,No,No,20.5,No,
60.6,53,No,,0,,One year,9640-ZSLDC,Yes,Yes,Female,1,3297,49-60,53,No,No,Yes,0,Yes,Credit card (automatic),Yes,No,No,No,No,60.6,DSL,
92.15,66,No,,0,,One year,9644-KVCNC,No,Yes,Female,1,6056.9,61+,66,No,Yes,No,0,Yes,Bank transfer (automatic),No,Yes,No,No,Yes,92.15,Fiber optic,
107.35,66,No,,0,,One year,9659-ZTWSM,No,Yes,Male,1,7051.95,61+,66,Yes,Yes,Yes,1,Yes,Bank transfer (automatic),Yes,Yes,No,Yes,Yes,107.35,Fiber optic,
62.55,45,No,,0,,One year,9670-BPNXF,No,No,Female,1,2796.45,37-48,45,Yes,No,No,0,Yes,Credit card (automatic),No,Yes,Yes,Yes,No,62.55,DSL,
84.6,53,No,,0,,One year,9677-AVKED,Yes,Yes,Female,1,4449.75,49-60,53,Yes,Yes,Yes,0,Yes,Electronic check,No,Yes,No,Yes,Yes,84.6,DSL,
90.15,55,No,,0,,One year,9691-HKOVS,No,Yes,Female,1,4916.95,49-60,55,Yes,Yes,Yes,0,Yes,Electronic check,Yes,Yes,Yes,Yes,Yes,90.15,DSL,
44.8,50,No,,0,,One year,9702-AIUJO,Yes,No,Male,1,2230.85,49-60,50,No,No,No,0,Yes,Bank transfer (automatic),Yes,Yes,No,No,No,44.8,DSL,
99,61,No,,0,,One year,9705-IOVQQ,Yes,No,Male,1,5969.3,61+,61,No,Yes,Yes,1,Yes,Electronic check,Yes,No,No,Yes,Yes,99,Fiber optic,
54.15,13,No,,0,,One year,9705-ZJBCG,Yes,No,Female,1,701.05,13-24,13,Yes,No,No,0,Yes,Bank transfer (automatic),Yes,No,Yes,No,No,54.15,DSL,
85.85,56,No,,0,,One year,9711-FJTBX,Yes,Yes,Male,1,4793.8,49-60,56,Yes,No,No,0,Yes,Mailed check,Yes,Yes,No,Yes,No,85.85,Fiber optic,
60.3,41,No,,0,,One year,9720-JJJOR,Yes,Yes,Male,1,2511.3,37-48,41,No,No,No,0,Yes,Bank transfer (automatic),Yes,Yes,Yes,Yes,No,60.3,DSL,
72.8,32,No,,0,,One year,9730-DRTMJ,No,No,Male,1,2333.05,25-36,32,Yes,Yes,No,0,Yes,Credit card (automatic),Yes,Yes,Yes,No,Yes,72.8,DSL,
19,49,No,,0,,One year,9732-OUYRN,No,No,Female,1,918.7,49-60,49,No,No,No,0,Yes,Credit card (automatic),Yes,No,No,No,No,19,No,
81.9,39,No,,0,,One year,9738-QLWTP,No,Yes,Male,1,3219.75,37-48,39,Yes,No,No,0,Yes,Electronic check,No,No,No,No,No,81.9,Fiber optic,
89.55,67,No,,0,,One year,9742-XOKTS,Yes,No,Male,1,6038.55,61+,67,Yes,No,No,0,Yes,Electronic check,Yes,No,Yes,Yes,Yes,89.55,Fiber optic,
113.45,47,No,,0,,One year,9746-MDMBK,Yes,Yes,Male,1,5317.8,37-48,47,Yes,Yes,Yes,0,Yes,Bank transfer (automatic),Yes,Yes,Yes,Yes,Yes,113.45,Fiber optic,
20.85,22,No,,0,,One year,9746-UGFAC,No,No,Female,1,450.65,13-24,22,No,No,No,0,Yes,Bank transfer (automatic),No,No,No,No,No,20.85,No,
44.25,52,No,,0,,One year,9746-YKGXB,Yes,Yes,Male,1,2276.1,49-60,52,No,No,Yes,0,No,Bank transfer (automatic),Yes,No,Yes,No,No phone service,44.25,DSL,
30.15,32,No,,0,,One year,9750-BOOHV,No,No,Female,1,927.65,25-36,32,No,No,No,0,No,Mailed check,No,No,Yes,No,No phone service,30.15,DSL,
29.9,48,No,,0,,One year,9758-MFWGD,Yes,No,Female,1,1388.75,37-48,48,No,No,No,1,No,Bank transfer (automatic),Yes,No,No,Yes,No phone service,29.9,DSL,
81.4,39,No,,0,,One year,9762-YAQAA,No,No,Male,1,3213.75,37-48,39,No,No,No,0,Yes,Credit card (automatic),No,No,No,Yes,Yes,81.4,Fiber optic,
19.35,17,No,,0,,One year,9766-HGEDE,No,No,Female,1,307,13-24,17,No,No,No,0,Yes,Mailed check,Yes,No,No,No,No,19.35,No,
98.6,53,No,,0,,One year,9770-KXGQU,No,Yes,Female,1,5311.85,49-60,53,No,Yes,No,0,Yes,Mailed check,No,No,Yes,Yes,Yes,98.6,Fiber optic,
24.35,7,No,,0,,One year,9795-VOWON,No,No,Male,1,150.85,0-12,7,No,No,No,0,No,Credit card (automatic),No,Yes,No,No,No phone service,24.35,DSL,
61.95,17,No,,0,,One year,9798-DRYDS,Yes,Yes,Female,1,1070.7,13-24,17,Yes,No,No,0,Yes,Mailed check,Yes,Yes,No,No,Yes,61.95,DSL,
19.8,23,No,,0,,One year,9801-NOSHQ,Yes,No,Male,1,465.45,13-24,23,No,No,No,0,Yes,Mailed check,No,No,No,No,No,19.8,No,
66.85,71,No,,0,,One year,9803-FTJCG,Yes,No,Male,1,4748.7,61+,71,Yes,No,No,0,Yes,Credit card (automatic),Yes,Yes,Yes,Yes,Yes,66.85,DSL,
20.2,46,No,,0,,One year,9805-FILKB,Yes,No,Male,1,845.6,37-48,46,No,No,No,0,Yes,Bank transfer (automatic),Yes,Yes,No,No,No,20.2,No,
104.25,66,No,,0,,One year,9821-BESNZ,No,No,Male,1,6860.6,61+,66,Yes,Yes,Yes,0,Yes,Electronic check,No,Yes,No,Yes,Yes,104.25,Fiber optic,
20,36,No,,0,,One year,9824-QCJPK,No,No,Male,1,666.75,25-36,36,No,No,No,0,Yes,Mailed check,Yes,No,No,No,No,20,No,
101.1,41,No,,0,,One year,9825-YCXWZ,No,Yes,Female,1,4016.2,37-48,41,Yes,Yes,Yes,1,Yes,Bank transfer (automatic),No,Yes,No,No,No,101.1,Fiber optic,
50,58,No,,0,,One year,9830-ECLEN,Yes,Yes,Male,1,2919.85,49-60,58,No,Yes,No,0,No,Mailed check,Yes,No,Yes,Yes,No phone service,50,DSL,
97.1,42,No,,0,,One year,9833-TGFHX,Yes,No,Male,1,4016.75,37-48,42,No,Yes,Yes,0,Yes,Electronic check,Yes,No,Yes,No,Yes,97.1,Fiber optic,
107.9,70,No,,0,,One year,9844-FELAJ,Yes,Yes,Female,1,7475.85,61+,70,Yes,Yes,Yes,1,Yes,Electronic check,Yes,Yes,No,Yes,Yes,107.9,Fiber optic,
19.75,14,No,,0,,One year,9845-QOMAD,Yes,No,Male,1,309.35,13-24,14,No,No,No,0,Yes,Mailed check,Yes,No,No,No,No,19.75,No,
19.95,17,No,,0,,One year,9847-HNVGP,No,No,Male,1,310.6,13-24,17,No,No,No,0,Yes,Mailed check,No,No,No,No,No,19.95,No,
20.75,17,No,,0,,One year,9867-JCZSP,Yes,No,Female,1,418.25,13-24,17,No,No,No,0,Yes,Mailed check,Yes,No,No,No,No,20.75,No,
25.55,28,No,,0,,One year,9891-NQDBD,No,No,Female,1,672.2,25-36,28,No,No,No,0,Yes,Mailed check,Yes,No,No,No,Yes,25.55,No,
55.8,23,No,,0,,One year,9894-QMIMJ,No,Yes,Female,1,1327.85,13-24,23,No,No,No,0,Yes,Bank transfer (automatic),No,No,No,Yes,No,55.8,DSL,
114.3,66,No,,0,,One year,9896-UYMIE,No,Yes,Male,1,7383.7,61+,66,Yes,Yes,Yes,0,Yes,Bank transfer (automatic),No,Yes,Yes,Yes,Yes,114.3,Fiber optic,
95.85,26,No,,0,,One year,9909-DFRJA,No,Yes,Female,1,2475.35,25-36,26,Yes,No,Yes,0,Yes,Bank transfer (automatic),No,Yes,Yes,No,No,95.85,Fiber optic,
106.15,59,No,,0,,One year,9912-OMZDS,Yes,Yes,Female,1,6256.2,49-60,59,No,Yes,Yes,0,Yes,Electronic check,Yes,Yes,No,Yes,Yes,106.15,Fiber optic,
78.35,41,No,,0,,One year,9917-KWRBE,Yes,Yes,Female,1,3211.2,37-48,41,No,Yes,No,0,Yes,Credit card (automatic),Yes,Yes,Yes,Yes,Yes,78.35,DSL,
54.4,28,No,,0,,One year,9931-DCEZH,Yes,No,Male,1,1516.6,25-36,28,Yes,No,No,0,Yes,Credit card (automatic),No,Yes,No,Yes,No,54.4,DSL,
72.1,37,No,,0,,One year,9938-ZREHM,No,No,Female,1,2658.4,37-48,37,Yes,No,Yes,0,Yes,Mailed check,Yes,No,No,Yes,Yes,72.1,DSL,
60.8,69,No,,0,,One year,9955-QOPOY,No,Yes,Male,1,4263.4,61+,69,Yes,Yes,Yes,0,No,Credit card (automatic),Yes,Yes,No,Yes,No phone service,60.8,DSL,
68.8,63,No,,0,,One year,9968-FFVVH,No,Yes,Male,1,4111.35,61+,63,Yes,No,No,0,Yes,Bank transfer (automatic),No,No,Yes,Yes,Yes,68.8,DSL,
94,53,No,,0,,One year,9972-VAFJJ,No,Yes,Female,1,4871.45,49-60,53,Yes,Yes,No,1,Yes,Electronic check,Yes,Yes,No,Yes,No,94,Fiber optic,
84.95,47,No,,0,,One year,9978-HYCIN,Yes,No,Male,1,4018.05,37-48,47,No,Yes,No,1,Yes,Bank transfer (automatic),Yes,Yes,No,Yes,No,84.95,Fiber optic,
94.05,7,No,,0,,One year,9979-RGMZT,No,No,Female,1,633.45,0-12,7,No,Yes,Yes,0,Yes,Mailed check,No,Yes,No,Yes,No,94.05,Fiber optic,
55.15,13,No,,0,,One year,9987-LUTYD,No,No,Female,1,742.9,13-24,13,Yes,No,No,0,Yes,Mailed check,No,No,Yes,No,No,55.15,DSL,
109.7,71,No,,0,,Two year,0013-SMEOE,No,Yes,Female,1,7904.25,61+,71,Yes,Yes,Yes,1,Yes,Bank transfer (automatic),Yes,Yes,Yes,Yes,No,109.7,Fiber optic,
84.65,63,No,,0,,Two year,0014-BMAQU,No,No,Male,1,5377.8,61+,63,Yes,No,No,0,Yes,Credit card (automatic),Yes,Yes,Yes,No,Yes,84.65,Fiber optic,
90.45,65,No,,0,,Two year,0016-QLJIS,Yes,Yes,Female,1,5957.9,61+,65,Yes,Yes,Yes,0,Yes,Mailed check,Yes,Yes,Yes,Yes,Yes,90.45,DSL,
45.2,54,No,,0,,Two year,0017-DINOC,No,No,Male,1,2460.55,49-60,54,Yes,Yes,No,0,No,Credit card (automatic),No,No,Yes,No,No phone service,45.2,DSL,
116.8,72,No,,0,,Two year,0017-IUDMW,Yes,Yes,Female,1,8456.75,61+,72,Yes,Yes,Yes,0,Yes,Credit card (automatic),Yes,Yes,Yes,Yes,Yes,116.8,Fiber optic,
101.3,72,No,,0,,Two year,0019-EFAEP,No,Yes,Female,1,7261.25,61+,72,No,Yes,No,0,Yes,Bank transfer (automatic),No,Yes,Yes,Yes,Yes,101.3,Fiber optic,
45.05,56,No,,0,,Two year,0019-GFNTW,No,Yes,Female,1,2560.1,49-60,56,Yes,No,No,0,No,Bank transfer (automatic),No,No,Yes,Yes,No phone service,45.05,DSL,
95.75,71,No,,0,,Two year,0020-INWCK,Yes,Yes,Female,1,6849.4,61+,71,No,No,Yes,0,Yes,Credit card (automatic),Yes,Yes,No,Yes,Yes,95.75,Fiber optic,
20.4,54,No,,0,,Two year,0040-HALCW,Yes,No,Male,1,1090.6,49-60,54,No,No,No,0,Yes,Credit card (automatic),Yes,No,No,No,No,20.4,No,
19.7,69,No,,0,,Two year,0042-RLHYP,Yes,No,Female,1,1396.9,61+,69,No,No,No,0,Yes,Bank transfer (automatic),Yes,No,No,No,No,19.7,No,
39.4,20,No,,0,,Two year,0056-EPFBG,Yes,Yes,Male,1,825.4,13-24,20,Yes,No,No,0,No,Credit card (automatic),Yes,Yes,Yes,No,No phone service,39.4,DSL,
25.1,43,No,,0,,Two year,0057-QBUQH,Yes,No,Female,1,1070.15,37-48,43,No,No,No,0,Yes,Electronic check,No,Yes,No,No,Yes,25.1,No,
20.3,12,No,,0,,Two year,0064-SUDOG,Yes,No,Female,1,224.5,0-12,12,No,No,No,0,Yes,Bank transfer (automatic),Yes,No,No,No,No,20.3,No,
25.5,25,No,,0,,Two year,0071-NDAFP,Yes,No,Male,1,630.6,25-36,25,No,No,No,0,Yes,Credit card (automatic),Yes,No,No,No,Yes,25.5,No,
85.15,72,No,,0,,Two year,0078-XZMHT,No,Yes,Male,1,6316.2,61+,72,Yes,Yes,Yes,0,Yes,Bank transfer (automatic),Yes,Yes,No,Yes,Yes,85.15,DSL,
116,69,No,,0,,Two year,0106-UGRDO,No,Yes,Female,1,8182.85,61+,69,Yes,Yes,Yes,0,Yes,Electronic check,Yes,Yes,Yes,Yes,Yes,116,Fiber optic,
58.25,71,No,,0,,Two year,0114-IGABW,No,Yes,Female,1,4145.9,61+,71,Yes,Yes,Yes,0,No,Bank transfer (automatic),Yes,No,No,Yes,No phone service,58.25,DSL,
88.1,61,No,,0,,Two year,0123-CRBRT,Yes,Yes,Female,1,5526.75,61+,61,Yes,Yes,Yes,0,Yes,Mailed check,Yes,No,Yes,Yes,Yes,88.1,DSL,
109.95,69,No,,0,,Two year,0136-IFMYD,No,Yes,Male,1,7634.25,61+,69,Yes,Yes,Yes,1,Yes,Electronic check,Yes,Yes,No,Yes,Yes,109.95,Fiber optic,
114.9,72,No,,0,,Two year,0164-APGRB,No,Yes,Female,1,8496.7,61+,72,Yes,Yes,Yes,0,Yes,Electronic check,No,Yes,Yes,Yes,Yes,114.9,Fiber optic,
19.55,24,No,,0,,Two year,0164-XAIRP,No,No,Female,1,470.2,13-24,24,No,No,No,0,Yes,Bank transfer (automatic),No,Yes,No,No,No,19.55,No,
25.35,71,No,,0,,Two year,0174-QRVVY,Yes,No,Male,1,1847.55,61+,71,No,No,No,0,Yes,Credit card (automatic),Yes,No,No,No,Yes,25.35,No,
108.15,62,No,,0,,Two year,0181-RITDD,Yes,Yes,Male,1,6825.65,61+,62,Yes,Yes,Yes,0,Yes,Mailed check,Yes,No,Yes,Yes,No,108.15,Fiber optic,
35.05,25,No,,0,,Two year,0191-EQUUH,Yes,No,Female,1,844.45,25-36,25,Yes,No,No,0,No,Bank transfer (automatic),No,No,Yes,No,No phone service,35.05,DSL,
102.4,66,No,,0,,Two year,0201-MIBOL,No,No,Female,1,6471.85,61+,66,No,Yes,Yes,1,Yes,Bank transfer (automatic),No,Yes,Yes,No,Yes,102.4,Fiber optic,
19.25,46,No,,0,,Two year,0206-OYVOC,Yes,No,Female,1,864.2,37-48,46,No,No,No,0,Yes,Mailed check,Yes,Yes,No,No,No,19.25,No,
57.8,70,No,,0,,Two year,0214-JHPFW,No,Yes,Female,1,4039.3,61+,70,Yes,Yes,Yes,0,No,Bank transfer (automatic),Yes,No,No,Yes,No phone service,57.8,DSL,
20.15,8,No,,0,,Two year,0224-NIJLP,Yes,No,Male,1,165.5,0-12,8,No,No,No,0,Yes,Mailed check,Yes,No,No,No,No,20.15,No,
69.65,72,No,,0,,Two year,0229-LFJAF,No,Yes,Male,1,4908.25,61+,72,Yes,No,No,0,Yes,Bank transfer (automatic),No,No,Yes,Yes,Yes,69.65,DSL,
56.6,66,No,,0,,Two year,0230-WEQUW,No,Yes,Male,1,3789.2,61+,66,Yes,Yes,No,0,No,Bank transfer (automatic),Yes,Yes,Yes,Yes,No phone service,56.6,DSL,
89.7,72,No,,0,,Two year,0238-WHBIQ,Yes,Yes,Male,1,6339.3,61+,72,Yes,Yes,Yes,0,Yes,Credit card (automatic),Yes,No,Yes,Yes,Yes,89.7,DSL,
92.65,72,No,,0,,Two year,0244-LGNFY,Yes,Yes,Female,1,6733,61+,72,Yes,Yes,Yes,0,Yes,Bank transfer (automatic),Yes,No,Yes,Yes,Yes,92.65,DSL,
92.45,67,No,,0,,Two year,0248-PGHBZ,No,No,Female,1,6140.85,61+,67,Yes,Yes,No,1,Yes,Bank transfer (automatic),No,Yes,Yes,Yes,No,92.45,Fiber optic,
79.65,48,No,,0,,Two year,0253-ZTEOB,Yes,No,Female,1,3870.3,37-48,48,Yes,Yes,Yes,0,Yes,Electronic check,Yes,No,No,Yes,Yes,79.65,DSL,
109.9,72,No,,0,,Two year,0254-FNMCI,No,Yes,Female,1,7624.2,61+,72,Yes,Yes,Yes,0,Yes,Electronic check,No,Yes,Yes,Yes,No,109.9,Fiber optic,
70.5,50,No,,0,,Two year,0263-FJTQO,Yes,No,Male,1,3486.65,49-60,50,Yes,Yes,No,0,Yes,Credit card (automatic),Yes,Yes,Yes,No,Yes,70.5,DSL,
20.1,71,No,,0,,Two year,0264-CNITK,Yes,No,Female,1,1389.6,61+,71,No,No,No,0,Yes,Bank transfer (automatic),Yes,No,No,No,No,20.1,No,
105.65,67,No,,0,,Two year,0266-CLZKZ,Yes,Yes,Female,1,6717.9,61+,67,Yes,Yes,Yes,0,Yes,Bank transfer (automatic),Yes,Yes,No,No,Yes,105.65,Fiber optic,
114.3,72,No,,0,,Two year,0266-GMEAO,Yes,Yes,Male,1,8058.55,61+,72,Yes,Yes,Yes,0,Yes,Credit card (automatic),Yes,Yes,Yes,Yes,Yes,114.3,Fiber optic,
69.85,72,No,,0,,Two year,0270-THENM,Yes,Yes,Male,1,5102.35,61+,72,Yes,No,No,0,Yes,Bank transfer (automatic),Yes,No,Yes,Yes,Yes,69.85,DSL,
50.55,66,No,,0,,Two year,0277-ORXQS,Yes,No,Male,1,3364.55,61+,66,Yes,Yes,Yes,0,No,Bank transfer (automatic),Yes,No,No,No,No phone service,50.55,DSL,
19.95,63,No,,0,,Two year,0281-CNTZX,No,No,Male,1,1234.8,61+,63,No,No,No,0,Yes,Bank transfer (automatic),Yes,Yes,No,No,No,19.95,No,
50.2,52,No,,0,,Two year,0298-XACET,Yes,Yes,Male,1,2554,49-60,52,Yes,Yes,No,0,No,Mailed check,Yes,No,No,Yes,No phone service,50.2,DSL,
63.8,72,No,,0,,Two year,0301-FIDRB,Yes,Yes,Female,1,4684.3,61+,72,Yes,Yes,Yes,0,No,Bank transfer (automatic),Yes,Yes,Yes,Yes,No phone service,63.8,DSL,
20.05,32,No,,0,,Two year,0301-KOBTQ,No,No,Male,1,614.45,25-36,32,No,No,No,0,Yes,Bank transfer (automatic),No,Yes,No,No,No,20.05,No,
20.15,49,No,,0,,Two year,0318-ZOPWS,No,No,Female,1,973.35,49-60,49,No,No,No,0,Yes,Bank transfer (automatic),Yes,Yes,No,No,No,20.15,No,
99.5,53,No,,0,,Two year,0320-DWVTU,No,Yes,Female,1,5424.25,49-60,53,Yes,No,Yes,0,Yes,Mailed check,No,No,Yes,Yes,No,99.5,Fiber optic,
26.4,3,No,,0,,Two year,0323-XWWTN,Yes,No,Male,1,121.25,0-12,3,No,No,No,0,Yes,Mailed check,No,Yes,No,No,Yes,26.4,No,
61.2,72,No,,0,,Two year,0336-KXKFK,No,Yes,Male,1,4390.25,61+,72,Yes,Yes,Yes,0,No,Credit card (automatic),No,Yes,Yes,No,No phone service,61.2,DSL,
74.4,72,No,,0,,Two year,0336-PIKEI,No,Yes,Male,1,5360.75,61+,72,Yes,Yes,No,1,Yes,Bank transfer (automatic),Yes,No,Yes,Yes,No,74.4,DSL,
39.6,60,No,,0,,Two year,0343-QLUZP,No,Yes,Male,1,2424.5,49-60,60,No,No,No,0,No,Bank transfer (automatic),No,No,Yes,Yes,No phone service,39.6,DSL,
108.9,46,No,,0,,Two year,0345-XMMUG,No,Yes,Female,1,4854.3,37-48,46,Yes,Yes,Yes,0,Yes,Credit card (automatic),Yes,Yes,No,Yes,Yes,108.9,Fiber optic,
19.6,23,No,,0,,Two year,0354-VXMJC,Yes,No,Male,1,426.65,13-24,23,No,No,No,0,Yes,Credit card (automatic),Yes,No,No,No,No,19.6,No,
99.9,56,No,,0,,Two year,0356-OBMAC,No,Yes,Female,1,5706.3,49-60,56,Yes,Yes,No,1,Yes,Bank transfer (automatic),No,Yes,No,Yes,Yes,99.9,Fiber optic,
64.35,68,No,,0,,Two year,0361-HJRDX,No,Yes,Female,1,4539.6,61+,68,Yes,Yes,Yes,0,No,Credit card (automatic),No,No,Yes,Yes,No phone service,64.35,DSL,
19.65,40,No,,0,,Two year,0362-RAOQO,No,No,Female,1,830.25,37-48,40,No,No,No,0,Yes,Credit card (automatic),No,No,No,No,No,19.65,No,
86.85,71,No,,0,,Two year,0363-SVHYR,Yes,Yes,Male,1,6263.8,61+,71,Yes,Yes,Yes,0,Yes,Bank transfer (automatic),Yes,No,Yes,Yes,Yes,86.85,DSL,
20.4,65,No,,0,,Two year,0374-FIUCA,No,No,Male,1,1414.45,61+,65,No,No,No,0,Yes,Credit card (automatic),Yes,Yes,No,No,No,20.4,No,
112.1,72,No,,0,,Two year,0378-CJKPV,No,Yes,Female,1,7965.95,61+,72,Yes,Yes,Yes,0,Yes,Credit card (automatic),Yes,No,Yes,Yes,Yes,112.1,Fiber optic,
81.35,67,No,,0,,Two year,0379-DJQHR,Yes,Yes,Male,1,5398.6,61+,67,No,Yes,Yes,0,Yes,Credit card (automatic),Yes,No,Yes,Yes,No,81.35,DSL,
85.35,69,No,,0,,Two year,0383-CLDDA,No,Yes,Female,1,5897.4,61+,69,Yes,Yes,Yes,0,Yes,Credit card (automatic),No,Yes,Yes,No,Yes,85.35,DSL,
19.4,46,No,,0,,Two year,0386-CWRGM,Yes,No,Female,1,967.85,37-48,46,No,No,No,0,Yes,Mailed check,Yes,No,No,No,No,19.4,No,
105,72,No,,0,,Two year,0392-BZIUW,No,Yes,Female,1,7589.8,61+,72,No,Yes,Yes,0,Yes,Credit card (automatic),Yes,Yes,Yes,No,Yes,105,Fiber optic,
25.15,70,No,,0,,Two year,0394-YONDK,Yes,No,Male,1,1790.15,61+,70,No,No,No,0,Yes,Credit card (automatic),Yes,No,No,No,Yes,25.15,No,
20.5,67,No,,0,,Two year,0397-ZXWQF,No,No,Male,1,1430.95,61+,67,No,No,No,0,Yes,Bank transfer (automatic),No,No,No,No,No,20.5,No,
105.55,72,No,,0,,Two year,0401-WDBXM,Yes,Yes,Male,1,7542.25,61+,72,No,Yes,Yes,0,Yes,Bank transfer (automatic),Yes,Yes,Yes,No,Yes,105.55,Fiber optic,
24.45,72,No,,0,,Two year,0402-OAMEN,Yes,No,Female,1,1709.1,61+,72,No,No,No,0,Yes,Bank transfer (automatic),Yes,No,No,No,Yes,24.45,No,
19.7,72,No,,0,,Two year,0404-AHASP,No,No,Male,1,1421.9,61+,72,No,No,No,0,Yes,Credit card (automatic),Yes,No,No,No,No,19.7,No,
59.2,55,No,,0,,Two year,0412-UCCNP,No,Yes,Male,1,3175.85,49-60,55,Yes,No,No,0,Yes,Electronic check,No,Yes,Yes,No,No,59.2,DSL,
66.1,66,No,,0,,Two year,0420-TXVSG,No,Yes,Male,1,4428.45,61+,66,No,No,No,0,Yes,Credit card (automatic),Yes,Yes,Yes,Yes,Yes,66.1,DSL,
85.25,67,No,,0,,Two year,0436-TWFFZ,No,Yes,Female,1,5714.2,61+,67,Yes,Yes,Yes,0,Yes,Mailed check,No,Yes,Yes,No,Yes,85.25,DSL,
60.15,62,No,,0,,Two year,0440-EKDCF,No,Yes,Male,1,3753.2,61+,62,Yes,No,No,0,Yes,Credit card (automatic),Yes,Yes,No,Yes,No,60.15,DSL,
20.05,48,No,,0,,Two year,0442-TDYUO,No,No,Male,1,1036,37-48,48,No,No,No,0,Yes,Mailed check,Yes,Yes,No,No,No,20.05,No,
80.6,33,No,,0,,Two year,0454-OKRCT,No,No,Male,1,2651.1,25-36,33,Yes,No,No,0,Yes,Bank transfer (automatic),No,No,No,Yes,No,80.6,Fiber optic,
85.25,66,No,,0,,Two year,0455-ENTCR,No,No,Male,1,5538.35,61+,66,Yes,Yes,Yes,0,Yes,Electronic check,Yes,No,Yes,Yes,Yes,85.25,DSL,
35.4,13,No,,0,,Two year,0458-HEUZG,No,Yes,Female,1,450.4,13-24,13,Yes,No,No,0,No,Mailed check,No,No,No,No,No phone service,35.4,DSL,
83.5,63,No,,0,,Two year,0459-SPZHJ,Yes,Yes,Male,1,5435,61+,63,No,Yes,Yes,0,Yes,Credit card (automatic),Yes,No,Yes,Yes,Yes,83.5,DSL,
25.6,52,No,,0,,Two year,0463-TXOAK,Yes,No,Male,1,1334.5,49-60,52,No,No,No,0,Yes,Credit card (automatic),No,No,No,No,Yes,25.6,No,
20.1,72,No,,0,,Two year,0464-WJTKO,Yes,No,Female,1,1460.85,61+,72,No,No,No,0,Yes,Bank transfer (automatic),Yes,No,No,No,No,20.1,No,
105.45,26,No,,0,,Two year,0479-HMSWA,Yes,Yes,Female,1,2715.3,25-36,26,Yes,Yes,Yes,0,Yes,Electronic check,No,Yes,No,Yes,No,105.45,Fiber optic,
24.25,72,No,,0,,Two year,0480-KYJVA,Yes,No,Female,1,1784.5,61+,72,No,No,No,0,Yes,Credit card (automatic),Yes,No,No,No,Yes,24.25,No,
24.75,65,No,,0,,Two year,0485-ZBSLN,Yes,No,Male,1,1715.1,61+,65,No,No,No,0,Yes,Credit card (automatic),Yes,No,No,No,Yes,24.75,No,
19.65,11,No,,0,,Two year,0486-LGCCH,Yes,No,Male,1,225.75,0-12,11,No,No,No,0,Yes,Mailed check,Yes,No,No,No,No,19.65,No,
74.45,49,No,,0,,Two year,0487-CRLZF,No,Yes,Female,1,3721.9,49-60,49,Yes,Yes,Yes,0,Yes,Bank transfer (automatic),No,Yes,No,No,No,74.45,DSL,
19.8,70,No,,0,,Two year,0505-SPOOW,No,No,Female,1,1397.65,61+,70,No,No,No,0,Yes,Bank transfer (automatic),Yes,No,No,No,No,19.8,No,
20.2,46,No,,0,,Two year,0506-YLVKJ,Yes,No,Male,1,917.45,37-48,46,No,No,No,0,Yes,Mailed check,Yes,Yes,No,No,No,20.2,No,
20.1,57,No,,0,,Two year,0508-SQWPL,Yes,No,Female,1,1087.7,49-60,57,No,No,No,0,Yes,Bank transfer (automatic),Yes,Yes,No,No,No,20.1,No,
62.8,37,No,,0,,Two year,0513-RBGPE,Yes,Yes,Male,1,2278.75,37-48,37,Yes,No,No,0,Yes,Credit card (automatic),Yes,Yes,Yes,No,Yes,62.8,DSL,
42.1,72,No,,0,,Two year,0526-SXDJP,No,Yes,Male,1,2962,61+,72,No,No,No,0,No,Bank transfer (automatic),Yes,No,Yes,Yes,No phone service,42.1,DSL,
114.6,70,No,,0,,Two year,0530-IJVDB,Yes,Yes,Male,1,7882.5,61+,70,Yes,Yes,Yes,0,Yes,Electronic check,No,Yes,Yes,Yes,Yes,114.6,Fiber optic,
65.7,66,No,,0,,Two year,0531-XBKMM,Yes,No,Male,1,4378.9,61+,66,Yes,No,No,0,Yes,Bank transfer (automatic),No,No,Yes,Yes,Yes,65.7,DSL,
109.55,72,No,,0,,Two year,0536-ACXIP,No,Yes,Female,1,8165.1,61+,72,No,Yes,Yes,0,Yes,Electronic check,Yes,Yes,Yes,Yes,Yes,109.55,Fiber optic,
74.55,54,No,,0,,Two year,0536-ESJEP,No,No,Male,1,4191.45,49-60,54,No,Yes,Yes,0,Yes,Bank transfer (automatic),Yes,Yes,Yes,Yes,No,74.55,DSL,
70.1,58,No,,0,,Two year,0556-FJEGU,No,Yes,Male,1,4048.95,49-60,58,Yes,Yes,No,0,Yes,Bank transfer (automatic),No,No,No,Yes,No,70.1,DSL,
19.55,29,No,,0,,Two year,0559-CKHUS,No,No,Female,1,521.8,25-36,29,No,No,No,0,Yes,Mailed check,Yes,Yes,No,No,No,19.55,No,
74.55,72,No,,0,,Two year,0562-FGDCR,Yes,No,Female,1,5430.65,61+,72,Yes,Yes,No,0,Yes,Mailed check,Yes,No,Yes,Yes,Yes,74.55,DSL,
23.9,71,No,,0,,Two year,0562-HKHML,Yes,No,Male,1,1626.4,61+,71,No,No,No,0,Yes,Credit card (automatic),Yes,No,No,No,Yes,23.9,No,
44.6,70,No,,0,,Two year,0562-KBDVM,No,Yes,Female,1,3058.15,61+,70,Yes,No,No,0,No,Bank transfer (automatic),No,Yes,Yes,Yes,No phone service,44.6,DSL,
43.95,69,No,,0,,Two year,0567-XRHCU,Yes,Yes,Female,1,2960.1,61+,69,No,No,Yes,0,No,Credit card (automatic),Yes,Yes,Yes,No,No phone service,43.95,DSL,
99.65,46,No,,0,,Two year,0572-ZJKLT,Yes,Yes,Female,1,4630.2,37-48,46,Yes,No,Yes,0,Yes,Mailed check,Yes,No,Yes,No,Yes,99.65,Fiber optic,
20.3,38,No,,0,,Two year,0582-AVCLN,No,No,Female,1,743.05,37-48,38,No,No,No,0,Yes,Mailed check,No,No,No,No,No,20.3,No,
69.75,57,No,,0,,Two year,0602-DDUML,No,Yes,Female,1,3894.4,49-60,57,Yes,Yes,No,0,Yes,Mailed check,No,No,No,Yes,No,69.75,DSL,
25.45,59,No,,0,,Two year,0603-TPMIB,Yes,No,Female,1,1534.05,49-60,59,No,No,No,0,Yes,Mailed check,Yes,No,No,No,Yes,25.45,No,
75.95,59,No,,0,,Two year,0604-THJFP,Yes,No,Female,1,4542.35,49-60,59,Yes,Yes,Yes,0,Yes,Credit card (automatic),Yes,Yes,No,Yes,No,75.95,DSL,
19.8,50,No,,0,,Two year,0608-JDVEC,No,No,Male,1,1013.2,49-60,50,No,No,No,0,Yes,Electronic check,Yes,No,No,No,No,19.8,No,
19.2,70,No,,0,,Two year,0613-WUXUM,Yes,No,Female,1,1401.4,61+,70,No,No,No,0,Yes,Mailed check,Yes,Yes,No,No,No,19.2,No,
111.9,72,No,,0,,Two year,0619-OLYUR,No,Yes,Male,1,8071.05,61+,72,Yes,Yes,Yes,0,Yes,Credit card (automatic),Yes,Yes,Yes,No,Yes,111.9,Fiber optic,
18.7,53,No,,0,,Two year,0621-CXBKL,No,No,Female,1,1005.7,49-60,53,No,No,No,0,Yes,Mailed check,No,No,No,No,No,18.7,No,
29.6,10,No,,0,,Two year,0621-JFHOL,No,No,Female,1,299.05,0-12,10,Yes,No,No,0,No,Mailed check,No,Yes,No,No,No phone service,29.6,DSL,
20.2,29,No,,0,,Two year,0625-AFOHS,Yes,No,Female,1,558.8,25-36,29,No,No,No,0,Yes,Mailed check,Yes,No,No,No,No,20.2,No,
24.15,72,No,,0,,Two year,0626-QXNGV,No,No,Female,1,1776.45,61+,72,No,No,No,0,Yes,Credit card (automatic),Yes,Yes,No,No,Yes,24.15,No,
21,72,No,,0,,Two year,0640-YJTPY,Yes,No,Male,1,1493.75,61+,72,No,No,No,0,Yes,Bank transfer (automatic),Yes,No,No,No,No,21,No,
99.4,72,No,,0,,Two year,0665-XHDJU,No,No,Male,1,7285.7,61+,72,No,Yes,Yes,0,Yes,Electronic check,Yes,Yes,No,Yes,Yes,99.4,Fiber optic,
71.9,63,No,,0,,Two year,0674-GCDXG,No,Yes,Male,1,4479.2,61+,63,Yes,No,Yes,0,Yes,Bank transfer (automatic),No,Yes,Yes,No,Yes,71.9,DSL,
116.4,72,No,,0,,Two year,0675-NCDYU,Yes,Yes,Female,1,8543.25,61+,72,Yes,Yes,Yes,0,Yes,Credit card (automatic),Yes,Yes,Yes,Yes,Yes,116.4,Fiber optic,
105.55,53,No,,0,,Two year,0678-RLHVP,No,Yes,Female,1,5682.25,49-60,53,No,Yes,Yes,0,Yes,Electronic check,No,No,No,Yes,Yes,105.55,Fiber optic,
20.25,61,No,,0,,Two year,0704-VCUMB,No,No,Female,1,1278.8,61+,61,No,No,No,0,Yes,Credit card (automatic),Yes,No,No,No,No,20.25,No,
75.5,70,No,,0,,Two year,0707-HOVVN,No,Yes,Female,1,5212.65,61+,70,Yes,Yes,No,1,Yes,Bank transfer (automatic),No,Yes,No,Yes,Yes,75.5,DSL,
93.75,57,No,,0,,Two year,0716-BQNDX,No,No,Male,1,5625.55,49-60,57,Yes,No,Yes,1,Yes,Electronic check,No,No,Yes,No,Yes,93.75,Fiber optic,
97.65,69,No,,0,,Two year,0727-BNRLG,No,Yes,Male,1,6743.55,61+,69,Yes,Yes,No,0,Yes,Credit card (automatic),No,Yes,No,Yes,Yes,97.65,Fiber optic,
90.3,71,No,,0,,Two year,0730-BGQGF,Yes,Yes,Male,1,6287.3,61+,71,Yes,Yes,Yes,0,Yes,Credit card (automatic),Yes,No,Yes,Yes,Yes,90.3,DSL,
25.05,52,No,,0,,Two year,0732-OCQOC,Yes,No,Female,1,1270.25,49-60,52,No,No,No,0,Yes,Bank transfer (automatic),Yes,Yes,No,No,Yes,25.05,No,
53.8,72,No,,0,,Two year,0739-UUAJR,Yes,Yes,Female,1,3952.45,61+,72,No,Yes,Yes,0,No,Credit card (automatic),Yes,Yes,Yes,No,No phone service,53.8,DSL,
99.15,72,No,,0,,Two year,0742-LAFQK,No,Yes,Male,1,7422.1,61+,72,No,No,Yes,0,Yes,Electronic check,Yes,Yes,Yes,Yes,Yes,99.15,Fiber optic,
86.65,72,No,,0,,Two year,0744-BIKKF,No,Yes,Male,1,6224.8,61+,72,Yes,Yes,Yes,0,Yes,Bank transfer (automatic),No,No,Yes,Yes,Yes,86.65,DSL,
19.9,4,No,,0,,Two year,0754-EEBDC,Yes,No,Male,1,76.65,0-12,4,No,No,No,0,Yes,Mailed check,Yes,No,No,No,No,19.9,No,
63.35,54,No,,0,,Two year,0757-WCUUZ,Yes,Yes,Male,1,3409.1,49-60,54,No,No,Yes,0,Yes,Credit card (automatic),Yes,No,No,No,Yes,63.35,DSL,
65.7,72,No,,0,,Two year,0769-MURVM,Yes,Yes,Female,1,4575.35,61+,72,Yes,Yes,Yes,0,No,Bank transfer (automatic),Yes,No,Yes,Yes,No phone service,65.7,DSL,
74.6,66,No,,0,,Two year,0771-CHWSK,No,Yes,Male,1,4798.4,61+,66,No,No,Yes,0,Yes,Credit card (automatic),No,Yes,Yes,Yes,Yes,74.6,DSL,
59.7,71,No,,0,,Two year,0774-RMNUW,Yes,No,Female,1,4122.65,61+,71,Yes,Yes,Yes,0,No,Bank transfer (automatic),Yes,No,Yes,Yes,No phone service,59.7,DSL,
20.65,57,No,,0,,Two year,0780-XNZFN,No,No,Male,1,1125.6,49-60,57,No,No,No,0,Yes,Bank transfer (automatic),No,No,No,No,No,20.65,No,
19.9,72,No,,0,,Two year,0784-ZQJZX,Yes,No,Male,1,1529.65,61+,72,No,No,No,0,Yes,Credit card (automatic),No,No,No,No,No,19.9,No,
20.3,72,No,,0,,Two year,0794-YVSGE,Yes,No,Male,1,1401.15,61+,72,No,No,No,0,Yes,Bank transfer (automatic),Yes,No,No,No,No,20.3,No,
90.4,71,No,,0,,Two year,0795-LAFGP,Yes,Yes,Male,1,6668.05,61+,71,Yes,Yes,Yes,0,Yes,Electronic check,Yes,No,Yes,Yes,Yes,90.4,DSL,
25.4,72,No,,0,,Two year,0795-XCCTE,No,No,Male,1,1809.35,61+,72,No,No,No,1,Yes,Bank transfer (automatic),No,No,No,No,Yes,25.4,No,
77.8,55,No,,0,,Two year,0813-TAXXS,No,Yes,Male,1,4323.35,49-60,55,No,Yes,Yes,0,Yes,Bank transfer (automatic),No,Yes,No,No,Yes,77.8,DSL,
99,42,No,,0,,Two year,0815-MFZGM,No,Yes,Female,1,4135,37-48,42,Yes,Yes,Yes,0,Yes,Credit card (automatic),Yes,Yes,No,No,No,99,Fiber optic,
19.1,71,No,,0,,Two year,0825-CPPQH,No,No,Female,1,1372.45,61+,71,No,No,No,0,Yes,Credit card (automatic),Yes,No,No,No,No,19.1,No,
18.55,36,No,,0,,Two year,0827-ITJPH,No,No,Male,1,689,25-36,36,No,No,No,0,Yes,Credit card (automatic),No,Yes,No,No,No,18.55,No,
19.8,71,No,,0,,Two year,0831-JNISG,Yes,No,Male,1,1396.25,61+,71,No,No,No,0,Yes,Mailed check,Yes,No,No,No,No,19.8,No,
111.25,71,No,,0,,Two year,0835-JKADZ,No,Yes,Female,1,7984.15,61+,71,Yes,Yes,Yes,0,Yes,Electronic check,No,Yes,No,Yes,Yes,111.25,Fiber optic,
89.9,66,No,,0,,Two year,0839-JTCUD,Yes,Yes,Female,1,5958.85,61+,66,Yes,Yes,Yes,0,Yes,Credit card (automatic),Yes,No,Yes,Yes,Yes,89.9,DSL,
19.4,30,No,,0,,Two year,0839-QNXME,No,No,Female,1,578.5,25-36,30,No,No,No,0,Yes,Credit card (automatic),No,No,No,No,No,19.4,No,
20,62,No,,0,,Two year,0847-HGRML,Yes,No,Male,1,1250.1,61+,62,No,No,No,0,Yes,Bank transfer (automatic),No,No,No,No,No,20,No,
48.4,70,No,,0,,Two year,0848-SOMKO,No,Yes,Male,1,3442.8,61+,70,Yes,No,Yes,0,No,Bank transfer (automatic),No,No,Yes,No,No phone service,48.4,DSL,
105.6,72,No,,0,,Two year,0853-TWRVK,No,Yes,Male,1,7581.5,61+,72,Yes,No,Yes,0,Yes,Bank transfer (automatic),Yes,No,Yes,Yes,Yes,105.6,Fiber optic,
19.55,13,No,,0,,Two year,0854-UYHZD,Yes,No,Female,1,265.3,13-24,13,No,No,No,0,Yes,Mailed check,Yes,No,No,No,No,19.55,No,
103.75,68,No,,0,,Two year,0862-PRCBS,Yes,No,Female,1,7039.45,61+,68,Yes,Yes,Yes,0,Yes,Credit card (automatic),Yes,Yes,No,Yes,Yes,103.75,Fiber optic,
104.05,64,No,,0,,Two year,0868-VJRDR,No,No,Male,1,6605.55,61+,64,Yes,Yes,Yes,0,Yes,Credit card (automatic),Yes,Yes,Yes,Yes,No,104.05,Fiber optic,
69.4,62,No,,0,,Two year,0885-HMGPY,No,Yes,Male,1,4237.5,61+,62,Yes,No,No,0,Yes,Bank transfer (automatic),No,No,Yes,Yes,Yes,69.4,DSL,
44.55,8,No,,0,,Two year,0895-UADGO,Yes,No,Male,1,343.45,0-12,8,Yes,No,Yes,0,No,Mailed check,No,Yes,Yes,No,No phone service,44.55,DSL,
20.2,69,No,,0,,Two year,0902-XKXPN,Yes,No,Male,1,1376.5,61+,69,No,No,No,0,Yes,Bank transfer (automatic),Yes,No,No,No,No,20.2,No,
115.15,72,No,,0,,Two year,0906-QVPMS,No,Yes,Male,1,8349.45,61+,72,Yes,Yes,Yes,0,Yes,Bank transfer (automatic),Yes,No,Yes,Yes,Yes,115.15,Fiber optic,
113,70,No,,0,,Two year,0907-HQNTS,No,Yes,Female,1,7987.6,61+,70,Yes,Yes,Yes,1,Yes,Credit card (automatic),Yes,Yes,Yes,Yes,Yes,113,Fiber optic,
80.8,61,No,,0,,Two year,0909-SELIE,No,Yes,Male,1,4860.85,61+,61,Yes,No,Yes,0,Yes,Bank transfer (automatic),Yes,Yes,Yes,Yes,Yes,80.8,DSL,
69.9,61,No,,0,,Two year,0916-KNFAJ,No,Yes,Male,1,4226.7,61+,61,No,No,Yes,0,Yes,Mailed check,Yes,Yes,Yes,No,Yes,69.9,DSL,
20.25,47,No,,0,,Two year,0932-YIXYU,No,No,Female,1,1029.8,37-48,47,No,No,No,0,Yes,Credit card (automatic),No,No,No,No,No,20.25,No,
20.65,41,No,,0,,Two year,0936-NQLJU,No,No,Female,1,875.55,37-48,41,No,No,No,0,Yes,Credit card (automatic),Yes,No,No,No,No,20.65,No,
80.8,30,No,,0,,Two year,0942-KOWSM,Yes,Yes,Female,1,2369.3,25-36,30,Yes,Yes,Yes,0,Yes,Bank transfer (automatic),Yes,No,No,Yes,No,80.8,DSL,
85.3,47,No,,0,,Two year,0945-TSONX,Yes,No,Female,1,4107.25,37-48,47,Yes,Yes,Yes,0,Yes,Credit card (automatic),Yes,Yes,Yes,Yes,Yes,85.3,DSL,
104.1,65,No,,0,,Two year,0960-HUWBM,Yes,Yes,Male,1,6700.05,61+,65,Yes,Yes,Yes,0,Yes,Bank transfer (automatic),Yes,Yes,No,No,Yes,104.1,Fiber optic,
20.3,62,No,,0,,Two year,0962-CQPWQ,Yes,No,Female,1,1296.15,61+,62,No,No,No,0,Yes,Bank transfer (automatic),Yes,No,No,No,No,20.3,No,
24.25,69,No,,0,,Two year,0971-QIFJK,No,No,Female,1,1641.8,61+,69,No,No,No,0,Yes,Bank transfer (automatic),Yes,No,No,No,Yes,24.25,No,
70.65,72,No,,0,,Two year,0973-KYVNF,Yes,Yes,Female,1,5011.15,61+,72,No,Yes,No,0,Yes,Credit card (automatic),Yes,Yes,Yes,Yes,No,70.65,DSL,
39,62,No,,0,,Two year,0979-MOZQI,No,No,Male,1,2337.45,61+,62,Yes,Yes,No,0,No,Bank transfer (automatic),Yes,Yes,No,No,No phone service,39,DSL,
80.85,72,No,,0,,Two year,0988-AADSA,Yes,Yes,Female,1,5824.75,61+,72,Yes,No,Yes,0,Yes,Bank transfer (automatic),Yes,No,Yes,Yes,Yes,80.85,DSL,
74.35,57,No,,0,,Two year,1023-BQXZE,No,Yes,Male,1,4317.35,49-60,57,No,Yes,Yes,0,Yes,Bank transfer (automatic),No,Yes,Yes,No,No,74.35,DSL,
80.45,72,No,,0,,Two year,1027-LKKQQ,Yes,Yes,Female,1,5886.85,61+,72,Yes,Yes,Yes,0,Yes,Bank transfer (automatic),Yes,Yes,Yes,No,No,80.45,DSL,
113.15,71,No,,0,,Two year,1043-UXOVO,No,Yes,Female,1,7993.3,61+,71,Yes,Yes,Yes,0,Yes,Credit card (automatic),No,Yes,Yes,Yes,Yes,113.15,Fiber optic,
19.55,43,No,,0,,Two year,1047-RNXZV,No,No,Male,1,876.15,37-48,43,No,No,No,0,Yes,Mailed check,No,No,No,No,No,19.55,No,
19.9,71,No,,0,,Two year,1052-QJIBV,Yes,No,Female,1,1397.3,61+,71,No,No,No,0,Yes,Credit card (automatic),Yes,No,No,No,No,19.9,No,
108.65,72,No,,0,,Two year,1053-MXTTK,Yes,Yes,Female,1,7726.35,61+,72,Yes,Yes,Yes,0,Yes,Bank transfer (automatic),Yes,Yes,Yes,Yes,No,108.65,Fiber optic,
92.15,69,No,,0,,Two year,1063-DHQJF,Yes,No,Male,1,6480.9,61+,69,Yes,Yes,No,0,Yes,Mailed check,Yes,Yes,No,Yes,No,92.15,Fiber optic,
25.7,55,No,,0,,Two year,1073-XXCZD,No,No,Male,1,1443.65,49-60,55,No,No,No,0,Yes,Bank transfer (automatic),Yes,No,No,No,Yes,25.7,No,
25.65,64,No,,0,,Two year,1080-BWSYE,No,No,Male,1,1740.8,61+,64,No,No,No,1,Yes,Credit card (automatic),Yes,No,No,No,Yes,25.65,No,
85.5,51,No,,0,,Two year,1084-MNSMJ,Yes,Yes,Female,1,4421.95,49-60,51,Yes,Yes,Yes,0,Yes,Credit card (automatic),Yes,No,Yes,Yes,No,85.5,DSL,
20.4,38,No,,0,,Two year,1087-GRUYI,No,No,Male,1,743.5,37-48,38,No,No,No,0,Yes,Bank transfer (automatic),Yes,No,No,No,No,20.4,No,
75.85,56,No,,0,,Two year,1088-AUUZZ,Yes,No,Male,1,4261.2,49-60,56,Yes,No,Yes,0,Yes,Credit card (automatic),Yes,Yes,Yes,Yes,Yes,75.85,DSL,
19.7,24,No,,0,,Two year,1089-XZWHH,Yes,No,Female,1,494.05,13-24,24,No,No,No,0,Yes,Mailed check,Yes,Yes,No,No,No,19.7,No,
105.5,72,No,,0,,Two year,1090-ESELR,Yes,No,Male,1,7611.55,61+,72,Yes,Yes,Yes,0,Yes,Bank transfer (automatic),Yes,No,Yes,Yes,No,105.5,Fiber optic,
25.1,18,No,,0,,Two year,1092-WPIVQ,Yes,No,Female,1,428.45,13-24,18,No,No,No,0,Yes,Mailed check,Yes,No,No,No,Yes,25.1,No,
19.55,11,No,,0,,Two year,1093-YSWCA,No,No,Male,1,223.15,0-12,11,No,No,No,0,Yes,Credit card (automatic),No,No,No,No,No,19.55,No,
101.05,61,No,,0,,Two year,1095-WGNGG,No,No,Female,1,5971.25,61+,61,No,Yes,Yes,0,Yes,Bank transfer (automatic),Yes,Yes,No,Yes,Yes,101.05,Fiber optic,
19.4,55,No,,0,,Two year,1098-KFQEC,Yes,No,Female,1,1083,49-60,55,No,No,No,0,Yes,Credit card (automatic),Yes,No,No,No,No,19.4,No,
20.35,1,No,,0,,Two year,1099-GODLO,Yes,No,Female,1,20.35,0-12,1,No,No,No,0,Yes,Mailed check,Yes,No,No,No,No,20.35,No,
19.6,40,No,,0,,Two year,1106-HRLKZ,Yes,No,Male,1,808.95,37-48,40,No,No,No,0,Yes,Mailed check,Yes,No,No,No,No,19.6,No,
100.45,39,No,,0,,Two year,1116-DXXDF,No,Yes,Male,1,3801.7,37-48,39,No,Yes,Yes,0,Yes,Electronic check,No,Yes,Yes,No,No,100.45,Fiber optic,
39.4,48,No,,0,,Two year,1116-FRYVH,Yes,No,Female,1,1978.65,37-48,48,Yes,No,No,0,No,Mailed check,Yes,No,Yes,Yes,No phone service,39.4,DSL,
23.95,71,No,,0,,Two year,1131-QQZEB,No,No,Male,1,1756.2,61+,71,No,No,No,1,Yes,Bank transfer (automatic),Yes,No,No,No,Yes,23.95,No,
53.35,57,No,,0,,Two year,1139-WUOAH,No,Yes,Male,1,3090.05,49-60,57,Yes,Yes,Yes,0,No,Credit card (automatic),No,No,No,No,No phone service,53.35,DSL,
109.75,72,No,,0,,Two year,1162-ECVII,No,Yes,Male,1,7932.5,61+,72,Yes,Yes,Yes,1,Yes,Bank transfer (automatic),Yes,Yes,No,Yes,Yes,109.75,Fiber optic,
109.3,65,No,,0,,Two year,1163-VIPRI,Yes,Yes,Female,1,7337.55,61+,65,Yes,Yes,Yes,0,Yes,Electronic check,Yes,No,Yes,No,Yes,109.3,Fiber optic,
19.55,72,No,,0,,Two year,1166-PQLGG,Yes,No,Female,1,1463.45,61+,72,No,No,No,0,Yes,Bank transfer (automatic),Yes,No,No,No,No,19.55,No,
20.05,67,No,,0,,Two year,1167-OYZJF,No,No,Female,1,1263.05,61+,67,No,No,No,1,Yes,Bank transfer (automatic),Yes,Yes,No,No,No,20.05,No,
69.7,53,No,,0,,Two year,1172-VIYBP,Yes,No,Male,1,3686.05,49-60,53,No,No,Yes,0,Yes,Bank transfer (automatic),Yes,No,Yes,Yes,Yes,69.7,DSL,
89.4,63,No,,0,,Two year,1187-WILMM,Yes,Yes,Male,1,5597.65,61+,63,Yes,Yes,Yes,0,Yes,Credit card (automatic),Yes,Yes,Yes,Yes,Yes,89.4,DSL,
62.15,61,No,,0,,Two year,1194-BHJYC,No,Yes,Male,1,3778.85,61+,61,Yes,Yes,Yes,0,No,Mailed check,Yes,Yes,Yes,No,No phone service,62.15,DSL,
80.3,56,No,,0,,Two year,1206-EHBDD,No,Yes,Female,1,4513.65,49-60,56,No,No,No,0,Yes,Bank transfer (automatic),Yes,No,Yes,No,No,80.3,Fiber optic,
23.05,52,No,,0,,Two year,1207-BLKSA,Yes,No,Female,1,1255.1,49-60,52,No,No,No,0,Yes,Mailed check,Yes,No,No,No,Yes,23.05,No,
56.4,68,No,,0,,Two year,1209-VFFOC,Yes,Yes,Male,1,3948.45,61+,68,Yes,No,Yes,0,No,Mailed check,Yes,Yes,Yes,Yes,No phone service,56.4,DSL,
20.55,50,No,,0,,Two year,1215-EXRMO,No,No,Male,1,1067.65,49-60,50,No,No,No,0,Yes,Mailed check,Yes,No,No,No,No,20.55,No,
65.1,62,No,,0,,Two year,1221-GHZEP,No,No,Female,1,3846.75,61+,62,Yes,No,Yes,0,Yes,Mailed check,No,Yes,Yes,No,No,65.1,DSL,
20.05,20,No,,0,,Two year,1223-UNPKS,Yes,No,Male,1,400,13-24,20,No,No,No,0,Yes,Mailed check,Yes,No,No,No,No,20.05,No,
91.15,72,No,,0,,Two year,1227-UDMZR,No,Yes,Female,1,6637.9,61+,72,Yes,Yes,Yes,0,Yes,Bank transfer (automatic),Yes,Yes,Yes,Yes,Yes,91.15,DSL,
19.15,58,No,,0,,Two year,1231-YNDEK,No,No,Male,1,1035.5,49-60,58,No,No,No,0,Yes,Bank transfer (automatic),No,Yes,No,No,No,19.15,No,
26.1,67,No,,0,,Two year,1240-HCBOH,No,No,Female,1,1759.55,61+,67,No,No,No,0,Yes,Mailed check,No,Yes,No,No,Yes,26.1,No,
25.45,61,No,,0,,Two year,1241-EZFMJ,No,No,Male,1,1538.6,61+,61,No,No,No,0,Yes,Bank transfer (automatic),Yes,No,No,No,Yes,25.45,No,
19.65,52,No,,0,,Two year,1241-FPMOF,No,No,Male,1,1025.05,49-60,52,No,No,No,0,Yes,Mailed check,No,No,No,No,No,19.65,No,
20.4,14,No,,0,,Two year,1245-HARPS,No,No,Female,1,292.4,13-24,14,No,No,No,0,Yes,Mailed check,Yes,No,No,No,No,20.4,No,
24.8,52,No,,0,,Two year,1248-DYXUB,Yes,No,Male,1,1229.1,49-60,52,No,No,No,0,Yes,Mailed check,Yes,No,No,No,Yes,24.8,No,
80.45,71,No,,0,,Two year,1265-BCFEO,No,Yes,Female,1,5662.25,61+,71,Yes,Yes,Yes,0,Yes,Bank transfer (automatic),Yes,Yes,No,No,Yes,80.45,DSL,
81.3,64,No,,0,,Two year,1265-ZFOSD,No,Yes,Female,1,5129.3,61+,64,Yes,No,Yes,0,Yes,Mailed check,Yes,Yes,Yes,Yes,Yes,81.3,DSL,
66.85,72,No,,0,,Two year,1266-NZYUI,Yes,Yes,Female,1,4758.8,61+,72,Yes,No,No,0,Yes,Bank transfer (automatic),Yes,No,Yes,No,Yes,66.85,DSL,
19.7,30,No,,0,,Two year,1270-XKUCC,Yes,No,Female,1,599.25,25-36,30,No,No,No,0,Yes,Mailed check,Yes,No,No,No,No,19.7,No,
53.85,39,No,,0,,Two year,1271-UODNO,No,No,Male,1,2200.7,37-48,39,Yes,No,No,0,Yes,Credit card (automatic),No,Yes,No,No,Yes,53.85,DSL,
110.6,72,No,,0,,Two year,1291-CUOCY,No,Yes,Male,1,7962.2,61+,72,Yes,Yes,Yes,0,Yes,Credit card (automatic),Yes,Yes,No,Yes,Yes,110.6,Fiber optic,
20.7,72,No,,0,,Two year,1293-BSEUN,Yes,No,Female,1,1482.3,61+,72,No,No,No,0,Yes,Mailed check,Yes,Yes,No,No,No,20.7,No,
84.8,71,No,,0,,Two year,1298-PHBTI,Yes,No,Male,1,6152.4,61+,71,Yes,No,No,0,Yes,Electronic check,Yes,Yes,No,Yes,Yes,84.8,Fiber optic,
24.7,70,No,,0,,Two year,1299-AURJA,Yes,No,Female,1,1685.9,61+,70,No,No,No,0,Yes,Bank transfer (automatic),Yes,No,No,No,Yes,24.7,No,
19.35,66,No,,0,,Two year,1302-TPUBN,No,No,Male,1,1240.8,61+,66,No,No,No,0,Yes,Bank transfer (automatic),No,No,No,No,No,19.35,No,
69.05,55,No,,0,,Two year,1303-SRDOK,Yes,No,Female,1,3842.6,49-60,55,No,No,No,0,Yes,Credit card (automatic),Yes,Yes,No,No,No,69.05,Fiber optic,
97.85,72,No,,0,,Two year,1304-SEGFY,No,Yes,Female,1,6841.3,61+,72,No,Yes,Yes,0,Yes,Electronic check,Yes,Yes,No,No,Yes,97.85,Fiber optic,
20.45,49,No,,0,,Two year,1306-RPWXZ,Yes,No,Female,1,1024.65,49-60,49,No,No,No,0,Yes,Credit card (automatic),No,No,No,No,No,20.45,No,
108.4,72,No,,0,,Two year,1320-GVNHT,Yes,Yes,Male,1,7767.25,61+,72,No,Yes,Yes,0,Yes,Credit card (automatic),Yes,Yes,Yes,Yes,Yes,108.4,Fiber optic,
99.35,70,No,,0,,Two year,1325-USMEC,No,Yes,Male,1,6944.5,61+,70,No,Yes,No,0,Yes,Credit card (automatic),Yes,Yes,Yes,Yes,Yes,99.35,Fiber optic,
20.1,18,No,,0,,Two year,1328-EUZHC,No,No,Female,1,370.5,13-24,18,No,No,No,0,Yes,Mailed check,Yes,No,No,No,No,20.1,No,
55.25,55,No,,0,,Two year,1335-MXCSE,Yes,Yes,Male,1,3119.9,49-60,55,Yes,No,No,0,Yes,Credit card (automatic),Yes,Yes,No,No,No,55.25,DSL,
115.6,72,No,,0,,Two year,1352-HNSAW,Yes,Yes,Female,1,8220.4,61+,72,Yes,Yes,Yes,0,Yes,Bank transfer (automatic),Yes,Yes,Yes,Yes,Yes,115.6,Fiber optic,
19.55,4,No,,0,,Two year,1354-YZFNB,Yes,No,Male,1,68.8,0-12,4,No,No,No,0,Yes,Credit card (automatic),Yes,No,No,No,No,19.55,No,
56.05,0,No,,0,,Two year,1371-DWPAZ,Yes,Yes,Female,1,0,0-12,0,Yes,Yes,No,0,No,Credit card (automatic),Yes,No,Yes,Yes,No phone service,56.05,DSL,
20.75,24,No,,0,,Two year,1395-WSWXR,No,No,Male,1,487.05,13-24,24,No,No,No,0,Yes,Mailed check,No,No,No,No,No,20.75,No,
19.75,57,No,,0,,Two year,1399-OUPJN,Yes,No,Female,1,1272.05,49-60,57,No,No,No,0,Yes,Bank transfer (automatic),Yes,No,No,No,No,19.75,No,
107.95,57,No,,0,,Two year,1400-WIVLL,No,Yes,Male,1,5969.85,49-60,57,Yes,Yes,Yes,0,Yes,Electronic check,Yes,No,No,No,Yes,107.95,Fiber optic,
20.05,70,No,,0,,Two year,1403-GYAFU,Yes,No,Male,1,1360.25,61+,70,No,No,No,0,Yes,Credit card (automatic),Yes,No,No,No,No,20.05,No,
19.1,3,No,,0,,Two year,1407-DIGZV,Yes,No,Female,1,52,0-12,3,No,No,No,0,Yes,Mailed check,Yes,No,No,No,No,19.1,No,
110.45,54,No,,0,,Two year,1409-PHXTF,No,Yes,Male,1,6077.75,49-60,54,Yes,Yes,Yes,1,Yes,Electronic check,Yes,Yes,No,Yes,Yes,110.45,Fiber optic,
84.6,70,No,,0,,Two year,1414-YADCW,No,No,Male,1,5706.2,61+,70,Yes,No,No,0,Yes,Bank transfer (automatic),Yes,No,Yes,Yes,No,84.6,Fiber optic,
109.3,52,No,,0,,Two year,1428-IEDPR,No,Yes,Male,1,5731.4,49-60,52,Yes,Yes,Yes,0,Yes,Electronic check,No,Yes,Yes,No,Yes,109.3,Fiber optic,
82.1,33,No,,0,,Two year,1431-AIDJQ,Yes,Yes,Male,1,2603.1,25-36,33,Yes,Yes,Yes,0,Yes,Credit card (automatic),Yes,No,No,Yes,No,82.1,DSL,
106.1,72,No,,0,,Two year,1452-UZOSF,Yes,Yes,Male,1,7548.6,61+,72,Yes,Yes,No,0,Yes,Credit card (automatic),Yes,Yes,Yes,Yes,Yes,106.1,Fiber optic,
91.6,52,No,,0,,Two year,1455-HFBXA,No,Yes,Male,1,4627.8,49-60,52,Yes,No,No,0,Yes,Credit card (automatic),Yes,Yes,Yes,No,Yes,91.6,Fiber optic,
59.5,70,No,,0,,Two year,1459-QNFQT,Yes,Yes,Male,1,4144.8,61+,70,Yes,Yes,Yes,0,No,Bank transfer (automatic),Yes,No,Yes,No,No phone service,59.5,DSL,
19.95,60,No,,0,,Two year,1460-UZPRJ,No,No,Male,1,1258.15,49-60,60,No,No,No,0,Yes,Mailed check,Yes,No,No,No,No,19.95,No,
24.4,64,No,,0,,Two year,1468-DEFNC,Yes,No,Male,1,1548.65,61+,64,No,No,No,1,Yes,Bank transfer (automatic),Yes,Yes,No,No,Yes,24.4,No,
116.05,72,No,,0,,Two year,1480-BKXGA,No,Yes,Male,1,8404.9,61+,72,Yes,Yes,Yes,1,Yes,Bank transfer (automatic),Yes,Yes,Yes,Yes,Yes,116.05,Fiber optic,
116.85,72,No,,0,,Two year,1488-PBLJN,Yes,Yes,Female,1,8477.7,61+,72,Yes,Yes,Yes,0,Yes,Bank transfer (automatic),Yes,Yes,Yes,Yes,Yes,116.85,Fiber optic,
20.15,10,No,,0,,Two year,1494-EJZDW,Yes,No,Female,1,220.8,0-12,10,No,No,No,0,Yes,Mailed check,Yes,No,No,No,No,20.15,No,
86.75,59,No,,0,,Two year,1498-NHTLT,Yes,Yes,Male,1,5186,49-60,59,Yes,Yes,Yes,0,Yes,Electronic check,Yes,Yes,Yes,Yes,No,86.75,DSL,
73.85,45,No,,0,,Two year,1506-YJTYT,Yes,No,Male,1,3371,37-48,45,Yes,Yes,No,0,Yes,Credit card (automatic),Yes,No,Yes,Yes,Yes,73.85,DSL,
63.3,66,No,,0,,Two year,1525-LNLOJ,Yes,Yes,Male,1,4189.7,61+,66,No,Yes,No,0,Yes,Bank transfer (automatic),Yes,Yes,No,No,Yes,63.3,DSL,
25.15,24,No,,0,,Two year,1535-VTJOQ,No,No,Female,1,553,13-24,24,No,No,No,0,Yes,Credit card (automatic),No,No,No,No,Yes,25.15,No,
99,71,No,,0,,Two year,1545-JFUML,No,Yes,Male,1,6994.6,61+,71,No,Yes,No,0,Yes,Electronic check,Yes,Yes,Yes,Yes,Yes,99,Fiber optic,
23.9,71,No,,0,,Two year,1555-HAPSU,Yes,No,Female,1,1663.5,61+,71,No,No,No,0,Yes,Credit card (automatic),Yes,No,No,No,Yes,23.9,No,
115.05,43,No,,0,,Two year,1557-EMYVT,No,Yes,Female,1,4895.1,37-48,43,Yes,Yes,Yes,0,Yes,Credit card (automatic),No,No,Yes,Yes,Yes,115.05,Fiber optic,
90.05,70,No,,0,,Two year,1568-BEKZM,No,Yes,Male,1,6333.4,61+,70,Yes,Yes,Yes,1,Yes,Credit card (automatic),Yes,No,Yes,Yes,Yes,90.05,DSL,
92.2,68,No,,0,,Two year,1568-LJSZU,Yes,Yes,Male,1,6392.85,61+,68,Yes,Yes,Yes,0,Yes,Credit card (automatic),Yes,Yes,Yes,Yes,Yes,92.2,DSL,
19.95,51,No,,0,,Two year,1574-DYCWE,Yes,No,Female,1,1028.75,49-60,51,No,No,No,0,Yes,Mailed check,Yes,No,No,No,No,19.95,No,
105.35,70,No,,0,,Two year,1576-PFZIW,No,Yes,Male,1,7511.9,61+,70,No,Yes,Yes,1,Yes,Credit card (automatic),Yes,No,Yes,Yes,No,105.35,Fiber optic,
19.85,71,No,,0,,Two year,1591-XWLGB,No,No,Female,1,1379.6,61+,71,No,No,No,0,Yes,Credit card (automatic),Yes,No,No,No,No,19.85,No,
24.95,68,No,,0,,Two year,1619-YWUBB,No,No,Female,1,1614.9,61+,68,No,No,No,0,Yes,Credit card (automatic),Yes,Yes,No,No,Yes,24.95,No,
106.05,36,No,,0,,Two year,1621-YNCJH,No,Yes,Female,1,3834.4,25-36,36,Yes,No,Yes,0,Yes,Credit card (automatic),Yes,Yes,Yes,Yes,Yes,106.05,Fiber optic,
19.4,29,No,,0,,Two year,1627-AFWVJ,No,No,Female,1,554.25,25-36,29,No,No,No,0,Yes,Mailed check,No,No,No,No,No,19.4,No,
20.5,19,No,,0,,Two year,1635-HDGFT,Yes,No,Female,1,398.55,13-24,19,No,No,No,0,Yes,Mailed check,No,No,No,No,No,20.5,No,
25.45,71,No,,0,,Two year,1635-NZATJ,No,No,Male,1,1789.65,61+,71,No,No,No,1,Yes,Credit card (automatic),Yes,No,No,No,Yes,25.45,No,
91.7,68,No,,0,,Two year,1642-HMARX,No,Yes,Female,1,6424.7,61+,68,Yes,Yes,Yes,0,Yes,Electronic check,Yes,Yes,Yes,Yes,Yes,91.7,DSL,
19.9,53,No,,0,,Two year,1657-DYMBM,No,No,Male,1,1110.05,49-60,53,No,No,No,0,Yes,Credit card (automatic),Yes,No,No,No,No,19.9,No,
75.1,72,No,,0,,Two year,1676-MQAOA,No,Yes,Male,1,5336.35,61+,72,Yes,Yes,No,0,Yes,Bank transfer (automatic),No,Yes,Yes,Yes,No,75.1,DSL,
19.7,16,No,,0,,Two year,1699-TLDLZ,Yes,No,Female,1,301.55,13-24,16,No,No,No,0,Yes,Mailed check,Yes,No,No,No,No,19.7,No,
61.4,60,No,,0,,Two year,1699-UOTXU,No,Yes,Male,1,3638.25,49-60,60,No,No,No,0,Yes,Electronic check,No,No,Yes,Yes,No,61.4,DSL,
24.2,63,No,,0,,Two year,1705-GUHPV,No,No,Female,1,1618.2,61+,63,No,No,No,0,Yes,Mailed check,No,No,No,No,Yes,24.2,No,
19.75,47,No,,0,,Two year,1709-EJDOX,Yes,No,Female,1,948.9,37-48,47,No,No,No,0,Yes,Mailed check,Yes,No,No,No,No,19.75,No,
54.65,45,No,,0,,Two year,1716-LSAMB,Yes,No,Male,1,2553.7,37-48,45,Yes,No,No,0,Yes,Bank transfer (automatic),Yes,No,Yes,No,No,54.65,DSL,
25,11,No,,0,,Two year,1734-ZMNTZ,Yes,No,Female,1,300.7,0-12,11,No,No,No,0,Yes,Mailed check,Yes,No,No,No,Yes,25,No,
115.85,56,No,,0,,Two year,1741-WTPON,Yes,Yes,Male,1,6567.9,49-60,56,Yes,Yes,Yes,0,Yes,Mailed check,Yes,No,Yes,Yes,Yes,115.85,Fiber optic,
19.95,66,No,,0,,Two year,1764-VUUMT,Yes,No,Male,1,1269.1,61+,66,No,No,No,0,Yes,Credit card (automatic),No,No,No,No,No,19.95,No,
25.1,66,No,,0,,Two year,1767-CJKBA,No,No,Male,1,1697.7,61+,66,No,No,No,0,Yes,Mailed check,No,No,No,No,Yes,25.1,No,
89.85,72,No,,0,,Two year,1775-KWJKQ,Yes,Yes,Male,1,6562.9,61+,72,Yes,Yes,Yes,0,Yes,Credit card (automatic),Yes,No,Yes,Yes,Yes,89.85,DSL,
114.65,72,No,,0,,Two year,1779-PWPMG,No,Yes,Female,1,8333.95,61+,72,Yes,Yes,Yes,1,Yes,Bank transfer (automatic),Yes,Yes,Yes,Yes,Yes,114.65,Fiber optic,
20.4,13,No,,0,,Two year,1790-NESIO,No,No,Female,1,261.3,13-24,13,No,No,No,0,Yes,Mailed check,No,Yes,No,No,No,20.4,No,
80.45,72,No,,0,,Two year,1813-JYWTO,No,No,Female,1,5737.6,61+,72,No,No,No,0,Yes,Bank transfer (automatic),Yes,No,Yes,No,Yes,80.45,Fiber optic,
48.9,72,No,,0,,Two year,1814-WFGVS,Yes,Yes,Male,1,3527,61+,72,Yes,Yes,No,0,No,Mailed check,Yes,No,Yes,No,No phone service,48.9,DSL,
24.05,72,No,,0,,Two year,1820-DJFPH,Yes,No,Female,1,1709.15,61+,72,No,No,No,0,Yes,Bank transfer (automatic),Yes,Yes,No,No,Yes,24.05,No,
55.65,30,No,,0,,Two year,1821-BUCWY,No,Yes,Male,1,1653.85,25-36,30,No,No,No,0,Yes,Mailed check,No,Yes,Yes,No,No,55.65,DSL,
94.55,65,No,,0,,Two year,1830-GGFNM,Yes,Yes,Male,1,6078.75,61+,65,Yes,No,No,0,Yes,Credit card (automatic),Yes,No,Yes,Yes,Yes,94.55,Fiber optic,
19.75,61,No,,0,,Two year,1830-IPXVJ,Yes,No,Female,1,1311.6,61+,61,No,No,No,0,Yes,Credit card (automatic),Yes,No,No,No,No,19.75,No,
89.1,62,No,,0,,Two year,1832-PEUTS,Yes,Yes,Male,1,5411.65,61+,62,No,Yes,No,0,Yes,Credit card (automatic),Yes,Yes,No,No,Yes,89.1,Fiber optic,
58.35,70,No,,0,,Two year,1837-YQUCE,No,Yes,Female,1,4214.25,61+,70,Yes,Yes,Yes,0,No,Bank transfer (automatic),No,Yes,Yes,No,No phone service,58.35,DSL,
19.85,39,No,,0,,Two year,1839-FBNFR,Yes,No,Female,1,854.8,37-48,39,No,No,No,0,Yes,Bank transfer (automatic),Yes,Yes,No,No,No,19.85,No,
109.95,72,No,,0,,Two year,1841-YSJGV,No,No,Male,1,7852.4,61+,72,Yes,Yes,Yes,0,Yes,Credit card (automatic),Yes,Yes,Yes,Yes,Yes,109.95,Fiber optic,
20.85,13,No,,0,,Two year,1843-TLSGD,Yes,No,Female,1,272.35,13-24,13,No,No,No,0,Yes,Mailed check,Yes,No,No,No,No,20.85,No,
24.8,64,No,,0,,Two year,1852-QSWCD,Yes,No,Male,1,1514.85,61+,64,No,No,No,0,Yes,Mailed check,Yes,Yes,No,No,Yes,24.8,No,
20.65,48,No,,0,,Two year,1862-QRWPE,Yes,No,Female,1,1057,37-48,48,No,No,No,0,Yes,Bank transfer (automatic),Yes,No,No,No,No,20.65,No,
111.6,64,No,,0,,Two year,1891-QRQSA,Yes,Yes,Male,1,7099,61+,64,Yes,Yes,Yes,1,Yes,Bank transfer (automatic),Yes,Yes,Yes,No,Yes,111.6,Fiber optic,
90.6,64,No,,0,,Two year,1897-OKVMW,Yes,Yes,Female,1,5817.45,61+,64,Yes,Yes,Yes,0,Yes,Mailed check,Yes,Yes,Yes,Yes,Yes,90.6,DSL,
64.35,24,No,,0,,Two year,1904-WAJAA,Yes,Yes,Female,1,1558.65,13-24,24,No,No,No,0,Yes,Electronic check,Yes,No,Yes,Yes,Yes,64.35,DSL,
25.25,72,No,,0,,Two year,1926-QUZNN,No,No,Female,1,1841.2,61+,72,No,No,No,0,Yes,Bank transfer (automatic),Yes,Yes,No,No,Yes,25.25,No,
20.5,72,No,,0,,Two year,1927-QEWMY,No,No,Female,1,1502.25,61+,72,No,No,No,0,Yes,Credit card (automatic),Yes,No,No,No,No,20.5,No,
95.1,68,No,,0,,Two year,1930-QPBVZ,Yes,No,Male,1,6683.4,61+,68,Yes,No,Yes,0,Yes,Bank transfer (automatic),Yes,No,Yes,Yes,No,95.1,Fiber optic,
49.65,49,No,,0,,Two year,1936-CZAKF,No,No,Male,1,2409.9,49-60,49,No,Yes,Yes,0,No,Credit card (automatic),Yes,No,No,Yes,No phone service,49.65,DSL,
110.25,68,No,,0,,Two year,1936-UAFEH,No,No,Female,1,7279.35,61+,68,Yes,Yes,Yes,0,Yes,Credit card (automatic),No,No,Yes,Yes,Yes,110.25,Fiber optic,
98.2,72,No,,0,,Two year,1937-OTUKY,No,Yes,Female,1,7015.9,61+,72,Yes,Yes,No,0,Yes,Bank transfer (automatic),Yes,Yes,Yes,No,Yes,98.2,Fiber optic,
19.65,67,No,,0,,Two year,1945-XISKS,No,No,Female,1,1335.2,61+,67,No,No,No,0,Yes,Mailed check,Yes,No,No,No,No,19.65,No,
90.6,72,No,,0,,Two year,1951-IEYXM,Yes,Yes,Male,1,6441.85,61+,72,Yes,Yes,Yes,0,Yes,Credit card (automatic),Yes,Yes,Yes,Yes,Yes,90.6,DSL,
20.2,59,No,,0,,Two year,1955-IBMMB,No,No,Male,1,1192.3,49-60,59,No,No,No,0,Yes,Bank transfer (automatic),No,Yes,No,No,No,20.2,No,
79.2,52,No,,0,,Two year,1960-UOTYM,Yes,Yes,Male,1,4016.3,49-60,52,No,Yes,Yes,0,Yes,Electronic check,Yes,No,Yes,Yes,No,79.2,DSL,
23.3,35,No,,0,,Two year,1970-KKFWL,No,No,Female,1,797.1,25-36,35,No,No,No,0,Yes,Bank transfer (automatic),No,No,No,No,Yes,23.3,No,
90.95,72,No,,0,,Two year,1971-DTCZB,No,Yes,Female,1,6468.6,61+,72,Yes,Yes,Yes,0,Yes,Bank transfer (automatic),Yes,Yes,Yes,Yes,Yes,90.95,DSL,
59.8,65,No,,0,,Two year,1972-XMUWV,No,No,Female,1,3808.2,61+,65,Yes,Yes,No,0,Yes,Credit card (automatic),Yes,Yes,No,No,No,59.8,DSL,
25.6,23,No,,0,,Two year,1982-FEBTD,Yes,No,Female,1,514.75,13-24,23,No,No,No,0,Yes,Credit card (automatic),Yes,Yes,No,No,Yes,25.6,No,
19.65,43,No,,0,,Two year,1985-MBRYP,No,No,Female,1,779.25,37-48,43,No,No,No,0,Yes,Bank transfer (automatic),No,Yes,No,No,No,19.65,No,
25.05,71,No,,0,,Two year,1987-AUELQ,No,No,Female,1,1873.7,61+,71,No,No,No,0,Yes,Credit card (automatic),Yes,No,No,No,Yes,25.05,No,
92.2,70,No,,0,,Two year,2000-DHJUY,No,Yes,Female,1,6474.45,61+,70,Yes,Yes,Yes,1,Yes,Bank transfer (automatic),Yes,Yes,Yes,Yes,Yes,92.2,DSL,
104.7,60,No,,0,,Two year,2001-EWBQU,No,Yes,Female,1,6333.8,49-60,60,No,Yes,Yes,0,Yes,Electronic check,No,No,No,Yes,Yes,104.7,Fiber optic,
108.65,46,No,,0,,Two year,2001-MCUUW,No,Yes,Male,1,4903.2,37-48,46,Yes,Yes,Yes,0,Yes,Electronic check,No,No,No,Yes,Yes,108.65,Fiber optic,
19.05,8,No,,0,,Two year,2005-DWQZJ,Yes,No,Female,1,201.7,0-12,8,No,No,No,0,Yes,Mailed check,Yes,No,No,No,No,19.05,No,
19.35,68,No,,0,,Two year,2007-QVGAW,Yes,No,Female,1,1292.65,61+,68,No,No,No,0,Yes,Bank transfer (automatic),Yes,Yes,No,No,No,19.35,No,
20,8,No,,0,,Two year,2017-CCBLH,No,No,Female,1,141.6,0-12,8,No,No,No,0,Yes,Mailed check,No,No,No,No,No,20,No,
102.6,63,No,,0,,Two year,2019-HDCZY,No,Yes,Male,1,6296.75,61+,63,No,Yes,Yes,0,Yes,Electronic check,Yes,No,No,No,Yes,102.6,Fiber optic,
20.4,6,No,,0,,Two year,2030-BTZRO,Yes,No,Male,1,107.6,0-12,6,No,No,No,0,Yes,Credit card (automatic),Yes,Yes,No,No,No,20.4,No,
84.2,65,No,,0,,Two year,2040-LDIWQ,Yes,Yes,Male,1,5324.5,61+,65,Yes,Yes,Yes,0,Yes,Bank transfer (automatic),Yes,Yes,No,Yes,Yes,84.2,DSL,
114.45,72,No,,0,,Two year,2040-XBAVJ,Yes,Yes,Male,1,8100.55,61+,72,Yes,Yes,Yes,0,Yes,Bank transfer (automatic),Yes,No,Yes,Yes,Yes,114.45,Fiber optic,
26,65,No,,0,,Two year,2050-ONYDQ,Yes,No,Female,1,1654.85,61+,65,No,No,No,0,Yes,Credit card (automatic),Yes,No,No,No,Yes,26,No,
96.6,72,No,,0,,Two year,2057-BOYKM,No,Yes,Female,1,6827.5,61+,72,Yes,No,No,1,Yes,Bank transfer (automatic),Yes,Yes,Yes,Yes,Yes,96.6,Fiber optic,
20.05,46,No,,0,,Two year,2068-WWXQZ,No,No,Male,1,902,37-48,46,No,No,No,0,Yes,Bank transfer (automatic),No,No,No,No,No,20.05,No,
25.25,68,No,,0,,Two year,2072-ZVJJX,No,No,Male,1,1728.2,61+,68,No,No,No,0,Yes,Bank transfer (automatic),Yes,No,No,No,Yes,25.25,No,
19.35,55,No,,0,,Two year,2075-PUEPR,Yes,No,Male,1,1153.25,49-60,55,No,No,No,0,Yes,Bank transfer (automatic),Yes,No,No,No,No,19.35,No,
70.9,68,No,,0,,Two year,2077-DDHJK,No,Yes,Female,1,4911.35,61+,68,Yes,No,No,0,Yes,Credit card (automatic),Yes,No,Yes,Yes,Yes,70.9,DSL,
88.15,68,No,,0,,Two year,2088-IEBAU,No,Yes,Female,1,6148.45,61+,68,Yes,Yes,Yes,0,Yes,Electronic check,No,Yes,Yes,Yes,Yes,88.15,DSL,
78.95,72,No,,0,,Two year,2091-GPPIQ,Yes,No,Female,1,5730.15,61+,72,Yes,Yes,Yes,0,Yes,Electronic check,Yes,Yes,No,Yes,Yes,78.95,DSL,
25.75,65,No,,0,,Two year,2097-YVPKN,No,No,Male,1,1654.75,61+,65,No,No,No,0,Yes,Mailed check,No,No,No,No,Yes,25.75,No,
115.55,72,No,,0,,Two year,2121-JAFOM,No,Yes,Female,1,8312.4,61+,72,Yes,Yes,Yes,0,Yes,Credit card (automatic),Yes,Yes,Yes,Yes,Yes,115.55,Fiber optic,
72.1,59,No,,0,,Two year,2123-VSCOT,Yes,Yes,Female,1,4194.85,49-60,59,Yes,Yes,No,0,Yes,Bank transfer (automatic),Yes,Yes,No,No,Yes,72.1,DSL,
84.8,70,No,,0,,Two year,2126-GSEGL,No,Yes,Female,1,5917.55,61+,70,Yes,Yes,Yes,0,Yes,Bank transfer (automatic),Yes,Yes,No,Yes,Yes,84.8,DSL,
19.7,14,No,,0,,Two year,2138-VFAPZ,Yes,No,Female,1,263.65,13-24,14,No,No,No,0,Yes,Mailed check,Yes,Yes,No,No,No,19.7,No,
25.25,67,No,,0,,Two year,2143-LJULT,No,No,Female,1,1733.15,61+,67,No,No,No,0,Yes,Credit card (automatic),Yes,Yes,No,No,Yes,25.25,No,
19.3,59,No,,0,,Two year,2146-EGVDT,Yes,No,Male,1,1192.7,49-60,59,No,No,No,0,Yes,Credit card (automatic),Yes,No,No,No,No,19.3,No,
65.65,54,No,,0,,Two year,2160-GPFXD,Yes,No,Male,1,3566.7,49-60,54,Yes,No,No,0,Yes,Credit card (automatic),Yes,Yes,Yes,Yes,Yes,65.65,DSL,
39.35,63,No,,0,,Two year,2162-FRZAA,Yes,Yes,Male,1,2395.05,61+,63,Yes,No,No,0,No,Bank transfer (automatic),Yes,No,No,Yes,No phone service,39.35,DSL,
92.4,72,No,,0,,Two year,2167-FQSTQ,No,Yes,Female,1,6786.1,61+,72,Yes,Yes,Yes,0,Yes,Electronic check,Yes,Yes,Yes,Yes,Yes,92.4,DSL,
25.6,71,No,,0,,Two year,2169-RRLFW,No,No,Female,1,1888.25,61+,71,No,No,No,0,Yes,Credit card (automatic),Yes,No,No,No,Yes,25.6,No,
89.85,71,No,,0,,Two year,2176-LVPNX,No,Yes,Female,1,6293.45,61+,71,Yes,Yes,Yes,1,Yes,Mailed check,No,No,Yes,Yes,Yes,89.85,DSL,
65.15,71,No,,0,,Two year,2176-OSJUV,No,No,Male,1,4681.75,61+,71,Yes,No,No,0,Yes,Bank transfer (automatic),Yes,No,Yes,Yes,Yes,65.15,DSL,
19.95,68,No,,0,,Two year,2181-TIDSV,Yes,No,Male,1,1303.25,61+,68,No,No,No,0,Yes,Bank transfer (automatic),Yes,Yes,No,No,No,19.95,No,
94.45,72,No,,0,,Two year,2190-PHBHR,No,No,Female,1,6921.7,61+,72,No,No,Yes,0,Yes,Credit card (automatic),Yes,Yes,Yes,Yes,Yes,94.45,Fiber optic,
49.2,72,No,,0,,Two year,2192-CKRLV,No,Yes,Female,1,3580.95,61+,72,No,No,Yes,0,No,Electronic check,Yes,Yes,Yes,Yes,No phone service,49.2,DSL,
73.55,45,No,,0,,Two year,2192-OZITF,No,No,Female,1,3349.1,37-48,45,Yes,No,Yes,0,Yes,Mailed check,No,No,Yes,No,Yes,73.55,DSL,
111.95,72,No,,0,,Two year,2193-SFWQW,Yes,Yes,Male,1,8033.1,61+,72,Yes,Yes,Yes,0,Yes,Bank transfer (automatic),Yes,No,Yes,Yes,No,111.95,Fiber optic,
89.3,71,No,,0,,Two year,2194-IIQOF,No,Yes,Female,1,6388.65,61+,71,Yes,Yes,Yes,0,Yes,Credit card (automatic),Yes,No,Yes,Yes,Yes,89.3,DSL,
53,68,No,,0,,Two year,2197-OMWGI,Yes,Yes,Female,1,3656.25,61+,68,No,Yes,Yes,1,No,Electronic check,Yes,Yes,No,Yes,No phone service,53,DSL,
80.65,68,No,,0,,Two year,2200-DSAAL,No,Yes,Female,1,5330.2,61+,68,No,Yes,Yes,0,Yes,Electronic check,No,Yes,No,Yes,Yes,80.65,DSL,
24.55,52,No,,0,,Two year,2207-RYYRL,Yes,No,Male,1,1331.05,49-60,52,No,No,No,0,Yes,Mailed check,Yes,No,No,No,Yes,24.55,No,
20,45,No,,0,,Two year,2208-MPXIO,Yes,No,Female,1,886.4,37-48,45,No,No,No,0,Yes,Bank transfer (automatic),Yes,Yes,No,No,No,20,No,
24.25,43,No,,0,,Two year,2208-NKVVH,Yes,No,Male,1,1077.95,37-48,43,No,No,No,0,Yes,Mailed check,Yes,No,No,No,Yes,24.25,No,
85.3,68,No,,0,,Two year,2211-RMNHO,Yes,Yes,Female,1,5560,61+,68,Yes,Yes,Yes,0,Yes,Bank transfer (automatic),Yes,No,No,Yes,Yes,85.3,DSL,
116.05,71,No,,0,,Two year,2223-GDSHL,Yes,Yes,Male,1,8297.5,61+,71,Yes,Yes,Yes,0,Yes,Bank transfer (automatic),Yes,Yes,Yes,Yes,Yes,116.05,Fiber optic,
85.9,72,No,,0,,Two year,2226-ICFDO,Yes,Yes,Female,1,6110.75,61+,72,Yes,Yes,Yes,0,Yes,Credit card (automatic),Yes,Yes,Yes,No,Yes,85.9,DSL,
20.1,54,No,,0,,Two year,2228-BZDEE,No,No,Female,1,1079.45,49-60,54,No,No,No,0,Yes,Mailed check,No,No,No,No,No,20.1,No,
19.5,8,No,,0,,Two year,2229-DPMBI,Yes,No,Female,1,162.15,0-12,8,No,No,No,0,Yes,Mailed check,Yes,No,No,No,No,19.5,No,
19.55,48,No,,0,,Two year,2230-XTUWL,Yes,No,Female,1,883.35,37-48,48,No,No,No,0,Yes,Mailed check,Yes,No,No,No,No,19.55,No,
79.35,72,No,,0,,Two year,2234-EOFPT,No,No,Male,1,5753.25,61+,72,Yes,Yes,Yes,0,Yes,Bank transfer (automatic),Yes,Yes,Yes,Yes,No,79.35,DSL,
79.2,72,No,,0,,Two year,2235-EZAIK,No,Yes,Female,1,5401.9,61+,72,Yes,Yes,No,0,Yes,Credit card (automatic),Yes,No,Yes,Yes,Yes,79.2,DSL,
20.65,62,No,,0,,Two year,2236-HILPA,Yes,No,Male,1,1218.45,61+,62,No,No,No,0,Yes,Credit card (automatic),Yes,No,No,No,No,20.65,No,
80.55,31,No,,0,,Two year,2245-ADZFJ,Yes,No,Female,1,2471.6,25-36,31,Yes,Yes,Yes,0,Yes,Bank transfer (automatic),Yes,No,No,Yes,Yes,80.55,DSL,
79.55,72,No,,0,,Two year,2251-PYLPB,No,Yes,Male,1,5810.9,61+,72,Yes,No,Yes,0,Yes,Credit card (automatic),Yes,No,Yes,Yes,Yes,79.55,DSL,
85.15,52,No,,0,,Two year,2252-NKNSI,Yes,No,Male,1,4461.85,49-60,52,Yes,Yes,Yes,0,Yes,Mailed check,No,Yes,Yes,Yes,Yes,85.15,DSL,
46.25,69,No,,0,,Two year,2253-KPMNB,Yes,Yes,Female,1,3121.4,61+,69,Yes,No,No,0,No,Bank transfer (automatic),Yes,No,Yes,Yes,No phone service,46.25,DSL,
72.95,68,No,,0,,Two year,2256-YLYLP,Yes,Yes,Male,1,4953.25,61+,68,Yes,Yes,Yes,0,Yes,Bank transfer (automatic),Yes,Yes,No,No,No,72.95,DSL,
24.95,51,No,,0,,Two year,2263-SFSQZ,Yes,No,Male,1,1222.25,49-60,51,No,No,No,0,Yes,Mailed check,Yes,Yes,No,No,Yes,24.95,No,
19.35,15,No,,0,,Two year,2266-FUBDZ,Yes,No,Male,1,278.85,13-24,15,No,No,No,0,Yes,Mailed check,Yes,No,No,No,No,19.35,No,
110.75,72,No,,0,,Two year,2272-WUSPA,No,Yes,Female,1,7751.7,61+,72,No,Yes,Yes,0,Yes,Electronic check,Yes,Yes,Yes,Yes,Yes,110.75,Fiber optic,
63.1,72,No,,0,,Two year,2274-XUATA,No,Yes,Male,1,4685.55,61+,72,Yes,Yes,Yes,1,No,Bank transfer (automatic),Yes,Yes,Yes,Yes,No phone service,63.1,DSL,
99.2,71,No,,0,,Two year,2277-BKJKN,No,Yes,Female,1,7213.75,61+,71,No,Yes,Yes,1,Yes,Electronic check,Yes,Yes,No,Yes,No,99.2,Fiber optic,
71,65,No,,0,,Two year,2296-DKZFP,No,Yes,Female,1,4386.2,61+,65,No,No,Yes,0,Yes,Bank transfer (automatic),Yes,No,Yes,Yes,No,71,DSL,
20.05,38,No,,0,,Two year,2300-RQGOI,No,No,Female,1,741.5,37-48,38,No,No,No,0,Yes,Mailed check,No,No,No,No,No,20.05,No,
82.15,72,No,,0,,Two year,2302-OUZXB,No,Yes,Male,1,5784.3,61+,72,No,Yes,Yes,0,Yes,Bank transfer (automatic),Yes,No,No,Yes,Yes,82.15,DSL,
109.05,65,No,,0,,Two year,2307-FYNNL,No,Yes,Male,1,7108.2,61+,65,Yes,Yes,Yes,1,Yes,Electronic check,No,Yes,Yes,No,Yes,109.05,Fiber optic,
55.65,72,No,,0,,Two year,2314-TNDJQ,Yes,Yes,Female,1,3880.05,61+,72,Yes,No,Yes,0,No,Credit card (automatic),Yes,No,Yes,Yes,No phone service,55.65,DSL,
111.05,67,No,,0,,Two year,2323-ARSVR,No,Yes,Male,1,7321.05,61+,67,Yes,Yes,Yes,0,Yes,Electronic check,Yes,Yes,Yes,Yes,No,111.05,Fiber optic,
104.4,64,No,,0,,Two year,2324-EFHVG,No,Yes,Male,1,6692.65,61+,64,No,Yes,Yes,0,Yes,Bank transfer (automatic),No,Yes,No,Yes,Yes,104.4,Fiber optic,
20.05,18,No,,0,,Two year,2333-KWEWW,No,No,Male,1,388.6,13-24,18,No,No,No,0,Yes,Credit card (automatic),No,No,No,No,No,20.05,No,
40.1,23,No,,0,,Two year,2335-GSODA,Yes,Yes,Male,1,857.75,13-24,23,Yes,No,No,0,No,Mailed check,No,No,Yes,No,No phone service,40.1,DSL,
20.35,27,No,,0,,Two year,2346-CZYIL,No,No,Male,1,531.6,25-36,27,No,No,No,0,Yes,Credit card (automatic),No,No,No,No,No,20.35,No,
20.5,58,No,,0,,Two year,2346-LOCWC,Yes,No,Female,1,1191.4,49-60,58,No,No,No,0,Yes,Credit card (automatic),Yes,No,No,No,No,20.5,No,
75.2,43,No,,0,,Two year,2351-BKRZW,Yes,Yes,Female,1,3254.35,37-48,43,No,Yes,Yes,0,Yes,Bank transfer (automatic),Yes,No,Yes,No,No,75.2,DSL,
113.65,70,No,,0,,Two year,2368-GAKKQ,No,Yes,Female,1,7939.25,61+,70,Yes,Yes,Yes,0,Yes,Bank transfer (automatic),No,Yes,Yes,Yes,Yes,113.65,Fiber optic,
85,68,No,,0,,Two year,2378-YIZKA,Yes,Yes,Female,1,5607.75,61+,68,Yes,Yes,Yes,0,Yes,Credit card (automatic),Yes,Yes,Yes,Yes,No,85,DSL,
115.15,72,No,,0,,Two year,2380-DAMQP,No,Yes,Female,1,8349.7,61+,72,Yes,Yes,Yes,0,Yes,Electronic check,Yes,No,Yes,Yes,Yes,115.15,Fiber optic,
20.2,38,No,,0,,Two year,2384-OVPSA,No,No,Female,1,735.9,37-48,38,No,No,No,1,Yes,Mailed check,No,No,No,No,No,20.2,No,
114.85,72,No,,0,,Two year,2388-LAESQ,No,Yes,Female,1,8317.95,61+,72,Yes,Yes,Yes,1,Yes,Bank transfer (automatic),Yes,Yes,Yes,Yes,Yes,114.85,Fiber optic,
20.5,55,No,,0,,Two year,2400-FEQME,Yes,No,Male,1,1177.95,49-60,55,No,No,No,0,Yes,Mailed check,Yes,No,No,No,No,20.5,No,
90.1,71,No,,0,,Two year,2400-XIWIO,No,Yes,Female,1,6310.9,61+,71,Yes,Yes,Yes,0,Yes,Electronic check,Yes,No,Yes,Yes,Yes,90.1,DSL,
85.1,55,No,,0,,Two year,2404-JIBFC,Yes,Yes,Female,1,4657.95,49-60,55,Yes,Yes,Yes,0,Yes,Bank transfer (automatic),Yes,Yes,Yes,No,Yes,85.1,DSL,
19.8,56,No,,0,,Two year,2418-TPEUN,Yes,No,Female,1,1119.9,49-60,56,No,No,No,0,Yes,Credit card (automatic),Yes,Yes,No,No,No,19.8,No,
108.4,72,No,,0,,Two year,2419-FSORS,No,Yes,Male,1,7719.5,61+,72,Yes,Yes,Yes,0,Yes,Electronic check,Yes,Yes,No,Yes,Yes,108.4,Fiber optic,
19.35,44,No,,0,,Two year,2428-HYUNX,No,No,Male,1,847.25,37-48,44,No,No,No,1,Yes,Credit card (automatic),Yes,Yes,No,No,No,19.35,No,
19.85,72,No,,0,,Two year,2429-AYKKO,No,No,Male,1,1434.1,61+,72,No,No,No,0,Yes,Bank transfer (automatic),No,No,No,No,No,19.85,No,
94.6,64,No,,0,,Two year,2434-EEVDB,No,Yes,Female,1,5948.7,61+,64,No,Yes,No,0,Yes,Credit card (automatic),Yes,Yes,Yes,No,Yes,94.6,Fiber optic,
64.55,67,No,,0,,Two year,2451-YMUXS,No,No,Male,1,4250.1,61+,67,Yes,No,No,1,Yes,Bank transfer (automatic),No,Yes,Yes,Yes,Yes,64.55,DSL,
25.7,72,No,,0,,Two year,2452-MRMZF,No,No,Female,1,1937.4,61+,72,No,No,No,1,Yes,Credit card (automatic),Yes,Yes,No,No,Yes,25.7,No,
111.65,72,No,,0,,Two year,2469-DTSGX,No,Yes,Female,1,7943.45,61+,72,Yes,Yes,Yes,1,Yes,Electronic check,No,No,No,Yes,Yes,111.65,Fiber optic,
25,61,No,,0,,Two year,2481-SBOYW,Yes,No,Female,1,1498.35,61+,61,No,No,No,0,Yes,Credit card (automatic),No,Yes,No,No,Yes,25,No,
73.6,32,No,,0,,Two year,2498-XLDZR,Yes,Yes,Female,1,2316.85,25-36,32,Yes,No,Yes,0,Yes,Mailed check,Yes,No,Yes,Yes,No,73.6,DSL,
110.8,72,No,,0,,Two year,2499-AJYUA,No,Yes,Female,1,7882.25,61+,72,Yes,Yes,Yes,1,Yes,Credit card (automatic),Yes,Yes,No,Yes,Yes,110.8,Fiber optic,
25.75,72,No,,0,,Two year,2509-TFPJU,No,No,Male,1,1864.2,61+,72,No,No,No,0,Yes,Credit card (automatic),Yes,No,No,No,Yes,25.75,No,
24.3,35,No,,0,,Two year,2511-ALLCS,Yes,No,Female,1,821.6,25-36,35,No,No,No,0,Yes,Bank transfer (automatic),Yes,No,No,No,Yes,24.3,No,
78.45,41,No,,0,,Two year,2516-XSJKX,Yes,No,Female,1,3126.45,37-48,41,Yes,Yes,Yes,0,Yes,Electronic check,Yes,No,Yes,Yes,No,78.45,DSL,
20,0,No,,0,,Two year,2520-SGTTA,Yes,No,Female,1,0,0-12,0,No,No,No,0,Yes,Mailed check,Yes,No,No,No,No,20,No,
101,70,No,,0,,Two year,2521-NPUZR,No,Yes,Male,1,7085.5,61+,70,Yes,No,Yes,0,Yes,Credit card (automatic),Yes,No,Yes,Yes,No,101,Fiber optic,
20.6,60,No,,0,,Two year,2525-GVKQU,No,No,Female,1,1093,49-60,60,No,No,No,0,Yes,Mailed check,No,No,No,No,No,20.6,No,
103.2,56,No,,0,,Two year,2530-FMFXO,Yes,Yes,Male,1,5873.75,49-60,56,Yes,Yes,Yes,0,Yes,Electronic check,Yes,Yes,No,No,Yes,103.2,Fiber optic,
64.55,70,No,,0,,Two year,2535-PBCGC,No,Yes,Female,1,4504.9,61+,70,Yes,Yes,Yes,0,No,Bank transfer (automatic),Yes,No,Yes,Yes,No phone service,64.55,DSL,
20.7,72,No,,0,,Two year,2545-LXYVJ,No,No,Male,1,1492.1,61+,72,No,No,No,0,Yes,Bank transfer (automatic),Yes,No,No,No,No,20.7,No,
24.15,68,No,,0,,Two year,2560-WBWXF,No,No,Male,1,1498.85,61+,68,No,No,No,0,Yes,Bank transfer (automatic),No,Yes,No,No,Yes,24.15,No,
21.15,72,No,,0,,Two year,2569-WGERO,No,No,Female,1,1419.4,61+,72,No,No,No,0,Yes,Bank transfer (automatic),No,Yes,No,No,No,21.15,No,
100.1,44,No,,0,,Two year,2578-JQPHZ,No,Yes,Male,1,4378.35,37-48,44,Yes,Yes,Yes,0,Yes,Bank transfer (automatic),No,No,No,No,No,100.1,Fiber optic,
45.4,37,No,,0,,Two year,2580-ASVVY,No,No,Female,1,1593.1,37-48,37,Yes,Yes,No,0,No,Electronic check,Yes,No,Yes,No,No phone service,45.4,DSL,
20.1,6,No,,0,,Two year,2587-YNLES,Yes,No,Female,1,100.35,0-12,6,No,No,No,0,Yes,Mailed check,Yes,No,No,No,No,20.1,No,
19.7,27,No,,0,,Two year,2595-KIWPV,Yes,No,Male,1,509.3,25-36,27,No,No,No,0,Yes,Credit card (automatic),No,No,No,No,No,19.7,No,
109.3,71,No,,0,,Two year,2599-CIPQE,Yes,Yes,Male,1,7782.85,61+,71,Yes,Yes,Yes,0,Yes,Credit card (automatic),Yes,No,Yes,Yes,No,109.3,Fiber optic,
19.8,72,No,,0,,Two year,2607-DHDAK,Yes,No,Male,1,1414.65,61+,72,No,No,No,0,Yes,Credit card (automatic),Yes,Yes,No,No,No,19.8,No,
76.1,64,No,,0,,Two year,2612-PHGOX,No,Yes,Male,1,4818.8,61+,64,Yes,Yes,No,0,Yes,Bank transfer (automatic),Yes,Yes,No,Yes,Yes,76.1,DSL,
19.55,64,No,,0,,Two year,2616-FLVQC,No,No,Male,1,1240.15,61+,64,No,No,No,0,Yes,Mailed check,No,No,No,No,No,19.55,No,
19.4,67,No,,0,,Two year,2626-VEEWG,Yes,No,Male,1,1284.2,61+,67,No,No,No,0,Yes,Credit card (automatic),Yes,Yes,No,No,No,19.4,No,
111.75,68,No,,0,,Two year,2632-IVXVF,Yes,Yes,Female,1,7511.3,61+,68,Yes,Yes,Yes,0,Yes,Credit card (automatic),Yes,No,Yes,No,Yes,111.75,Fiber optic,
23.65,62,No,,0,,Two year,2632-TACXW,No,No,Female,1,1416.75,61+,62,No,No,No,0,Yes,Bank transfer (automatic),Yes,No,No,No,Yes,23.65,No,
20.25,36,No,,0,,Two year,2642-MAWLJ,Yes,No,Female,1,717.95,25-36,36,No,No,No,0,Yes,Bank transfer (automatic),Yes,No,No,No,No,20.25,No,
76.15,65,No,,0,,Two year,2649-HWLYB,No,Yes,Male,1,4929.55,61+,65,Yes,No,Yes,0,Yes,Bank transfer (automatic),Yes,No,Yes,No,Yes,76.15,DSL,
108,54,No,,0,,Two year,2651-ZCBXV,No,No,Male,1,5760.65,49-60,54,Yes,Yes,Yes,0,Yes,Credit card (automatic),No,Yes,Yes,Yes,Yes,108,Fiber optic,
76.95,60,No,,0,,Two year,2661-GKBTK,Yes,No,Male,1,4543.95,49-60,60,Yes,Yes,Yes,0,Yes,Bank transfer (automatic),Yes,No,No,Yes,No,76.95,DSL,
104.9,72,No,,0,,Two year,2664-XJZNO,Yes,Yes,Male,1,7559.55,61+,72,Yes,Yes,Yes,0,Yes,Credit card (automatic),Yes,Yes,Yes,No,No,104.9,Fiber optic,
19.65,53,No,,0,,Two year,2675-IJRGJ,No,No,Male,1,978,49-60,53,No,No,No,0,Yes,Bank transfer (automatic),No,No,No,No,No,19.65,No,
66.15,49,No,,0,,Two year,2676-SSLTO,No,No,Male,1,3199,49-60,49,Yes,Yes,No,0,Yes,Bank transfer (automatic),No,Yes,No,No,Yes,66.15,DSL,
25.05,68,No,,0,,Two year,2696-RZVZW,No,No,Male,1,1629.2,61+,68,No,No,No,0,Yes,Credit card (automatic),Yes,No,No,No,Yes,25.05,No,
25.2,15,No,,0,,Two year,2706-QZIHY,No,No,Female,1,387.9,13-24,15,No,No,No,0,Yes,Mailed check,Yes,No,No,No,Yes,25.2,No,
71.1,3,No,,0,,Two year,2710-WYVXG,No,No,Female,1,213.35,0-12,3,Yes,No,Yes,0,Yes,Mailed check,No,No,Yes,Yes,No,71.1,DSL,
19.6,71,No,,0,,Two year,2718-YSKCS,Yes,No,Male,1,1387.45,61+,71,No,No,No,0,Yes,Bank transfer (automatic),Yes,Yes,No,No,No,19.6,No,
84.2,72,No,,0,,Two year,2725-TTRIQ,Yes,Yes,Female,1,5986.55,61+,72,Yes,Yes,Yes,0,Yes,Bank transfer (automatic),Yes,Yes,Yes,No,Yes,84.2,DSL,
19.8,33,No,,0,,Two year,2729-VNVAP,Yes,No,Female,1,641.35,25-36,33,No,No,No,0,Yes,Credit card (automatic),Yes,No,No,No,No,19.8,No,
74.2,65,No,,0,,Two year,2753-JMMCV,No,Yes,Male,1,4805.65,61+,65,Yes,No,Yes,0,Yes,Credit card (automatic),No,Yes,No,Yes,Yes,74.2,DSL,
53.1,36,No,,0,,Two year,2773-MADBQ,No,Yes,Female,1,1901.25,25-36,36,Yes,No,Yes,0,No,Mailed check,No,Yes,Yes,Yes,No phone service,53.1,DSL,
111.3,67,No,,0,,Two year,2773-OVBPK,No,Yes,Male,1,7567.2,61+,67,Yes,Yes,Yes,0,Yes,Bank transfer (automatic),Yes,Yes,No,Yes,Yes,111.3,Fiber optic,
61.9,0,No,,0,,Two year,2775-SEFEE,Yes,No,Male,1,0,0-12,0,Yes,No,No,0,Yes,Bank transfer (automatic),No,Yes,Yes,Yes,Yes,61.9,DSL,
110.3,64,No,,0,,Two year,2789-CZANW,Yes,No,Female,1,6997.3,61+,64,Yes,Yes,Yes,0,Yes,Bank transfer (automatic),Yes,No,Yes,Yes,Yes,110.3,Fiber optic,
19.95,46,No,,0,,Two year,2796-NNUFI,Yes,No,Female,1,927.1,37-48,46,No,No,No,0,Yes,Mailed check,Yes,Yes,No,No,No,19.95,No,
108.55,71,No,,0,,Two year,2798-NYLMZ,No,Yes,Male,1,7616,61+,71,Yes,Yes,Yes,0,Yes,Credit card (automatic),Yes,Yes,Yes,No,Yes,108.55,Fiber optic,
25.3,65,No,,0,,Two year,2799-TSLAG,Yes,No,Female,1,1748.55,61+,65,No,No,No,0,Yes,Bank transfer (automatic),Yes,Yes,No,No,Yes,25.3,No,
20.55,66,No,,0,,Two year,2804-ETQDK,Yes,No,Male,1,1357.1,61+,66,No,No,No,0,Yes,Mailed check,No,No,No,No,No,20.55,No,
19.8,25,No,,0,,Two year,2805-AUFQN,No,No,Female,1,475.2,25-36,25,No,No,No,0,Yes,Credit card (automatic),No,No,No,No,No,19.8,No,
25.1,23,No,,0,,Two year,2808-CHTDM,Yes,No,Female,1,611.45,13-24,23,No,No,No,0,Yes,Mailed check,Yes,No,No,No,Yes,25.1,No,
19.4,50,No,,0,,Two year,2817-LVCPP,No,No,Female,1,1023.95,49-60,50,No,No,No,0,Yes,Credit card (automatic),No,No,No,No,No,19.4,No,
71.45,72,No,,0,,Two year,2824-DXNKN,Yes,Yes,Female,1,5025.85,61+,72,No,Yes,No,0,Yes,Bank transfer (automatic),Yes,Yes,Yes,No,Yes,71.45,DSL,
68.3,64,No,,0,,Two year,2845-KDHVX,No,Yes,Female,1,4378.8,61+,64,Yes,No,Yes,0,Yes,Mailed check,Yes,Yes,No,Yes,No,68.3,DSL,
19.4,72,No,,0,,Two year,2848-YXSMW,Yes,No,Male,1,1363.25,61+,72,No,No,No,0,Yes,Credit card (automatic),Yes,No,No,No,No,19.4,No,
89.65,61,No,,0,,Two year,2863-IMQDR,No,Yes,Female,1,5308.7,61+,61,Yes,Yes,Yes,0,Yes,Electronic check,No,No,Yes,Yes,Yes,89.65,DSL,
102.65,72,No,,0,,Two year,2878-RMWXY,No,Yes,Male,1,7550.3,61+,72,No,No,Yes,1,Yes,Credit card (automatic),Yes,Yes,Yes,Yes,Yes,102.65,Fiber optic,
75.75,69,No,,0,,Two year,2882-WDTBA,Yes,Yes,Male,1,5388.15,61+,69,Yes,Yes,No,0,Yes,Bank transfer (automatic),Yes,Yes,Yes,Yes,No,75.75,DSL,
86.9,69,No,,0,,Two year,2885-HIJDH,Yes,Yes,Male,1,6194.1,61+,69,Yes,Yes,Yes,0,Yes,Bank transfer (automatic),Yes,No,Yes,No,Yes,86.9,DSL,
21.3,47,No,,0,,Two year,2888-ADFAO,Yes,No,Female,1,1041.8,37-48,47,No,No,No,0,Yes,Bank transfer (automatic),Yes,Yes,No,No,No,21.3,No,
19.35,18,No,,0,,Two year,2892-GESUL,Yes,No,Female,1,309.25,13-24,18,No,No,No,0,Yes,Mailed check,Yes,No,No,No,No,19.35,No,
19.55,70,No,,0,,Two year,2900-PHPLN,No,No,Female,1,1462.05,61+,70,No,No,No,1,Yes,Credit card (automatic),Yes,Yes,No,No,No,19.55,No,
84.05,72,No,,0,,Two year,2904-GGUAZ,No,No,Female,1,6052.25,61+,72,No,No,No,0,Yes,Bank transfer (automatic),Yes,Yes,Yes,Yes,Yes,84.05,Fiber optic,
24.95,56,No,,0,,Two year,2908-WGAXL,Yes,No,Female,1,1468.9,49-60,56,No,No,No,0,Yes,Credit card (automatic),Yes,Yes,No,No,Yes,24.95,No,
88.7,72,No,,0,,Two year,2925-VDZHY,Yes,Yes,Male,1,6501.35,61+,72,Yes,Yes,Yes,0,Yes,Credit card (automatic),Yes,No,Yes,Yes,Yes,88.7,DSL,
104.05,53,No,,0,,Two year,2927-CVULT,Yes,Yes,Female,1,5566.4,49-60,53,Yes,No,Yes,0,Yes,Bank transfer (automatic),Yes,Yes,Yes,Yes,Yes,104.05,Fiber optic,
79.2,46,No,,0,,Two year,2933-XEUJM,No,Yes,Female,1,3593.8,37-48,46,No,Yes,Yes,0,Yes,Mailed check,No,No,Yes,No,Yes,79.2,DSL,
64.15,69,No,,0,,Two year,2954-PIBKO,Yes,Yes,Female,1,4254.1,61+,69,Yes,No,No,0,Yes,Credit card (automatic),Yes,Yes,Yes,No,Yes,64.15,DSL,
25.95,71,No,,0,,Two year,2961-VNFKL,No,No,Female,1,1801.9,61+,71,No,No,No,0,Yes,Credit card (automatic),Yes,Yes,No,No,Yes,25.95,No,
90.05,66,No,,0,,Two year,2977-CEBSX,No,Yes,Female,1,5965.95,61+,66,Yes,Yes,Yes,0,Yes,Credit card (automatic),No,Yes,Yes,Yes,Yes,90.05,DSL,
19.75,69,No,,0,,Two year,2984-RGEYA,Yes,No,Female,1,1375.4,61+,69,No,No,No,0,Yes,Bank transfer (automatic),Yes,No,No,No,No,19.75,No,
104.9,72,No,,0,,Two year,2984-TBYKU,Yes,Yes,Male,1,7732.65,61+,72,Yes,No,Yes,0,Yes,Credit card (automatic),Yes,Yes,Yes,Yes,Yes,104.9,Fiber optic,
84.7,70,No,,0,,Two year,2987-BJXIK,No,Yes,Female,1,5991.05,61+,70,No,Yes,Yes,0,Yes,Mailed check,No,No,Yes,Yes,Yes,84.7,DSL,
110.05,69,No,,0,,Two year,2988-QRAJY,No,Yes,Male,1,7430.75,61+,69,No,Yes,Yes,0,Yes,Credit card (automatic),No,Yes,Yes,Yes,Yes,110.05,Fiber optic,
92,72,No,,0,,Two year,2990-IAJSV,No,Yes,Male,1,6632.75,61+,72,Yes,Yes,Yes,0,Yes,Bank transfer (automatic),No,No,Yes,Yes,Yes,92,DSL,
86.15,67,No,,0,,Two year,2990-OGYTD,No,Yes,Female,1,5883.85,61+,67,Yes,Yes,Yes,0,Yes,Bank transfer (automatic),Yes,No,No,Yes,Yes,86.15,DSL,
24.9,19,No,,0,,Two year,2995-YWTCD,Yes,No,Female,1,467.7,13-24,19,No,No,No,0,Yes,Bank transfer (automatic),Yes,Yes,No,No,Yes,24.9,No,
40.05,70,No,,0,,Two year,2996-XAUVF,No,No,Male,1,2799.75,61+,70,Yes,No,Yes,0,No,Mailed check,No,Yes,No,No,No phone service,40.05,DSL,
71.05,21,No,,0,,Two year,2999-AANRQ,No,No,Female,1,1524.85,13-24,21,Yes,Yes,No,0,Yes,Credit card (automatic),No,No,Yes,Yes,No,71.05,DSL,
111.2,67,No,,0,,Two year,3022-BEXHZ,Yes,Yes,Male,1,7530.8,61+,67,Yes,Yes,Yes,0,Yes,Bank transfer (automatic),Yes,Yes,No,Yes,Yes,111.2,Fiber optic,
25,64,No,,0,,Two year,3027-YNWZU,No,No,Female,1,1584.8,61+,64,No,No,No,0,Yes,Credit card (automatic),Yes,No,No,No,Yes,25,No,
81.25,56,No,,0,,Two year,3050-RLLXC,Yes,Yes,Female,1,4620.4,49-60,56,Yes,Yes,No,0,Yes,Credit card (automatic),Yes,No,Yes,Yes,Yes,81.25,DSL,
55.25,35,No,,0,,Two year,3057-VJJQE,No,No,Male,1,1924.1,25-36,35,No,No,No,0,Yes,Mailed check,No,No,Yes,No,Yes,55.25,DSL,
99.65,60,No,,0,,Two year,3070-BDOQC,No,Yes,Female,1,5941.05,49-60,60,No,Yes,Yes,0,Yes,Electronic check,No,Yes,No,Yes,No,99.65,Fiber optic,
20.4,23,No,,0,,Two year,3070-FNFZQ,Yes,No,Female,1,478.75,13-24,23,No,No,No,0,Yes,Bank transfer (automatic),Yes,No,No,No,No,20.4,No,
82.3,72,No,,0,,Two year,3071-MVJCD,Yes,Yes,Male,1,5815.15,61+,72,Yes,Yes,No,0,Yes,Bank transfer (automatic),Yes,No,Yes,Yes,Yes,82.3,DSL,
19.75,13,No,,0,,Two year,3078-ZKNTS,Yes,No,Female,1,246.7,13-24,13,No,No,No,0,Yes,Bank transfer (automatic),Yes,Yes,No,No,No,19.75,No,
77.15,23,No,,0,,Two year,3082-YVEKW,Yes,Yes,Female,1,1759.4,13-24,23,Yes,Yes,No,0,Yes,Bank transfer (automatic),Yes,Yes,Yes,No,Yes,77.15,DSL,
92,72,No,,0,,Two year,3084-DOWLE,No,Yes,Female,1,6474.4,61+,72,Yes,Yes,Yes,0,Yes,Bank transfer (automatic),Yes,No,Yes,Yes,Yes,92,DSL,
25.55,53,No,,0,,Two year,3088-FVYWK,Yes,No,Male,1,1336.1,49-60,53,No,No,No,0,Yes,Credit card (automatic),Yes,No,No,No,Yes,25.55,No,
107.65,65,No,,0,,Two year,3096-YXENJ,No,Yes,Female,1,7082.85,61+,65,Yes,Yes,Yes,0,Yes,Bank transfer (automatic),Yes,Yes,No,Yes,Yes,107.65,Fiber optic,
20,41,No,,0,,Two year,3097-FQTVJ,No,No,Female,1,810.3,37-48,41,No,No,No,0,Yes,Mailed check,No,No,No,No,No,20,No,
84.45,72,No,,0,,Two year,3108-PCCGG,No,Yes,Male,1,5899.85,61+,72,No,Yes,Yes,1,Yes,Credit card (automatic),Yes,No,Yes,Yes,Yes,84.45,DSL,
20.25,0,No,,0,,Two year,3115-CZMZD,Yes,No,Male,1,0,0-12,0,No,No,No,0,Yes,Mailed check,No,No,No,No,No,20.25,No,
25.8,68,No,,0,,Two year,3118-UHVVQ,No,No,Female,1,1911.5,61+,68,No,No,No,0,Yes,Credit card (automatic),Yes,No,No,No,Yes,25.8,No,
24.05,54,No,,0,,Two year,3120-FAZKD,Yes,No,Male,1,1230.9,49-60,54,No,No,No,0,Yes,Bank transfer (automatic),Yes,Yes,No,No,Yes,24.05,No,
25.6,19,No,,0,,Two year,3129-AAQOU,Yes,No,Female,1,485.9,13-24,19,No,No,No,0,Yes,Mailed check,Yes,No,No,No,Yes,25.6,No,
97.75,72,No,,0,,Two year,3133-PZNSR,Yes,No,Male,1,6991.6,61+,72,Yes,No,Yes,0,Yes,Credit card (automatic),Yes,Yes,Yes,Yes,Yes,97.75,Fiber optic,
98,63,No,,0,,Two year,3134-DSHVC,No,Yes,Female,1,6218.45,61+,63,No,Yes,No,0,Yes,Credit card (automatic),No,No,Yes,Yes,Yes,98,Fiber optic,
88.05,72,No,,0,,Two year,3146-MSEGF,Yes,Yes,Female,1,6425.65,61+,72,Yes,Yes,Yes,1,Yes,Credit card (automatic),Yes,Yes,Yes,Yes,Yes,88.05,DSL,
24.95,69,No,,0,,Two year,3148-AOIQT,No,No,Female,1,1718.35,61+,69,No,No,No,0,Yes,Credit card (automatic),Yes,Yes,No,No,Yes,24.95,No,
20.5,60,No,,0,,Two year,3154-HMWUU,No,No,Male,1,1198.8,49-60,60,No,No,No,0,Yes,Bank transfer (automatic),Yes,Yes,No,No,No,20.5,No,
86.45,61,No,,0,,Two year,3166-PNEOF,No,Yes,Female,1,5175.3,61+,61,Yes,Yes,Yes,0,Yes,Credit card (automatic),No,No,Yes,No,Yes,86.45,DSL,
20.15,50,No,,0,,Two year,3170-NMYVV,Yes,No,Female,1,930.9,49-60,50,No,No,No,0,Yes,Bank transfer (automatic),Yes,No,No,No,No,20.15,No,
19.7,71,No,,0,,Two year,3173-WSSUE,Yes,No,Female,1,1415.85,61+,71,No,No,No,0,Yes,Credit card (automatic),Yes,No,No,No,No,19.7,No,
64.2,46,No,,0,,Two year,3174-AKMAS,No,No,Female,1,3009.5,37-48,46,Yes,Yes,No,0,Yes,Credit card (automatic),Yes,Yes,No,Yes,No,64.2,DSL,
105.65,66,No,,0,,Two year,3186-AJIEK,No,Yes,Male,1,6844.5,61+,66,Yes,Yes,Yes,0,Yes,Bank transfer (automatic),No,Yes,Yes,No,No,105.65,Fiber optic,
20.25,46,No,,0,,Two year,3190-ITQXP,Yes,No,Female,1,890.35,37-48,46,No,No,No,0,Yes,Bank transfer (automatic),Yes,No,No,No,No,20.25,No,
105.1,65,No,,0,,Two year,3197-NNYNB,No,Yes,Male,1,6631.85,61+,65,No,Yes,Yes,0,Yes,Credit card (automatic),No,No,No,Yes,Yes,105.1,Fiber optic,
70.9,67,No,,0,,Two year,3200-MNQTF,No,Yes,Male,1,4677.1,61+,67,Yes,No,No,0,Yes,Credit card (automatic),Yes,No,Yes,Yes,Yes,70.9,DSL,
21,52,No,,0,,Two year,3212-KXOCR,No,No,Male,1,1107.2,49-60,52,No,No,No,0,Yes,Bank transfer (automatic),No,No,No,No,No,21,No,
25.35,0,No,,0,,Two year,3213-VVOLG,Yes,No,Male,1,0,0-12,0,No,No,No,0,Yes,Mailed check,Yes,No,No,No,Yes,25.35,No,
89.1,72,No,,0,,Two year,3219-JQRSL,No,Yes,Female,1,6352.4,61+,72,Yes,Yes,Yes,1,Yes,Credit card (automatic),Yes,No,Yes,Yes,Yes,89.1,DSL,
91.55,65,No,,0,,Two year,3227-WLKLI,Yes,Yes,Female,1,5963.95,61+,65,Yes,Yes,Yes,0,Yes,Bank transfer (automatic),Yes,No,Yes,Yes,Yes,91.55,DSL,
81,45,No,,0,,Two year,3230-IUALN,Yes,Yes,Female,1,3533.6,37-48,45,Yes,Yes,Yes,0,Yes,Mailed check,Yes,Yes,Yes,No,No,81,DSL,
99,71,No,,0,,Two year,3230-JCNZS,Yes,Yes,Female,1,7061.65,61+,71,No,Yes,No,0,Yes,Credit card (automatic),Yes,Yes,Yes,Yes,Yes,99,Fiber optic,
20.05,12,No,,0,,Two year,3239-TPHPZ,No,No,Female,1,264.55,0-12,12,No,No,No,0,Yes,Electronic check,Yes,Yes,No,No,No,20.05,No,
110.1,72,No,,0,,Two year,3244-CQPHU,No,No,Female,1,7746.7,61+,72,Yes,Yes,Yes,1,Yes,Bank transfer (automatic),No,Yes,Yes,Yes,Yes,110.1,Fiber optic,
43.6,62,No,,0,,Two year,3249-VHRIP,No,Yes,Female,1,2748.7,61+,62,No,No,Yes,0,No,Credit card (automatic),No,Yes,No,Yes,No phone service,43.6,DSL,
113.8,72,No,,0,,Two year,3258-SYSWS,No,Yes,Male,1,7845.8,61+,72,Yes,Yes,Yes,1,Yes,Bank transfer (automatic),No,No,Yes,Yes,Yes,113.8,Fiber optic,
116.6,72,No,,0,,Two year,3258-ZKPAI,Yes,Yes,Male,1,8337.45,61+,72,Yes,Yes,Yes,0,Yes,Bank transfer (automatic),Yes,Yes,Yes,Yes,Yes,116.6,Fiber optic,
79.75,57,No,,0,,Two year,3259-KNMRR,No,Yes,Male,1,4438.2,49-60,57,No,Yes,Yes,1,Yes,Bank transfer (automatic),No,Yes,No,Yes,Yes,79.75,DSL,
86.1,58,No,,0,,Two year,3259-QMXUN,No,Yes,Male,1,4890.5,49-60,58,No,Yes,Yes,0,Yes,Electronic check,Yes,Yes,Yes,Yes,Yes,86.1,DSL,
25.45,71,No,,0,,Two year,3261-CQXOL,Yes,No,Female,1,1813.35,61+,71,No,No,No,0,Yes,Bank transfer (automatic),Yes,No,No,No,Yes,25.45,No,
84.7,72,No,,0,,Two year,3262-EIDHV,Yes,Yes,Female,1,5893.9,61+,72,Yes,Yes,Yes,0,Yes,Credit card (automatic),Yes,No,Yes,No,Yes,84.7,DSL,
19.15,17,No,,0,,Two year,3266-FTKHB,No,No,Male,1,343.45,13-24,17,No,No,No,0,Yes,Mailed check,No,No,No,No,No,19.15,No,
19.6,68,No,,0,,Two year,3274-NSDWE,No,No,Female,1,1441.65,61+,68,No,No,No,0,Yes,Credit card (automatic),No,No,No,No,No,19.6,No,
19.45,71,No,,0,,Two year,3279-DYZQM,Yes,No,Male,1,1378.45,61+,71,No,No,No,0,Yes,Mailed check,Yes,No,No,No,No,19.45,No,
69.1,30,No,,0,,Two year,3280-MRDOF,No,Yes,Male,1,2093.9,25-36,30,Yes,Yes,No,1,Yes,Credit card (automatic),No,Yes,No,No,Yes,69.1,DSL,
25.4,6,No,,0,,Two year,3283-WCWXT,Yes,No,Male,1,153.3,0-12,6,No,No,No,0,Yes,Mailed check,Yes,No,No,No,Yes,25.4,No,
25.5,45,No,,0,,Two year,3284-SVCRO,No,No,Female,1,1121.05,37-48,45,No,No,No,0,Yes,Mailed check,Yes,No,No,No,Yes,25.5,No,
34.6,23,No,,0,,Two year,3298-QEICA,Yes,No,Female,1,813.45,13-24,23,Yes,No,No,0,No,Mailed check,Yes,No,Yes,No,No phone service,34.6,DSL,
19.3,69,No,,0,,Two year,3308-DGHKL,No,No,Male,1,1447.9,61+,69,No,No,No,0,Yes,Bank transfer (automatic),No,Yes,No,No,No,19.3,No,
64.05,59,No,,0,,Two year,3308-JSGML,No,Yes,Male,1,3886.85,49-60,59,Yes,Yes,Yes,1,No,Credit card (automatic),Yes,Yes,Yes,No,No phone service,64.05,DSL,
19.75,9,No,,0,,Two year,3352-RICWQ,Yes,No,Female,1,210.65,0-12,9,No,No,No,0,Yes,Mailed check,Yes,No,No,No,No,19.75,No,
19.85,58,No,,0,,Two year,3359-DSRKA,Yes,No,Female,1,1158.85,49-60,58,No,No,No,0,Yes,Mailed check,Yes,Yes,No,No,No,19.85,No,
105.55,71,No,,0,,Two year,3363-DTIVD,Yes,Yes,Male,1,7405.5,61+,71,No,Yes,Yes,0,Yes,Electronic check,Yes,No,Yes,No,Yes,105.55,Fiber optic,
21.25,30,No,,0,,Two year,3373-DIUUN,Yes,No,Male,1,711.9,25-36,30,No,No,No,0,Yes,Mailed check,Yes,No,No,No,No,21.25,No,
106.3,52,No,,0,,Two year,3374-TTZTK,No,Yes,Male,1,5487,49-60,52,Yes,Yes,Yes,0,Yes,Electronic check,Yes,Yes,Yes,Yes,No,106.3,Fiber optic,
23.85,23,No,,0,,Two year,3389-KTRXV,Yes,No,Female,1,625.65,13-24,23,No,No,No,0,Yes,Mailed check,Yes,No,No,No,Yes,23.85,No,
94.1,67,No,,0,,Two year,3392-EHMNK,Yes,No,Female,1,6302.8,61+,67,Yes,Yes,No,0,Yes,Credit card (automatic),Yes,No,No,Yes,Yes,94.1,Fiber optic,
115.15,70,No,,0,,Two year,3396-DKDEL,Yes,Yes,Female,1,8250,61+,70,Yes,Yes,Yes,0,Yes,Credit card (automatic),Yes,Yes,Yes,Yes,Yes,115.15,Fiber optic,
60,43,No,,0,,Two year,3397-AVTKU,No,No,Male,1,2548.55,37-48,43,No,No,Yes,0,Yes,Electronic check,No,Yes,No,Yes,No,60,DSL,
89.55,72,No,,0,,Two year,3398-GCPMU,Yes,Yes,Female,1,6448.85,61+,72,Yes,Yes,Yes,1,Yes,Credit card (automatic),Yes,Yes,Yes,Yes,Yes,89.55,DSL,
60.5,51,No,,0,,Two year,3399-BMLVW,Yes,No,Male,1,3121.45,49-60,51,Yes,No,No,0,Yes,Credit card (automatic),Yes,No,Yes,Yes,No,60.5,DSL,
109,71,No,,0,,Two year,3407-JMJQQ,Yes,Yes,Female,1,7661.8,61+,71,No,Yes,Yes,0,Yes,Bank transfer (automatic),Yes,Yes,Yes,Yes,Yes,109,Fiber optic,
79.2,31,No,,0,,Two year,3410-YOQBQ,No,Yes,Female,1,2497.2,25-36,31,Yes,Yes,Yes,0,Yes,Mailed check,No,No,No,Yes,No,79.2,DSL,
89.55,60,No,,0,,Two year,3428-MMGUB,No,Yes,Male,1,5231.2,49-60,60,No,Yes,No,0,Yes,Electronic check,No,Yes,No,No,Yes,89.55,Fiber optic,
77.35,71,No,,0,,Two year,3429-IFLEM,No,Yes,Female,1,5550.1,61+,71,Yes,Yes,No,0,Yes,Credit card (automatic),No,No,Yes,Yes,No,77.35,DSL,
19.7,35,No,,0,,Two year,3451-VAWLI,Yes,No,Female,1,730.4,25-36,35,No,No,No,0,Yes,Credit card (automatic),Yes,No,No,No,No,19.7,No,
20,68,No,,0,,Two year,3454-JFUBC,No,No,Male,1,1396,61+,68,No,No,No,1,Yes,Credit card (automatic),No,Yes,No,No,No,20,No,
20.3,58,No,,0,,Two year,3457-PQBYH,Yes,No,Female,1,1160.75,49-60,58,No,No,No,0,Yes,Credit card (automatic),Yes,No,No,No,No,20.3,No,
20.75,25,No,,0,,Two year,3458-IDMFK,No,No,Male,1,499.4,25-36,25,No,No,No,0,Yes,Mailed check,No,Yes,No,No,No,20.75,No,
24.2,24,No,,0,,Two year,3460-TJBWI,Yes,No,Male,1,609.05,13-24,24,No,No,No,0,Yes,Mailed check,Yes,No,No,No,Yes,24.2,No,
74,67,No,,0,,Two year,3470-OBUET,Yes,No,Female,1,4868.4,61+,67,Yes,Yes,No,0,Yes,Credit card (automatic),Yes,No,Yes,Yes,Yes,74,DSL,
25.25,40,No,,0,,Two year,3472-QPRCH,Yes,No,Male,1,1006.9,37-48,40,No,No,No,0,Yes,Credit card (automatic),Yes,No,No,No,Yes,25.25,No,
57.5,57,No,,0,,Two year,3474-BAFSJ,No,Yes,Male,1,3265.95,49-60,57,Yes,Yes,Yes,0,No,Bank transfer (automatic),Yes,Yes,No,Yes,No phone service,57.5,DSL,
79.7,70,No,,0,,Two year,3486-HOOGQ,Yes,Yes,Female,1,5743.3,61+,70,Yes,Yes,No,0,Yes,Bank transfer (automatic),Yes,No,Yes,Yes,Yes,79.7,DSL,
19.15,63,No,,0,,Two year,3498-LZGQZ,Yes,No,Male,1,1177.05,61+,63,No,No,No,0,Yes,Mailed check,Yes,Yes,No,No,No,19.15,No,
70.8,68,No,,0,,Two year,3500-NSDOA,Yes,No,Male,1,4859.95,61+,68,Yes,No,Yes,0,Yes,Credit card (automatic),Yes,No,No,Yes,Yes,70.8,DSL,
19.95,60,No,,0,,Two year,3507-GASNP,Yes,No,Male,1,1189.9,49-60,60,No,No,No,0,Yes,Mailed check,No,No,No,No,No,19.95,No,
111.3,71,No,,0,,Two year,3508-CFVZL,No,Yes,Female,1,7985.9,61+,71,Yes,Yes,Yes,0,Yes,Mailed check,No,No,Yes,Yes,Yes,111.3,Fiber optic,
90.55,71,No,,0,,Two year,3508-VLHCZ,Yes,Yes,Female,1,6239.05,61+,71,Yes,Yes,Yes,0,Yes,Credit card (automatic),Yes,Yes,Yes,Yes,Yes,90.55,DSL,
38.5,72,No,,0,,Two year,3511-BFTJW,Yes,Yes,Male,1,2763,61+,72,No,No,No,0,No,Credit card (automatic),Yes,No,Yes,Yes,No phone service,38.5,DSL,
109.55,72,No,,0,,Two year,3518-FSTWG,No,Yes,Male,1,7920.7,61+,72,No,Yes,Yes,1,Yes,Bank transfer (automatic),Yes,Yes,Yes,Yes,Yes,109.55,Fiber optic,
112.6,72,No,,0,,Two year,3520-FJGCV,Yes,Yes,Male,1,8126.65,61+,72,Yes,Yes,Yes,0,Yes,Credit card (automatic),Yes,Yes,Yes,Yes,Yes,112.6,Fiber optic,
26.1,34,No,,0,,Two year,3521-HTQTV,No,No,Male,1,980.35,25-36,34,No,No,No,0,Yes,Bank transfer (automatic),No,No,No,No,Yes,26.1,No,
19.4,17,No,,0,,Two year,3525-DVKFN,No,No,Female,1,358.05,13-24,17,No,No,No,0,Yes,Mailed check,No,No,No,No,No,19.4,No,
70.95,68,No,,0,,Two year,3533-UVMOM,No,Yes,Male,1,4741.45,61+,68,No,No,Yes,0,Yes,Bank transfer (automatic),Yes,No,Yes,Yes,No,70.95,DSL,
83.6,72,No,,0,,Two year,3544-FBCAS,Yes,Yes,Female,1,5959.3,61+,72,No,Yes,Yes,0,Yes,Credit card (automatic),Yes,Yes,Yes,Yes,Yes,83.6,DSL,
19.45,7,No,,0,,Two year,3546-GHEAE,No,No,Male,1,165.35,0-12,7,No,No,No,0,Yes,Mailed check,No,No,No,No,No,19.45,No,
24,12,No,,0,,Two year,3549-ZTMNH,Yes,No,Male,1,269.65,0-12,12,No,No,No,0,Yes,Bank transfer (automatic),Yes,Yes,No,No,Yes,24,No,
104.8,63,No,,0,,Two year,3552-CTCYF,Yes,Yes,Male,1,6597.25,61+,63,No,Yes,Yes,0,Yes,Bank transfer (automatic),Yes,Yes,No,Yes,Yes,104.8,Fiber optic,
74.05,47,No,,0,,Two year,3557-HTYWR,No,No,Female,1,3496.3,37-48,47,Yes,No,Yes,0,Yes,Mailed check,No,No,Yes,Yes,Yes,74.05,DSL,
62.65,68,No,,0,,Two year,3563-SVYLG,Yes,Yes,Male,1,4375.8,61+,68,Yes,No,No,0,Yes,Credit card (automatic),Yes,No,Yes,Yes,No,62.65,DSL,
49.85,64,No,,0,,Two year,3566-CAAYU,Yes,Yes,Female,1,3210.35,61+,64,Yes,No,Yes,0,No,Electronic check,Yes,No,No,Yes,No phone service,49.85,DSL,
90.95,72,No,,0,,Two year,3569-JFODW,Yes,Yes,Female,1,6652.45,61+,72,Yes,Yes,Yes,0,Yes,Credit card (automatic),Yes,No,Yes,Yes,Yes,90.95,DSL,
24.2,61,No,,0,,Two year,3580-GICBM,Yes,No,Female,1,1445.2,61+,61,No,No,No,0,Yes,Mailed check,Yes,Yes,No,No,Yes,24.2,No,
110.3,72,No,,0,,Two year,3580-HYCSP,Yes,Yes,Male,1,7966.9,61+,72,No,Yes,Yes,0,Yes,Bank transfer (automatic),Yes,Yes,Yes,Yes,Yes,110.3,Fiber optic,
104.45,70,No,,0,,Two year,3597-YASZG,No,No,Female,1,7349.35,61+,70,Yes,Yes,Yes,1,Yes,Bank transfer (automatic),Yes,Yes,No,Yes,Yes,104.45,Fiber optic,
109.2,64,No,,0,,Two year,3612-YUNGG,Yes,Yes,Male,1,6741.15,61+,64,Yes,Yes,Yes,0,Yes,Credit card (automatic),Yes,Yes,No,Yes,Yes,109.2,Fiber optic,
24.45,71,No,,0,,Two year,3612-YVGSJ,No,No,Female,1,1681.6,61+,71,No,No,No,0,Yes,Credit card (automatic),Yes,Yes,No,No,Yes,24.45,No,
109.25,66,No,,0,,Two year,3617-XLSGQ,Yes,Yes,Female,1,7082.5,61+,66,No,Yes,Yes,0,Yes,Bank transfer (automatic),Yes,No,Yes,Yes,Yes,109.25,Fiber optic,
19.35,52,No,,0,,Two year,3620-EHIMZ,Yes,No,Female,1,1031.7,49-60,52,No,No,No,0,Yes,Mailed check,Yes,No,No,No,No,19.35,No,
38.8,15,No,,0,,Two year,3635-JBPSG,No,No,Female,1,603,13-24,15,No,No,Yes,0,No,Mailed check,No,Yes,No,Yes,No phone service,38.8,DSL,
20.05,62,No,,0,,Two year,3635-QQRQD,No,No,Male,1,1201.65,61+,62,No,No,No,0,Yes,Credit card (automatic),No,Yes,No,No,No,20.05,No,
86.5,68,No,,0,,Two year,3638-VBZTA,Yes,No,Male,1,5882.75,61+,68,Yes,Yes,Yes,0,Yes,Bank transfer (automatic),No,Yes,Yes,Yes,Yes,86.5,DSL,
59.9,58,No,,0,,Two year,3638-WEABW,No,No,Female,1,3505.1,49-60,58,Yes,No,No,0,Yes,Credit card (automatic),Yes,Yes,No,Yes,Yes,59.9,DSL,
19.9,71,No,,0,,Two year,3642-BYHDO,Yes,No,Female,1,1389.35,61+,71,No,No,No,0,Yes,Bank transfer (automatic),Yes,No,No,No,No,19.9,No,
19.7,56,No,,0,,Two year,3646-ITDGM,No,No,Female,1,1051.9,49-60,56,No,No,No,0,Yes,Bank transfer (automatic),No,No,No,No,No,19.7,No,
88.6,72,No,,0,,Two year,3649-JPUGY,No,Yes,Male,1,6201.95,61+,72,Yes,Yes,Yes,0,Yes,Bank transfer (automatic),No,Yes,No,Yes,Yes,88.6,DSL,
88.65,61,No,,0,,Two year,3654-ARMGP,No,Yes,Female,1,5321.25,61+,61,Yes,Yes,Yes,0,Yes,Credit card (automatic),No,No,No,Yes,Yes,88.65,DSL,
113.25,69,No,,0,,Two year,3655-SNQYZ,Yes,Yes,Female,1,7895.15,61+,69,Yes,Yes,Yes,0,Yes,Credit card (automatic),Yes,No,Yes,Yes,Yes,113.25,Fiber optic,
20.5,54,No,,0,,Two year,3662-FXJFO,No,No,Female,1,1035.7,49-60,54,No,No,No,0,Yes,Mailed check,No,Yes,No,No,No,20.5,No,
115.15,71,No,,0,,Two year,3669-WHAFY,No,Yes,Female,1,8078.1,61+,71,Yes,Yes,Yes,0,Yes,Credit card (automatic),Yes,Yes,Yes,Yes,Yes,115.15,Fiber optic,
19.95,68,No,,0,,Two year,3678-MNGZX,Yes,No,Male,1,1377.7,61+,68,No,No,No,0,Yes,Bank transfer (automatic),Yes,No,No,No,No,19.95,No,
25.5,68,No,,0,,Two year,3696-DFHHB,No,No,Female,1,1821.8,61+,68,No,No,No,0,Yes,Bank transfer (automatic),No,No,No,No,Yes,25.5,No,
53.65,72,No,,0,,Two year,3704-IEAXF,Yes,No,Female,1,3784,61+,72,Yes,Yes,Yes,0,No,Credit card (automatic),Yes,No,No,Yes,No phone service,53.65,DSL,
99.15,69,No,,0,,Two year,3705-RHRFR,No,No,Female,1,6875.35,61+,69,No,Yes,Yes,0,Yes,Bank transfer (automatic),Yes,No,Yes,No,Yes,99.15,Fiber optic,
101.15,60,No,,0,,Two year,3716-LRGXK,No,Yes,Male,1,6067.4,49-60,60,No,Yes,Yes,0,Yes,Credit card (automatic),Yes,No,No,No,Yes,101.15,Fiber optic,
20.45,5,No,,0,,Two year,3717-FDJFU,Yes,No,Male,1,106.9,0-12,5,No,No,No,0,Yes,Mailed check,No,No,No,No,No,20.45,No,
18.95,54,No,,0,,Two year,3719-TDVQB,No,No,Female,1,1031.1,49-60,54,No,No,No,1,Yes,Mailed check,Yes,Yes,No,No,No,18.95,No,
83.85,51,No,,0,,Two year,3720-DBRWL,No,Yes,Male,1,4307.1,49-60,51,Yes,Yes,Yes,0,Yes,Credit card (automatic),Yes,Yes,Yes,Yes,No,83.85,DSL,
19.6,27,No,,0,,Two year,3721-WKIIL,No,No,Female,1,561.15,25-36,27,No,No,No,0,Yes,Mailed check,No,Yes,No,No,No,19.6,No,
114,71,No,,0,,Two year,3726-TBHQT,Yes,Yes,Male,1,8175.9,61+,71,Yes,Yes,Yes,0,Yes,Bank transfer (automatic),Yes,Yes,Yes,Yes,Yes,114,Fiber optic,
110.35,65,No,,0,,Two year,3729-OWRVL,No,Yes,Male,1,7246.15,61+,65,Yes,Yes,Yes,1,Yes,Electronic check,No,Yes,Yes,No,Yes,110.35,Fiber optic,
54.65,66,No,,0,,Two year,3745-HRPHI,Yes,Yes,Male,1,3632,61+,66,Yes,Yes,Yes,0,No,Bank transfer (automatic),Yes,No,No,No,No phone service,54.65,DSL,
19.2,46,No,,0,,Two year,3764-MNMOI,No,No,Male,1,908.15,37-48,46,No,No,No,0,Yes,Credit card (automatic),No,No,No,No,No,19.2,No,
109.05,68,No,,0,,Two year,3766-EJLFL,Yes,Yes,Female,1,7508.55,61+,68,Yes,Yes,Yes,0,Yes,Bank transfer (automatic),Yes,Yes,Yes,No,Yes,109.05,Fiber optic,
24.85,67,No,,0,,Two year,3768-VHXQO,No,No,Male,1,1583.5,61+,67,No,No,No,0,Yes,Credit card (automatic),Yes,No,No,No,Yes,24.85,No,
20.1,33,No,,0,,Two year,3769-MHZNV,Yes,No,Female,1,670.35,25-36,33,No,No,No,0,Yes,Mailed check,Yes,No,No,No,No,20.1,No,
20.2,64,No,,0,,Two year,3774-VBNXY,Yes,No,Female,1,1277.75,61+,64,No,No,No,0,Yes,Mailed check,Yes,No,No,No,No,20.2,No,
19.55,58,No,,0,,Two year,3777-XROBG,Yes,No,Female,1,1079.65,49-60,58,No,No,No,0,Yes,Credit card (automatic),Yes,No,No,No,No,19.55,No,
93.2,71,No,,0,,Two year,3779-OSWCF,No,Yes,Female,1,6506.15,61+,71,Yes,Yes,Yes,0,Yes,Credit card (automatic),Yes,No,Yes,Yes,Yes,93.2,DSL,
24.6,53,No,,0,,Two year,3785-KTYSH,No,No,Male,1,1279,49-60,53,No,No,No,0,Yes,Mailed check,No,No,No,No,Yes,24.6,No,
116.55,70,No,,0,,Two year,3795-CAWEX,Yes,Yes,Male,1,8152.3,61+,70,Yes,Yes,Yes,0,Yes,Credit card (automatic),Yes,Yes,Yes,Yes,Yes,116.55,Fiber optic,
75.55,63,No,,0,,Two year,3795-GWTRD,Yes,Yes,Female,1,4707.85,61+,63,Yes,Yes,No,0,Yes,Credit card (automatic),Yes,No,Yes,Yes,No,75.55,DSL,
67.25,63,No,,0,,Two year,3796-ENZGF,No,No,Male,1,4234.15,61+,63,Yes,No,Yes,0,Yes,Mailed check,Yes,No,No,Yes,Yes,67.25,DSL,
117.6,72,No,,0,,Two year,3810-DVDQQ,Yes,Yes,Female,1,8308.9,61+,72,Yes,Yes,Yes,0,Yes,Bank transfer (automatic),Yes,Yes,Yes,Yes,Yes,117.6,Fiber optic,
25.35,70,No,,0,,Two year,3810-PJUHR,Yes,No,Male,1,1715.15,61+,70,No,No,No,0,Yes,Mailed check,Yes,No,No,No,Yes,25.35,No,
24.5,27,No,,0,,Two year,3812-LRZIR,Yes,No,Female,1,761.95,25-36,27,No,No,No,0,Yes,Electronic check,Yes,No,No,No,Yes,24.5,No,
50.95,67,No,,0,,Two year,3813-DHBBB,No,No,Male,1,3521.7,61+,67,Yes,No,Yes,0,No,Bank transfer (automatic),Yes,Yes,Yes,Yes,No phone service,50.95,DSL,
109.5,72,No,,0,,Two year,3831-YCPUO,Yes,Yes,Female,1,7854.9,61+,72,Yes,Yes,Yes,0,Yes,Credit card (automatic),Yes,Yes,Yes,Yes,No,109.5,Fiber optic,
24.85,71,No,,0,,Two year,3836-FZSDJ,No,No,Male,1,1901,61+,71,No,No,No,1,Yes,Bank transfer (automatic),Yes,No,No,No,Yes,24.85,No,
96.35,71,No,,0,,Two year,3841-NFECX,No,Yes,Female,1,6766.95,61+,71,Yes,No,No,1,Yes,Credit card (automatic),Yes,Yes,Yes,Yes,Yes,96.35,Fiber optic,
19.65,19,No,,0,,Two year,3865-ZFZIB,No,No,Male,1,358.15,13-24,19,No,No,No,0,Yes,Mailed check,No,No,No,No,No,19.65,No,
113.05,70,No,,0,,Two year,3870-SPZSI,Yes,Yes,Female,1,7869.05,61+,70,Yes,Yes,Yes,0,Yes,Credit card (automatic),Yes,Yes,Yes,Yes,Yes,113.05,Fiber optic,
25.6,67,No,,0,,Two year,3873-WOSBC,No,No,Male,1,1784.9,61+,67,No,No,No,0,Yes,Credit card (automatic),Yes,No,No,No,Yes,25.6,No,
115.25,60,No,,0,,Two year,3882-IYOIJ,Yes,Yes,Female,1,6758.45,49-60,60,Yes,Yes,Yes,0,Yes,Credit card (automatic),Yes,No,Yes,Yes,Yes,115.25,Fiber optic,
36.15,67,No,,0,,Two year,3884-UEBXB,Yes,No,Female,1,2434.45,61+,67,No,No,No,0,No,Bank transfer (automatic),Yes,No,Yes,Yes,No phone service,36.15,DSL,
82.85,68,No,,0,,Two year,3889-VWBID,Yes,No,Male,1,5776.45,61+,68,Yes,Yes,Yes,0,Yes,Bank transfer (automatic),Yes,No,Yes,Yes,No,82.85,DSL,
40.55,37,No,,0,,Two year,3891-NLXJB,No,No,Male,1,1390.85,37-48,37,Yes,No,No,0,No,Mailed check,No,Yes,Yes,Yes,No phone service,40.55,DSL,
114.05,72,No,,0,,Two year,3892-NXAZG,Yes,Yes,Male,1,8289.2,61+,72,Yes,Yes,Yes,0,Yes,Credit card (automatic),Yes,Yes,Yes,Yes,Yes,114.05,Fiber optic,
24.7,24,No,,0,,Two year,3896-ZVNET,Yes,No,Female,1,571.75,13-24,24,No,No,No,0,Yes,Mailed check,Yes,No,No,No,Yes,24.7,No,
75.7,63,No,,0,,Two year,3902-MIVLE,Yes,Yes,Male,1,4676.7,61+,63,Yes,No,Yes,0,Yes,Mailed check,Yes,No,Yes,No,Yes,75.7,DSL,
41.95,68,No,,0,,Two year,3908-MKIMJ,No,Yes,Male,1,2965.75,61+,68,No,No,No,1,No,Electronic check,Yes,Yes,Yes,Yes,No phone service,41.95,DSL,
19.4,72,No,,0,,Two year,3910-MRQOY,No,No,Female,1,1496.45,61+,72,No,No,No,0,Yes,Bank transfer (automatic),Yes,No,No,No,No,19.4,No,
61.4,71,No,,0,,Two year,3911-RSNHI,No,Yes,Female,1,4310.35,61+,71,Yes,Yes,Yes,0,No,Credit card (automatic),Yes,Yes,No,Yes,No phone service,61.4,DSL,
70.45,72,No,,0,,Two year,3913-FCUUW,Yes,Yes,Female,1,5165.7,61+,72,Yes,No,No,0,Yes,Bank transfer (automatic),Yes,Yes,Yes,Yes,Yes,70.45,DSL,
25.55,64,No,,0,,Two year,3913-RDSJZ,No,No,Female,1,1714.95,61+,64,No,No,No,0,Yes,Mailed check,Yes,No,No,No,Yes,25.55,No,
39.7,50,No,,0,,Two year,3933-DQPWX,No,Yes,Female,1,1932.75,49-60,50,Yes,No,No,0,No,Credit card (automatic),No,No,No,Yes,No phone service,39.7,DSL,
84.3,72,No,,0,,Two year,3938-YFPXD,No,Yes,Male,1,5997.1,61+,72,Yes,Yes,Yes,0,Yes,Credit card (automatic),No,No,Yes,No,Yes,84.3,DSL,
68.75,66,No,,0,,Two year,3948-KXDUF,No,Yes,Male,1,4447.55,61+,66,Yes,No,No,0,Yes,Bank transfer (automatic),No,No,Yes,Yes,Yes,68.75,DSL,
24.95,34,No,,0,,Two year,3957-SQXML,Yes,No,Female,1,894.3,25-36,34,No,No,No,0,Yes,Credit card (automatic),Yes,No,No,No,Yes,24.95,No,
116.45,72,No,,0,,Two year,3963-RYFNS,No,Yes,Female,1,8013.55,61+,72,Yes,Yes,Yes,0,Yes,Bank transfer (automatic),No,Yes,Yes,Yes,Yes,116.45,Fiber optic,
92.3,72,No,,0,,Two year,3967-KXAPS,No,Yes,Male,1,6719.9,61+,72,Yes,Yes,Yes,0,Yes,Credit card (automatic),Yes,No,Yes,Yes,Yes,92.3,DSL,
24.9,67,No,,0,,Two year,3967-VQOGC,Yes,No,Female,1,1680.25,61+,67,No,No,No,0,Yes,Mailed check,Yes,Yes,No,No,Yes,24.9,No,
19.2,62,No,,0,,Two year,3970-XGJDU,No,No,Female,1,1123.65,61+,62,No,No,No,0,Yes,Credit card (automatic),No,Yes,No,No,No,19.2,No,
19.9,71,No,,0,,Two year,3973-SKMLN,No,No,Male,1,1355.1,61+,71,No,No,No,0,Yes,Credit card (automatic),No,Yes,No,No,No,19.9,No,
19.3,72,No,,0,,Two year,3976-HXHCE,No,No,Male,1,1414.8,61+,72,No,No,No,0,Yes,Bank transfer (automatic),No,No,No,No,No,19.3,No,
20.85,19,No,,0,,Two year,3978-YNKDD,Yes,No,Male,1,467.5,13-24,19,No,No,No,0,Yes,Credit card (automatic),No,No,No,No,No,20.85,No,
19.8,71,No,,0,,Two year,3996-ZNWYK,Yes,No,Male,1,1388.45,61+,71,No,No,No,1,Yes,Credit card (automatic),Yes,No,No,No,No,19.8,No,
86.7,63,No,,0,,Two year,4006-HKYHO,No,Yes,Male,1,5309.5,61+,63,Yes,Yes,Yes,0,Yes,Bank transfer (automatic),No,Yes,Yes,Yes,No,86.7,DSL,
61.35,60,No,,0,,Two year,4012-YCFAI,No,No,Male,1,3766.2,49-60,60,Yes,No,No,0,Yes,Mailed check,Yes,Yes,Yes,Yes,No,61.35,DSL,
108.9,25,No,,0,,Two year,4016-BJKTZ,No,Yes,Female,1,2809.05,25-36,25,Yes,Yes,Yes,0,Yes,Electronic check,No,No,No,Yes,Yes,108.9,Fiber optic,
24.1,61,No,,0,,Two year,4018-PPNDW,Yes,No,Female,1,1551.6,61+,61,No,No,No,0,Yes,Mailed check,Yes,Yes,No,No,Yes,24.1,No,
94.25,72,No,,0,,Two year,4024-CSNBY,No,Yes,Female,1,6849.75,61+,72,Yes,No,No,0,Yes,Bank transfer (automatic),Yes,Yes,Yes,Yes,Yes,94.25,Fiber optic,
49.8,49,No,,0,,Two year,4039-PIMHX,No,No,Male,1,2398.4,49-60,49,No,No,No,1,Yes,Mailed check,Yes,No,No,Yes,No,49.8,DSL,
105.25,71,No,,0,,Two year,4043-MKDTV,No,Yes,Male,1,7291.75,61+,71,Yes,Yes,Yes,0,Yes,Electronic check,Yes,Yes,No,Yes,No,105.25,Fiber optic,
99,64,No,,0,,Two year,4049-ZPALD,No,Yes,Female,1,6375.8,61+,64,No,Yes,Yes,0,Yes,Bank transfer (automatic),Yes,Yes,Yes,No,No,99,Fiber optic,
107.45,72,No,,0,,Two year,4056-QHXHZ,Yes,Yes,Female,1,7576.7,61+,72,Yes,Yes,Yes,0,Yes,Mailed check,Yes,No,Yes,No,Yes,107.45,Fiber optic,
82.5,58,No,,0,,Two year,4057-FKCZK,Yes,No,Male,1,4828.05,49-60,58,No,Yes,No,0,Yes,Bank transfer (automatic),Yes,No,No,No,Yes,82.5,Fiber optic,
73.35,0,No,,0,,Two year,4075-WKNIU,Yes,Yes,Female,1,0,0-12,0,Yes,Yes,No,0,Yes,Mailed check,Yes,No,No,Yes,Yes,73.35,DSL,
87.55,72,No,,0,,Two year,4077-HWUYD,Yes,Yes,Male,1,6463.15,61+,72,Yes,Yes,Yes,0,Yes,Bank transfer (automatic),Yes,Yes,Yes,Yes,Yes,87.55,DSL,
74.85,30,No,,0,,Two year,4079-VTGLK,No,Yes,Male,1,2181.75,25-36,30,No,Yes,Yes,1,Yes,Electronic check,Yes,No,No,No,Yes,74.85,DSL,
65.55,72,No,,0,,Two year,4079-WWQQQ,No,Yes,Male,1,4807.45,61+,72,Yes,Yes,Yes,0,No,Bank transfer (automatic),No,Yes,Yes,Yes,No phone service,65.55,DSL,
19.7,71,No,,0,,Two year,4086-WITJG,Yes,No,Male,1,1301.1,61+,71,No,No,No,0,Yes,Credit card (automatic),Yes,No,No,No,No,19.7,No,
65.65,67,No,,0,,Two year,4102-HLENU,No,Yes,Female,1,4322.85,61+,67,No,No,No,0,Yes,Mailed check,Yes,No,Yes,Yes,Yes,65.65,DSL,
59.55,67,No,,0,,Two year,4111-BNXIF,Yes,Yes,Female,1,4103.9,61+,67,Yes,Yes,Yes,0,No,Electronic check,Yes,Yes,No,Yes,No phone service,59.55,DSL,
75.55,29,No,,0,,Two year,4115-BNPJY,Yes,Yes,Male,1,2054.4,25-36,29,Yes,Yes,Yes,0,Yes,Mailed check,Yes,No,No,No,No,75.55,DSL,
106.8,71,No,,0,,Two year,4119-ZYPZY,No,No,Male,1,7623.2,61+,71,Yes,Yes,Yes,1,Yes,Electronic check,No,Yes,No,Yes,Yes,106.8,Fiber optic,
104,67,No,,0,,Two year,4129-LYCOI,Yes,No,Female,1,7039.05,61+,67,Yes,Yes,Yes,0,Yes,Electronic check,No,Yes,No,Yes,Yes,104,Fiber optic,
89.7,50,No,,0,,Two year,4137-JOPHL,No,Yes,Female,1,4304.5,49-60,50,Yes,No,Yes,0,Yes,Bank transfer (automatic),No,Yes,No,No,No,89.7,Fiber optic,
64.45,72,No,,0,,Two year,4139-DETXS,Yes,Yes,Female,1,4528,61+,72,Yes,Yes,Yes,0,No,Bank transfer (automatic),Yes,No,Yes,Yes,No phone service,64.45,DSL,
97.45,63,No,,0,,Two year,4159-NAAIX,No,No,Female,1,6253,61+,63,No,Yes,Yes,0,Yes,Bank transfer (automatic),No,No,No,Yes,Yes,97.45,Fiber optic,
25.1,67,No,,0,,Two year,4176-RELJR,No,No,Male,1,1672.15,61+,67,No,No,No,1,Yes,Credit card (automatic),No,No,No,No,Yes,25.1,No,
88,70,No,,0,,Two year,4178-EGMON,No,No,Male,1,5986.45,61+,70,Yes,No,No,0,Yes,Credit card (automatic),Yes,Yes,Yes,Yes,Yes,88,Fiber optic,
70.35,57,No,,0,,Two year,4188-PCPIG,No,No,Female,1,4124.65,49-60,57,Yes,Yes,No,0,Yes,Credit card (automatic),Yes,Yes,Yes,Yes,No,70.35,DSL,
24.75,72,No,,0,,Two year,4193-IBKSW,Yes,No,Male,1,1769.6,61+,72,No,No,No,0,Yes,Bank transfer (automatic),Yes,No,No,No,Yes,24.75,No,
60,54,No,,0,,Two year,4194-FJARJ,Yes,No,Female,1,3273.95,49-60,54,Yes,No,No,0,Yes,Bank transfer (automatic),Yes,No,Yes,No,Yes,60,DSL,
24.45,69,No,,0,,Two year,4195-PNGZS,Yes,No,Male,1,1718.2,61+,69,No,No,No,0,Yes,Bank transfer (automatic),Yes,No,No,No,Yes,24.45,No,
102.9,67,No,,0,,Two year,4199-QHJNM,No,No,Male,1,6989.7,61+,67,Yes,Yes,Yes,1,Yes,Bank transfer (automatic),Yes,No,No,Yes,Yes,102.9,Fiber optic,
25.7,33,No,,0,,Two year,4213-HKBJO,No,No,Female,1,826.1,25-36,33,No,No,No,0,Yes,Credit card (automatic),No,No,No,No,Yes,25.7,No,
25.65,72,No,,0,,Two year,4231-LZUYM,No,No,Female,1,1887,61+,72,No,No,No,0,Yes,Bank transfer (automatic),Yes,No,No,No,Yes,25.65,No,
66.25,52,No,,0,,Two year,4254-QPEDE,No,Yes,Female,1,3330.1,49-60,52,Yes,Yes,Yes,0,No,Credit card (automatic),Yes,No,Yes,Yes,No phone service,66.25,DSL,
19.95,72,No,,0,,Two year,4277-BWBML,Yes,No,Male,1,1322.85,61+,72,No,No,No,0,Yes,Bank transfer (automatic),Yes,No,No,No,No,19.95,No,
82.3,72,No,,0,,Two year,4291-TPNFG,No,Yes,Male,1,5980.55,61+,72,Yes,No,Yes,0,Yes,Bank transfer (automatic),Yes,Yes,Yes,Yes,Yes,82.3,DSL,
79.4,65,No,,0,,Two year,4293-ETKAP,Yes,No,Female,1,5071.9,61+,65,Yes,Yes,Yes,0,Yes,Bank transfer (automatic),Yes,Yes,No,Yes,Yes,79.4,DSL,
72.6,56,No,,0,,Two year,4295-YURET,Yes,No,Female,1,4084.35,49-60,56,Yes,Yes,Yes,1,Yes,Credit card (automatic),Yes,Yes,Yes,No,No,72.6,DSL,
19.55,56,No,,0,,Two year,4299-OPXEJ,No,No,Female,1,1080.55,49-60,56,No,No,No,0,Yes,Bank transfer (automatic),No,Yes,No,No,No,19.55,No,
114.9,68,No,,0,,Two year,4304-TSPVK,No,Yes,Female,1,7843.55,61+,68,Yes,Yes,Yes,0,Yes,Bank transfer (automatic),Yes,No,Yes,Yes,Yes,114.9,Fiber optic,
75.15,50,No,,0,,Two year,4304-XUMGI,Yes,Yes,Male,1,3822.45,49-60,50,No,No,Yes,1,Yes,Bank transfer (automatic),Yes,Yes,Yes,Yes,Yes,75.15,DSL,
49.85,70,No,,0,,Two year,4312-GVYNH,No,Yes,Female,1,3370.2,61+,70,Yes,No,Yes,0,No,Bank transfer (automatic),Yes,Yes,Yes,No,No phone service,49.85,DSL,
25.4,72,No,,0,,Two year,4312-KFRXN,No,No,Male,1,1710.9,61+,72,No,No,No,0,Yes,Mailed check,Yes,No,No,No,Yes,25.4,No,
64.95,72,No,,0,,Two year,4334-HOWRP,No,Yes,Male,1,4546,61+,72,Yes,Yes,Yes,1,No,Credit card (automatic),Yes,Yes,Yes,Yes,No phone service,64.95,DSL,
25.8,62,No,,0,,Two year,4335-BSMJS,No,No,Female,1,1563.95,61+,62,No,No,No,0,Yes,Credit card (automatic),No,Yes,No,No,Yes,25.8,No,
19.75,24,No,,0,,Two year,4335-UPJSI,Yes,No,Female,1,498.1,13-24,24,No,No,No,0,Yes,Mailed check,No,No,No,No,No,19.75,No,
20.15,48,No,,0,,Two year,4361-FEBGN,No,No,Male,1,982.95,37-48,48,No,No,No,0,Yes,Credit card (automatic),No,No,No,No,No,20.15,No,
100.2,50,No,,0,,Two year,4366-CTOUZ,No,No,Female,1,5038.45,49-60,50,Yes,Yes,Yes,0,Yes,Mailed check,No,Yes,No,Yes,No,100.2,Fiber optic,
25.75,0,No,,0,,Two year,4367-NUYAO,Yes,No,Male,1,0,0-12,0,No,No,No,0,Yes,Mailed check,Yes,No,No,No,Yes,25.75,No,
114.05,72,No,,0,,Two year,4376-KFVRS,Yes,Yes,Male,1,8468.2,61+,72,Yes,Yes,Yes,0,Yes,Credit card (automatic),Yes,Yes,Yes,Yes,Yes,114.05,Fiber optic,
105.25,68,No,,0,,Two year,4378-MYPGO,Yes,Yes,Male,1,7173.15,61+,68,No,Yes,Yes,0,Yes,Bank transfer (automatic),Yes,Yes,Yes,Yes,No,105.25,Fiber optic,
65,47,No,,0,,Two year,4381-MHQDC,No,Yes,Female,1,2879.9,37-48,47,Yes,No,No,0,Yes,Mailed check,No,Yes,Yes,No,Yes,65,DSL,
105.5,72,No,,0,,Two year,4389-UEFCZ,No,Yes,Female,1,7544,61+,72,No,Yes,Yes,0,Yes,Electronic check,Yes,Yes,Yes,No,Yes,105.5,Fiber optic,
114.75,70,No,,0,,Two year,4393-GEADV,Yes,Yes,Male,1,7842.3,61+,70,Yes,Yes,Yes,0,Yes,Credit card (automatic),Yes,No,Yes,Yes,Yes,114.75,Fiber optic,
99.35,69,No,,0,,Two year,4419-UJMUS,Yes,No,Male,1,6856.45,61+,69,Yes,Yes,Yes,0,Yes,Electronic check,Yes,Yes,No,No,Yes,99.35,Fiber optic,
24.75,71,No,,0,,Two year,4443-EMBNA,No,No,Female,1,1836.9,61+,71,No,No,No,0,Yes,Bank transfer (automatic),Yes,No,No,No,Yes,24.75,No,
19.6,15,No,,0,,Two year,4452-ROHMO,No,No,Female,1,331.6,13-24,15,No,No,No,0,Yes,Mailed check,No,No,No,No,No,19.6,No,
25,59,No,,0,,Two year,4458-KVRBJ,No,No,Male,1,1510.5,49-60,59,No,No,No,0,Yes,Mailed check,No,No,No,No,Yes,25,No,
52.55,0,No,,0,,Two year,4472-LVYGI,Yes,Yes,Female,1,0,0-12,0,Yes,Yes,No,0,No,Bank transfer (automatic),Yes,Yes,Yes,No,No phone service,52.55,DSL,
19.2,45,No,,0,,Two year,4475-NVTLU,Yes,No,Male,1,903.7,37-48,45,No,No,No,0,Yes,Electronic check,Yes,No,No,No,No,19.2,No,
59.7,23,No,,0,,Two year,4500-HKANN,Yes,No,Male,1,1414.2,13-24,23,Yes,No,No,0,Yes,Mailed check,Yes,No,No,Yes,Yes,59.7,DSL,
80.7,71,No,,0,,Two year,4513-CXYIX,No,No,Female,1,5676,61+,71,No,No,No,1,Yes,Credit card (automatic),Yes,Yes,Yes,No,Yes,80.7,Fiber optic,
25.95,56,No,,0,,Two year,4521-WFJAI,No,No,Male,1,1444.05,49-60,56,No,No,No,0,Yes,Bank transfer (automatic),No,Yes,No,No,Yes,25.95,No,
24.6,40,No,,0,,Two year,4526-EXKKN,No,No,Male,1,973.95,37-48,40,No,No,No,0,Yes,Mailed check,No,Yes,No,No,Yes,24.6,No,
76.15,8,No,,0,,Two year,4526-RMTLL,Yes,No,Male,1,645.8,0-12,8,Yes,No,Yes,0,Yes,Credit card (automatic),Yes,Yes,Yes,Yes,Yes,76.15,DSL,
25.15,58,No,,0,,Two year,4534-WGCIR,Yes,No,Female,1,1509.9,49-60,58,No,No,No,0,Yes,Credit card (automatic),Yes,No,No,No,Yes,25.15,No,
24.65,71,No,,0,,Two year,4565-NLZBV,No,No,Female,1,1710.15,61+,71,No,No,No,0,Yes,Bank transfer (automatic),Yes,Yes,No,No,Yes,24.65,No,
63.25,52,No,,0,,Two year,4568-KNYWR,No,No,Male,1,3342.45,49-60,52,No,Yes,No,0,Yes,Credit card (automatic),No,Yes,Yes,Yes,No,63.25,DSL,
19.35,12,No,,0,,Two year,4573-JKNAE,Yes,No,Male,1,212.3,0-12,12,No,No,No,0,Yes,Bank transfer (automatic),No,No,No,No,No,19.35,No,
24.25,70,No,,0,,Two year,4589-IUAJB,No,No,Male,1,1724.15,61+,70,No,No,No,0,Yes,Bank transfer (automatic),Yes,No,No,No,Yes,24.25,No,
19.9,27,No,,0,,Two year,4609-KNNWG,Yes,No,Female,1,550.1,25-36,27,No,No,No,0,Yes,Mailed check,Yes,No,No,No,No,19.9,No,
66.5,42,No,,0,,Two year,4615-PIVVU,No,Yes,Female,1,2762.75,37-48,42,Yes,No,Yes,0,Yes,Credit card (automatic),No,No,No,No,No,66.5,DSL,
110.8,65,No,,0,,Two year,4616-ULAOA,Yes,Yes,Female,1,7245.9,61+,65,Yes,Yes,Yes,0,Yes,Credit card (automatic),Yes,Yes,No,Yes,Yes,110.8,Fiber optic,
88.95,33,No,,0,,Two year,4622-YNKIJ,No,No,Male,1,3027.65,25-36,33,Yes,Yes,No,0,Yes,Electronic check,No,Yes,Yes,No,No,88.95,Fiber optic,
20.4,44,No,,0,,Two year,4625-LAMOB,No,No,Male,1,905.55,37-48,44,No,No,No,0,Yes,Credit card (automatic),No,No,No,No,No,20.4,No,
26.25,72,No,,0,,Two year,4625-XMOYM,Yes,No,Female,1,1988.05,61+,72,No,No,No,0,Yes,Bank transfer (automatic),Yes,Yes,No,No,Yes,26.25,No,
110.25,69,No,,0,,Two year,4627-MIHJH,No,Yes,Female,1,7467.55,61+,69,Yes,Yes,Yes,1,Yes,Credit card (automatic),No,No,Yes,No,Yes,110.25,Fiber optic,
18.95,32,No,,0,,Two year,4635-EJYPD,Yes,No,Male,1,613.95,25-36,32,No,No,No,0,Yes,Mailed check,Yes,No,No,No,No,18.95,No,
19.3,30,No,,0,,Two year,4641-FROLU,Yes,No,Female,1,602.9,25-36,30,No,No,No,0,Yes,Mailed check,Yes,No,No,No,No,19.3,No,
73.9,53,No,,0,,Two year,4648-YPBTM,No,Yes,Male,1,3958.25,49-60,53,Yes,No,Yes,0,Yes,Bank transfer (automatic),No,Yes,No,Yes,Yes,73.9,DSL,
24.45,45,No,,0,,Two year,4652-ODEVH,Yes,No,Male,1,1088.25,37-48,45,No,No,No,0,Yes,Mailed check,Yes,No,No,No,Yes,24.45,No,
74.8,70,No,,0,,Two year,4654-ULTTN,No,Yes,Male,1,5315.8,61+,70,Yes,No,Yes,0,Yes,Credit card (automatic),Yes,Yes,Yes,No,Yes,74.8,DSL,
23.95,69,No,,0,,Two year,4656-CAURT,No,No,Male,1,1713.1,61+,69,No,No,No,0,Yes,Bank transfer (automatic),No,No,No,No,Yes,23.95,No,
59.55,33,No,,0,,Two year,4664-NJCMS,No,Yes,Female,1,2016.3,25-36,33,Yes,Yes,Yes,0,No,Bank transfer (automatic),Yes,No,Yes,No,No phone service,59.55,DSL,
109.75,72,No,,0,,Two year,4670-TABXH,No,Yes,Male,1,7758.9,61+,72,Yes,Yes,Yes,0,Yes,Credit card (automatic),Yes,Yes,No,Yes,Yes,109.75,Fiber optic,
79.85,63,No,,0,,Two year,4671-VJLCL,No,Yes,Female,1,4861.45,61+,63,Yes,Yes,No,0,Yes,Credit card (automatic),No,Yes,Yes,Yes,Yes,79.85,DSL,
89.9,71,No,,0,,Two year,4674-HGNUA,Yes,Yes,Male,1,6457.15,61+,71,Yes,Yes,Yes,0,Yes,Credit card (automatic),Yes,No,Yes,Yes,Yes,89.9,DSL,
46.2,54,No,,0,,Two year,4676-WLUHT,No,No,Male,1,2431.95,49-60,54,No,No,Yes,0,No,Bank transfer (automatic),No,No,Yes,Yes,No phone service,46.2,DSL,
107.6,62,No,,0,,Two year,4683-WYDOU,No,Yes,Male,1,6912.7,61+,62,Yes,Yes,Yes,0,Yes,Bank transfer (automatic),Yes,Yes,No,No,Yes,107.6,Fiber optic,
98.7,70,No,,0,,Two year,4686-GEFRM,No,Yes,Male,1,6858.9,61+,70,Yes,No,Yes,0,Yes,Bank transfer (automatic),Yes,Yes,No,Yes,Yes,98.7,Fiber optic,
19.6,51,No,,0,,Two year,4698-KVLLG,No,No,Female,1,967.9,49-60,51,No,No,No,1,Yes,Credit card (automatic),No,No,No,No,No,19.6,No,
89.75,70,No,,0,,Two year,4701-LKOZD,No,Yes,Female,1,6367.2,61+,70,Yes,Yes,Yes,0,Yes,Credit card (automatic),No,No,Yes,Yes,Yes,89.75,DSL,
19.6,21,No,,0,,Two year,4703-MQYKT,No,No,Male,1,390.4,13-24,21,No,No,No,0,Yes,Mailed check,No,No,No,No,No,19.6,No,
25.85,72,No,,0,,Two year,4707-MAXGU,No,No,Male,1,1872.2,61+,72,No,No,No,0,Yes,Credit card (automatic),Yes,No,No,No,Yes,25.85,No,
99.7,45,No,,0,,Two year,4713-ZBURT,Yes,Yes,Male,1,4634.35,37-48,45,No,Yes,Yes,0,Yes,Bank transfer (automatic),No,No,No,No,Yes,99.7,Fiber optic,
79.6,50,No,,0,,Two year,4717-GHADL,No,No,Female,1,4024.2,49-60,50,Yes,Yes,Yes,0,Yes,Mailed check,No,Yes,No,Yes,Yes,79.6,DSL,
91.95,72,No,,0,,Two year,4718-WXBGI,Yes,Yes,Male,1,6614.9,61+,72,Yes,Yes,Yes,0,Yes,Credit card (automatic),Yes,Yes,Yes,Yes,Yes,91.95,DSL,
86.65,72,No,,0,,Two year,4723-BEGSG,No,Yes,Male,1,6094.25,61+,72,Yes,Yes,Yes,0,Yes,Credit card (automatic),Yes,No,Yes,No,Yes,86.65,DSL,
20.15,40,No,,0,,Two year,4735-BJKOU,No,No,Female,1,804.85,37-48,40,No,No,No,0,Yes,Mailed check,No,No,No,No,No,20.15,No,
72.1,72,No,,0,,Two year,4737-AQCPU,Yes,Yes,Male,1,5016.65,61+,72,Yes,No,No,0,Yes,Credit card (automatic),Yes,No,Yes,Yes,Yes,72.1,DSL,
79.8,63,No,,0,,Two year,4737-HOBAX,No,Yes,Male,1,5034.05,61+,63,Yes,Yes,Yes,0,Yes,Credit card (automatic),Yes,No,No,No,Yes,79.8,DSL,
19.3,47,No,,0,,Two year,4742-TXUEX,Yes,No,Female,1,890.5,37-48,47,No,No,No,0,Yes,Bank transfer (automatic),Yes,No,No,No,No,19.3,No,
75.4,72,No,,0,,Two year,4751-ERMAN,Yes,Yes,Male,1,5480.25,61+,72,No,Yes,Yes,0,Yes,Bank transfer (automatic),Yes,Yes,No,Yes,No,75.4,DSL,
19.05,30,No,,0,,Two year,4774-HHGGS,No,No,Male,1,637.55,25-36,30,No,No,No,0,Yes,Mailed check,Yes,No,No,No,No,19.05,No,
110.1,63,No,,0,,Two year,4778-IZARL,No,Yes,Male,1,6705.7,61+,63,Yes,Yes,Yes,0,Yes,Credit card (automatic),Yes,Yes,Yes,Yes,No,110.1,Fiber optic,
23.55,48,No,,0,,Two year,4779-ZGICK,Yes,No,Male,1,1173.35,37-48,48,No,No,No,0,Yes,Mailed check,Yes,No,No,No,Yes,23.55,No,
82.7,71,No,,0,,Two year,4782-OSFXZ,No,Yes,Female,1,5831.2,61+,71,Yes,No,Yes,1,Yes,Bank transfer (automatic),Yes,Yes,Yes,Yes,Yes,82.7,DSL,
24.4,61,No,,0,,Two year,4785-FCIFB,No,No,Female,1,1417.9,61+,61,No,No,No,0,Yes,Mailed check,Yes,No,No,No,Yes,24.4,No,
20.2,19,No,,0,,Two year,4804-NCPET,Yes,No,Male,1,387.4,13-24,19,No,No,No,0,Yes,Mailed check,Yes,No,No,No,No,20.2,No,
113.65,70,No,,0,,Two year,4806-DXQCE,No,Yes,Female,1,7714.65,61+,70,Yes,Yes,Yes,1,Yes,Electronic check,Yes,Yes,Yes,Yes,Yes,113.65,Fiber optic,
20.65,51,No,,0,,Two year,4807-IZYOZ,No,No,Female,1,1020.75,49-60,51,No,No,No,0,Yes,Bank transfer (automatic),No,No,No,No,No,20.65,No,
19.85,71,No,,0,,Two year,4817-KEQSP,Yes,No,Female,1,1326.35,61+,71,No,No,No,0,Yes,Bank transfer (automatic),Yes,No,No,No,No,19.85,No,
20.1,72,No,,0,,Two year,4821-WQOYN,Yes,No,Female,1,1326.25,61+,72,No,No,No,0,Yes,Credit card (automatic),Yes,Yes,No,No,No,20.1,No,
103.75,72,No,,0,,Two year,4822-LPTYJ,No,Yes,Male,1,7346.2,61+,72,No,Yes,Yes,0,Yes,Bank transfer (automatic),Yes,Yes,No,Yes,Yes,103.75,Fiber optic,
20.25,42,No,,0,,Two year,4825-FUREZ,No,No,Male,1,835.5,37-48,42,No,No,No,0,Yes,Electronic check,Yes,No,No,No,No,20.25,No,
83.3,72,No,,0,,Two year,4827-DPADN,Yes,Yes,Female,1,6042.7,61+,72,Yes,Yes,Yes,0,Yes,Bank transfer (automatic),Yes,Yes,Yes,No,Yes,83.3,DSL,
112.4,72,No,,0,,Two year,4829-ZLJTK,No,Yes,Female,1,8046.85,61+,72,No,Yes,Yes,1,Yes,Electronic check,Yes,Yes,Yes,Yes,Yes,112.4,Fiber optic,
49.8,39,No,,0,,Two year,4835-YSJMR,No,No,Male,1,1971.15,37-48,39,Yes,No,No,0,Yes,Bank transfer (automatic),No,Yes,No,No,No,49.8,DSL,
25,72,No,,0,,Two year,4836-WNFNO,No,No,Female,1,1849.2,61+,72,No,No,No,0,Yes,Credit card (automatic),Yes,No,No,No,Yes,25,No,
41.9,47,No,,0,,Two year,4837-PZTIC,No,Yes,Female,1,1875.25,37-48,47,Yes,No,No,0,No,Mailed check,No,No,Yes,No,No phone service,41.9,DSL,
73.25,56,No,,0,,Two year,4849-PYRLQ,No,Yes,Female,1,4054.2,49-60,56,Yes,No,Yes,1,Yes,Bank transfer (automatic),No,No,Yes,No,Yes,73.25,DSL,
59.5,2,No,,0,,Two year,4854-SSLTN,Yes,No,Male,1,130.5,0-12,2,Yes,No,No,0,Yes,Mailed check,Yes,No,Yes,Yes,No,59.5,DSL,
55.5,58,No,,0,,Two year,4859-ZSRDZ,Yes,Yes,Female,1,3166.9,49-60,58,Yes,Yes,Yes,0,No,Credit card (automatic),Yes,Yes,No,No,No phone service,55.5,DSL,
47.6,71,No,,0,,Two year,4872-JCVCA,No,Yes,Female,1,3377.8,61+,71,Yes,No,No,0,No,Bank transfer (automatic),Yes,Yes,Yes,Yes,No phone service,47.6,DSL,
20.7,42,No,,0,,Two year,4878-BUNFV,Yes,No,Male,1,828.85,37-48,42,No,No,No,0,Yes,Mailed check,Yes,No,No,No,No,20.7,No,
25.25,22,No,,0,,Two year,4883-KCPZJ,Yes,No,Female,1,555.4,13-24,22,No,No,No,0,Yes,Credit card (automatic),Yes,No,No,No,Yes,25.25,No,
20.45,39,No,,0,,Two year,4884-LEVMQ,No,No,Male,1,790,37-48,39,No,No,No,0,Yes,Bank transfer (automatic),Yes,Yes,No,No,No,20.45,No,
101.3,57,No,,0,,Two year,4884-TVUQF,No,Yes,Female,1,5779.6,49-60,57,Yes,No,Yes,1,Yes,Credit card (automatic),No,No,Yes,No,Yes,101.3,Fiber optic,
61.45,61,No,,0,,Two year,4891-NLUBA,Yes,Yes,Female,1,3751.15,61+,61,Yes,Yes,Yes,0,No,Bank transfer (automatic),Yes,Yes,No,Yes,No phone service,61.45,DSL,
25.45,35,No,,0,,Two year,4896-CPRPF,Yes,No,Male,1,809.25,25-36,35,No,No,No,0,Yes,Bank transfer (automatic),Yes,No,No,No,Yes,25.45,No,
80.2,72,No,,0,,Two year,4900-MSOMT,Yes,Yes,Female,1,5714.2,61+,72,Yes,Yes,No,0,Yes,Bank transfer (automatic),Yes,No,Yes,Yes,Yes,80.2,DSL,
109.7,72,No,,0,,Two year,4909-JOUPP,No,Yes,Male,1,7898.45,61+,72,Yes,Yes,Yes,1,Yes,Credit card (automatic),Yes,No,No,Yes,Yes,109.7,Fiber optic,
68.95,70,No,,0,,Two year,4915-BFSXL,Yes,Yes,Male,1,4858.7,61+,70,No,Yes,No,0,Yes,Credit card (automatic),Yes,No,Yes,No,Yes,68.95,DSL,
73.5,26,No,,0,,Two year,4922-CVPDX,No,Yes,Female,1,1905.7,25-36,26,No,Yes,Yes,0,Yes,Credit card (automatic),Yes,Yes,No,Yes,No,73.5,DSL,
19.1,40,No,,0,,Two year,4933-BSAIP,No,No,Female,1,780.1,37-48,40,No,No,No,0,Yes,Mailed check,Yes,No,No,No,No,19.1,No,
37.7,60,No,,0,,Two year,4940-KHCWD,No,No,Female,1,2288.7,49-60,60,Yes,No,No,0,No,Bank transfer (automatic),Yes,No,Yes,Yes,No phone service,37.7,DSL,
26.25,22,No,,0,,Two year,4950-HKQTE,No,No,Female,1,605.9,13-24,22,No,No,No,0,Yes,Mailed check,No,No,No,No,Yes,26.25,No,
20.35,70,No,,0,,Two year,4957-SREEC,Yes,No,Male,1,1458.1,61+,70,No,No,No,0,Yes,Credit card (automatic),Yes,No,No,No,No,20.35,No,
63.7,72,No,,0,,Two year,4967-WPNCF,No,Yes,Male,1,4464.8,61+,72,Yes,Yes,Yes,0,No,Bank transfer (automatic),No,Yes,Yes,Yes,No phone service,63.7,DSL,
84.4,71,No,,0,,Two year,4973-MGTON,No,Yes,Female,1,5969.3,61+,71,Yes,Yes,Yes,0,Yes,Credit card (automatic),Yes,Yes,Yes,Yes,No,84.4,DSL,
24.15,56,No,,0,,Two year,4979-HPRFL,Yes,No,Male,1,1402.25,49-60,56,No,No,No,0,Yes,Bank transfer (automatic),Yes,No,No,No,Yes,24.15,No,
20.75,57,No,,0,,Two year,4990-ALDGW,No,No,Male,1,1118.8,49-60,57,No,No,No,0,Yes,Mailed check,No,No,No,No,No,20.75,No,
55.3,72,No,,0,,Two year,4992-LTJNE,Yes,No,Male,1,3983.6,61+,72,No,No,No,0,Yes,Bank transfer (automatic),Yes,No,Yes,No,Yes,55.3,DSL,
76.1,14,No,,0,,Two year,4994-OBRSZ,Yes,Yes,Male,1,1054.8,13-24,14,Yes,No,Yes,0,Yes,Bank transfer (automatic),No,No,Yes,Yes,No,76.1,DSL,
84.2,71,No,,0,,Two year,5003-XZWWO,No,Yes,Male,1,5956.85,61+,71,Yes,Yes,Yes,0,Yes,Credit card (automatic),Yes,No,No,Yes,Yes,84.2,DSL,
20.7,39,No,,0,,Two year,5006-MXVRN,No,No,Female,1,762.45,37-48,39,No,No,No,0,Yes,Credit card (automatic),No,No,No,No,No,20.7,No,
54.2,67,No,,0,,Two year,5010-IPEAQ,Yes,Yes,Female,1,3623.95,61+,67,Yes,Yes,No,0,No,Credit card (automatic),Yes,No,Yes,Yes,No phone service,54.2,DSL,
19.95,13,No,,0,,Two year,5014-GSOUQ,No,No,Male,1,243.65,13-24,13,No,No,No,0,Yes,Mailed check,No,No,No,No,No,19.95,No,
113.65,72,No,,0,,Two year,5038-ETMLM,No,Yes,Female,1,8182.75,61+,72,Yes,Yes,Yes,0,Yes,Bank transfer (automatic),Yes,Yes,Yes,Yes,Yes,113.65,Fiber optic,
25.5,51,No,,0,,Two year,5044-XDPYX,No,No,Female,1,1281.25,49-60,51,No,No,No,0,Yes,Mailed check,Yes,No,No,No,Yes,25.5,No,
106.7,67,No,,0,,Two year,5055-BRMNE,Yes,No,Female,1,7009.5,61+,67,Yes,Yes,Yes,0,Yes,Credit card (automatic),Yes,No,Yes,No,Yes,106.7,Fiber optic,
20.35,9,No,,0,,Two year,5057-RKGLH,Yes,No,Female,1,191.1,0-12,9,No,No,No,0,Yes,Mailed check,Yes,No,No,No,No,20.35,No,
19.75,13,No,,0,,Two year,5063-IUOKK,No,No,Male,1,265.75,13-24,13,No,No,No,0,Yes,Mailed check,No,No,No,No,No,19.75,No,
54.2,67,No,,0,,Two year,5067-WJEUN,Yes,No,Male,1,3838.2,61+,67,No,No,No,0,Yes,Bank transfer (automatic),Yes,Yes,Yes,Yes,No,54.2,DSL,
24.45,59,No,,0,,Two year,5075-JSDKI,No,No,Female,1,1493.1,49-60,59,No,No,No,0,Yes,Electronic check,No,No,No,No,Yes,24.45,No,
100.05,59,No,,0,,Two year,5090-EMGTC,No,No,Female,1,6034.85,49-60,59,Yes,Yes,Yes,0,Yes,Mailed check,Yes,Yes,No,Yes,No,100.05,Fiber optic,
19.65,47,No,,0,,Two year,5093-FEGLU,No,No,Female,1,921.55,37-48,47,No,No,No,0,Yes,Bank transfer (automatic),Yes,No,No,No,No,19.65,No,
56.8,55,No,,0,,Two year,5095-ETBRJ,No,No,Female,1,3112.05,49-60,55,Yes,No,No,0,Yes,Mailed check,Yes,No,Yes,Yes,No,56.8,DSL,
53.6,60,No,,0,,Two year,5110-CHOPY,No,Yes,Female,1,3237.05,49-60,60,No,Yes,Yes,0,No,Electronic check,No,No,Yes,No,No phone service,53.6,DSL,
67.2,72,No,,0,,Two year,5115-GZDEL,Yes,Yes,Male,1,4671.7,61+,72,Yes,Yes,Yes,0,No,Credit card (automatic),No,No,Yes,Yes,No phone service,67.2,DSL,
25.6,69,No,,0,,Two year,5115-SQAAU,Yes,No,Female,1,1673.4,61+,69,No,No,No,0,Yes,Bank transfer (automatic),Yes,Yes,No,No,Yes,25.6,No,
89.9,71,No,,0,,Two year,5117-ZSMHQ,Yes,Yes,Female,1,6342.7,61+,71,Yes,Yes,Yes,0,Yes,Bank transfer (automatic),Yes,No,Yes,Yes,Yes,89.9,DSL,
20.45,31,No,,0,,Two year,5124-EOGYE,No,No,Male,1,638.55,25-36,31,No,No,No,0,Yes,Mailed check,No,No,No,No,No,20.45,No,
46,54,No,,0,,Two year,5126-RCXYW,Yes,Yes,Male,1,2424.05,49-60,54,Yes,No,Yes,0,No,Credit card (automatic),Yes,No,No,No,No phone service,46,DSL,
86.45,43,No,,0,,Two year,5129-HHMZC,No,No,Female,1,3574.5,37-48,43,Yes,Yes,Yes,0,Yes,Credit card (automatic),Yes,No,Yes,Yes,Yes,86.45,DSL,
72,62,No,,0,,Two year,5130-YPIRV,No,Yes,Female,1,4284.2,61+,62,No,Yes,No,0,Yes,Credit card (automatic),Yes,Yes,Yes,Yes,No,72,DSL,
114.5,72,No,,0,,Two year,5135-GRQJV,No,Yes,Male,1,8331.95,61+,72,Yes,Yes,Yes,1,Yes,Mailed check,Yes,Yes,Yes,Yes,Yes,114.5,Fiber optic,
50.65,63,No,,0,,Two year,5135-RDDQL,Yes,No,Female,1,3221.25,61+,63,No,No,No,0,Yes,Bank transfer (automatic),Yes,Yes,Yes,No,No,50.65,DSL,
19.95,67,No,,0,,Two year,5146-YYFRZ,No,No,Male,1,1311.75,61+,67,No,No,No,0,Yes,Bank transfer (automatic),No,No,No,No,No,19.95,No,
19.7,20,No,,0,,Two year,5148-HKFIR,No,No,Female,1,406.95,13-24,20,No,No,No,0,Yes,Mailed check,No,No,No,No,No,19.7,No,
74.35,64,No,,0,,Two year,5148-ORICT,No,Yes,Female,1,4759.55,61+,64,Yes,No,Yes,0,Yes,Mailed check,Yes,Yes,Yes,Yes,No,74.35,DSL,
110.2,68,No,,0,,Two year,5153-LXKDT,Yes,Yes,Male,1,7467.5,61+,68,No,Yes,Yes,0,Yes,Electronic check,Yes,Yes,Yes,Yes,Yes,110.2,Fiber optic,
20.9,11,No,,0,,Two year,5158-RIVOP,Yes,No,Female,1,202.3,0-12,11,No,No,No,0,Yes,Credit card (automatic),Yes,No,No,No,No,20.9,No,
106.35,69,No,,0,,Two year,5161-UBZXI,Yes,No,Male,1,7261.75,61+,69,Yes,Yes,Yes,0,Yes,Credit card (automatic),Yes,Yes,Yes,Yes,No,106.35,Fiber optic,
94.3,37,No,,0,,Two year,5161-XEUVX,No,Yes,Male,1,3460.95,37-48,37,Yes,Yes,No,0,Yes,Mailed check,Yes,No,No,No,Yes,94.3,Fiber optic,
19.85,27,No,,0,,Two year,5171-EPLKN,No,No,Male,1,470,25-36,27,No,No,No,0,Yes,Credit card (automatic),No,No,No,No,No,19.85,No,
108.95,72,No,,0,,Two year,5172-RKOCB,No,No,Male,1,7875,61+,72,Yes,Yes,Yes,0,Yes,Credit card (automatic),Yes,Yes,Yes,Yes,Yes,108.95,Fiber optic,
20.55,47,No,,0,,Two year,5176-LMJXE,No,No,Female,1,945.7,37-48,47,No,No,No,0,Yes,Mailed check,No,Yes,No,No,No,20.55,No,
66.9,66,No,,0,,Two year,5176-OLSKT,No,Yes,Female,1,4370.25,61+,66,No,No,No,0,Yes,Bank transfer (automatic),Yes,No,Yes,Yes,Yes,66.9,DSL,
61.3,56,No,,0,,Two year,5181-OABFK,Yes,Yes,Female,1,3346.8,49-60,56,No,No,No,0,Yes,Credit card (automatic),Yes,Yes,Yes,Yes,No,61.3,DSL,
112.75,72,No,,0,,Two year,5183-KLYEM,No,Yes,Female,1,8192.6,61+,72,Yes,Yes,Yes,0,Yes,Credit card (automatic),No,Yes,Yes,Yes,Yes,112.75,Fiber optic,
104.75,63,No,,0,,Two year,5193-QLVZB,No,Yes,Male,1,6536.5,61+,63,No,Yes,Yes,0,Yes,Bank transfer (automatic),No,Yes,No,Yes,Yes,104.75,Fiber optic,
83.3,71,No,,0,,Two year,5197-LQXXH,No,Yes,Female,1,5894.5,61+,71,Yes,Yes,Yes,0,Yes,Credit card (automatic),Yes,Yes,No,Yes,Yes,83.3,DSL,
25.25,12,No,,0,,Two year,5197-YPYBZ,Yes,No,Female,1,274.7,0-12,12,No,No,No,0,Yes,Credit card (automatic),Yes,No,No,No,Yes,25.25,No,
67.95,70,No,,0,,Two year,5208-FVQKB,No,No,Male,1,4664.15,61+,70,Yes,No,Yes,0,Yes,Mailed check,Yes,No,Yes,Yes,No,67.95,DSL,
90.8,72,No,,0,,Two year,5214-NLTIT,Yes,Yes,Male,1,6511.8,61+,72,No,No,Yes,0,Yes,Credit card (automatic),Yes,Yes,No,No,Yes,90.8,Fiber optic,
24,68,No,,0,,Two year,5220-AGAAX,Yes,No,Male,1,1664.3,61+,68,No,No,No,0,Yes,Bank transfer (automatic),Yes,Yes,No,No,Yes,24,No,
46.35,71,No,,0,,Two year,5227-JSCFE,No,Yes,Male,1,3353.4,61+,71,Yes,No,No,1,No,Credit card (automatic),Yes,No,Yes,Yes,No phone service,46.35,DSL,
98.8,41,No,,0,,Two year,5229-DTFYB,No,No,Female,1,3959.15,37-48,41,Yes,Yes,Yes,0,Yes,Bank transfer (automatic),No,Yes,No,Yes,No,98.8,Fiber optic,
19.85,41,No,,0,,Two year,5231-FIQPA,No,No,Female,1,810.45,37-48,41,No,No,No,0,Yes,Mailed check,No,Yes,No,No,No,19.85,No,
74.45,47,No,,0,,Two year,5232-NXPAY,No,Yes,Female,1,3510.3,37-48,47,Yes,Yes,Yes,0,Yes,Mailed check,No,No,No,No,No,74.45,DSL,
20.35,45,No,,0,,Two year,5242-UOWHD,Yes,No,Male,1,929.2,37-48,45,No,No,No,0,Yes,Mailed check,Yes,No,No,No,No,20.35,No,
90.35,71,No,,0,,Two year,5248-KWLAR,Yes,Yes,Male,1,6325.25,61+,71,Yes,Yes,Yes,0,Yes,Electronic check,Yes,No,Yes,Yes,Yes,90.35,DSL,
90.15,72,No,,0,,Two year,5248-RPYWW,Yes,Yes,Female,1,6716.45,61+,72,Yes,Yes,Yes,1,Yes,Bank transfer (automatic),Yes,Yes,Yes,Yes,Yes,90.15,DSL,
90.25,72,No,,0,,Two year,5248-YGIJN,No,Yes,Male,1,6369.45,61+,72,Yes,Yes,Yes,0,Yes,Credit card (automatic),Yes,Yes,Yes,Yes,Yes,90.25,DSL,
24.8,40,No,,0,,Two year,5249-QYHEX,Yes,No,Female,1,1024.7,37-48,40,No,No,No,0,Yes,Mailed check,Yes,Yes,No,No,Yes,24.8,No,
54.6,64,No,,0,,Two year,5256-SKJGO,Yes,No,Female,1,3423.5,61+,64,Yes,Yes,Yes,0,No,Electronic check,Yes,Yes,No,Yes,No phone service,54.6,DSL,
64.8,72,No,,0,,Two year,5275-PMFUT,Yes,Yes,Male,1,4719.75,61+,72,Yes,Yes,Yes,0,No,Credit card (automatic),Yes,Yes,Yes,Yes,No phone service,64.8,DSL,
100.65,49,No,,0,,Two year,5278-PNYOX,No,Yes,Female,1,4917.75,49-60,49,Yes,Yes,Yes,0,Yes,Credit card (automatic),No,No,No,No,No,100.65,Fiber optic,
104.8,72,No,,0,,Two year,5286-YHCVC,No,Yes,Male,1,7470.1,61+,72,No,Yes,Yes,0,Yes,Bank transfer (automatic),Yes,Yes,No,Yes,Yes,104.8,Fiber optic,
20.1,46,No,,0,,Two year,5296-BFCYD,Yes,No,Male,1,936.85,37-48,46,No,No,No,0,Yes,Mailed check,Yes,Yes,No,No,No,20.1,No,
24.55,72,No,,0,,Two year,5296-PSYVW,No,No,Female,1,1750.7,61+,72,No,No,No,0,Yes,Electronic check,Yes,No,No,No,Yes,24.55,No,
111.65,72,No,,0,,Two year,5304-EFJLP,No,Yes,Male,1,8022.85,61+,72,Yes,Yes,Yes,1,Yes,Bank transfer (automatic),Yes,Yes,No,Yes,Yes,111.65,Fiber optic,
19.95,46,No,,0,,Two year,5310-NOOVA,No,No,Male,1,907.05,37-48,46,No,No,No,0,Yes,Electronic check,No,No,No,No,No,19.95,No,
61.35,66,No,,0,,Two year,5317-FLPJF,No,Yes,Female,1,4193.4,61+,66,Yes,Yes,Yes,0,No,Bank transfer (automatic),No,Yes,Yes,No,No phone service,61.35,DSL,
79.15,43,No,,0,,Two year,5318-YKDPV,Yes,Yes,Male,1,3566.6,37-48,43,Yes,Yes,Yes,0,Yes,Credit card (automatic),Yes,Yes,Yes,No,No,79.15,DSL,
75.8,58,No,,0,,Two year,5320-BRKGK,Yes,Yes,Female,1,4415.75,49-60,58,Yes,Yes,No,0,Yes,Mailed check,Yes,No,Yes,No,Yes,75.8,DSL,
79.85,66,No,,0,,Two year,5321-NTRKC,Yes,Yes,Male,1,5234.95,61+,66,No,Yes,Yes,0,Yes,Bank transfer (automatic),Yes,No,No,Yes,Yes,79.85,DSL,
114.6,71,No,,0,,Two year,5322-TEUJK,Yes,Yes,Female,1,8100.25,61+,71,Yes,Yes,Yes,0,Yes,Bank transfer (automatic),Yes,No,Yes,Yes,Yes,114.6,Fiber optic,
25.75,31,No,,0,,Two year,5322-ZSMZY,Yes,No,Male,1,755.6,25-36,31,No,No,No,0,Yes,Mailed check,Yes,No,No,No,Yes,25.75,No,
96.9,48,No,,0,,Two year,5327-CNLUQ,No,Yes,Male,1,4473.45,37-48,48,No,Yes,No,0,Yes,Bank transfer (automatic),Yes,Yes,Yes,Yes,Yes,96.9,Fiber optic,
73.45,72,No,,0,,Two year,5327-XOKKY,No,Yes,Male,1,5329,61+,72,No,Yes,Yes,1,Yes,Credit card (automatic),Yes,Yes,No,No,Yes,73.45,DSL,
77.35,72,No,,0,,Two year,5329-KRDTM,No,Yes,Male,1,5396.25,61+,72,Yes,Yes,No,1,Yes,Credit card (automatic),Yes,No,No,Yes,Yes,77.35,DSL,
25.1,72,No,,0,,Two year,5334-AFQJB,No,No,Male,1,1789.9,61+,72,No,No,No,1,Yes,Credit card (automatic),No,Yes,No,No,Yes,25.1,No,
61.45,37,No,,0,,Two year,5338-YHWYT,Yes,No,Male,1,2302.35,37-48,37,Yes,No,No,0,Yes,Credit card (automatic),No,No,Yes,Yes,No,61.45,DSL,
19.4,69,No,,0,,Two year,5346-BZCHP,Yes,No,Female,1,1346.2,61+,69,No,No,No,0,Yes,Mailed check,Yes,No,No,No,No,19.4,No,
24.45,58,No,,0,,Two year,5356-KZCKT,No,No,Male,1,1513.6,49-60,58,No,No,No,0,Yes,Credit card (automatic),No,Yes,No,No,Yes,24.45,No,
105.15,71,No,,0,,Two year,5360-LJCNJ,No,Yes,Female,1,7555,61+,71,No,Yes,Yes,0,Yes,Bank transfer (automatic),Yes,Yes,No,Yes,Yes,105.15,Fiber optic,
65.65,72,No,,0,,Two year,5360-XGYAZ,Yes,Yes,Male,1,4664.5,61+,72,Yes,Yes,Yes,0,No,Bank transfer (automatic),Yes,Yes,Yes,Yes,No phone service,65.65,DSL,
114.35,69,No,,0,,Two year,5375-XLDOF,Yes,Yes,Male,1,7665.8,61+,69,Yes,Yes,Yes,0,Yes,Bank transfer (automatic),Yes,Yes,Yes,Yes,Yes,114.35,Fiber optic,
91.05,71,No,,0,,Two year,5377-NDTOU,Yes,Yes,Female,1,6293.75,61+,71,Yes,Yes,Yes,0,Yes,Mailed check,Yes,No,Yes,Yes,Yes,91.05,DSL,
80.6,60,No,,0,,Two year,5394-MEITZ,Yes,Yes,Female,1,4946.7,49-60,60,Yes,Yes,Yes,0,Yes,Bank transfer (automatic),Yes,Yes,No,Yes,No,80.6,DSL,
50.9,67,No,,0,,Two year,5397-NSKQG,Yes,No,Male,1,3281.65,61+,67,No,Yes,Yes,0,No,Credit card (automatic),Yes,No,Yes,No,No phone service,50.9,DSL,
24.55,71,No,,0,,Two year,5406-KGRMX,No,No,Female,1,1719.15,61+,71,No,No,No,0,Yes,Electronic check,No,No,No,No,Yes,24.55,No,
90.45,57,No,,0,,Two year,5414-OFQCB,No,No,Male,1,5229.8,49-60,57,Yes,Yes,No,0,Yes,Credit card (automatic),No,Yes,No,No,Yes,90.45,Fiber optic,
19.7,12,No,,0,,Two year,5442-PPTJY,Yes,No,Male,1,258.35,0-12,12,No,No,No,0,Yes,Mailed check,Yes,No,No,No,No,19.7,No,
115.75,72,No,,0,,Two year,5451-YHYPW,No,Yes,Female,1,8443.7,61+,72,Yes,Yes,Yes,1,Yes,Credit card (automatic),Yes,Yes,Yes,Yes,Yes,115.75,Fiber optic,
101.1,70,No,,0,,Two year,5453-YBTWV,Yes,Yes,Male,1,6994.8,61+,70,Yes,Yes,No,0,Yes,Credit card (automatic),Yes,Yes,Yes,Yes,No,101.1,Fiber optic,
64.45,72,No,,0,,Two year,5456-ITGIC,No,Yes,Male,1,4641.1,61+,72,Yes,Yes,Yes,1,No,Credit card (automatic),Yes,Yes,Yes,Yes,No phone service,64.45,DSL,
80.65,69,No,,0,,Two year,5457-COLHT,Yes,No,Male,1,5542.55,61+,69,Yes,Yes,Yes,0,Yes,Bank transfer (automatic),Yes,No,Yes,Yes,No,80.65,DSL,
19.3,41,No,,0,,Two year,5465-BUBFA,Yes,No,Female,1,772.4,37-48,41,No,No,No,0,Yes,Bank transfer (automatic),Yes,No,No,No,No,19.3,No,
19.95,19,No,,0,,Two year,5469-NUJUR,No,No,Male,1,373.5,13-24,19,No,No,No,0,Yes,Mailed check,No,Yes,No,No,No,19.95,No,
38.9,68,No,,0,,Two year,5472-CVMDX,No,Yes,Female,1,2719.2,61+,68,Yes,No,No,0,No,Mailed check,No,No,Yes,No,No phone service,38.9,DSL,
21,31,No,,0,,Two year,5480-XTFFL,Yes,No,Female,1,697.7,25-36,31,No,No,No,0,Yes,Mailed check,Yes,No,No,No,No,21,No,
85.9,66,No,,0,,Two year,5485-ITNPC,No,Yes,Male,1,5595.3,61+,66,Yes,Yes,Yes,0,Yes,Bank transfer (automatic),Yes,Yes,Yes,Yes,No,85.9,DSL,
82,71,No,,0,,Two year,5494-WOZRZ,Yes,Yes,Female,1,5999.85,61+,71,Yes,Yes,Yes,0,Yes,Credit card (automatic),Yes,Yes,Yes,No,No,82,DSL,
19.7,20,No,,0,,Two year,5495-GPSRW,No,No,Male,1,419.4,13-24,20,No,No,No,0,Yes,Mailed check,No,Yes,No,No,No,19.7,No,
111.15,41,No,,0,,Two year,5514-YQENT,Yes,Yes,Male,1,4507.15,37-48,41,Yes,Yes,Yes,0,Yes,Electronic check,No,Yes,Yes,Yes,No,111.15,Fiber optic,
20.15,47,No,,0,,Two year,5529-GIBVH,No,No,Female,1,1046.2,37-48,47,No,No,No,0,Yes,Mailed check,No,No,No,No,No,20.15,No,
20.75,42,No,,0,,Two year,5542-NKVRU,No,No,Female,1,844.45,37-48,42,No,No,No,0,Yes,Bank transfer (automatic),No,Yes,No,No,No,20.75,No,
24.95,50,No,,0,,Two year,5549-ZGHFB,Yes,No,Male,1,1261.45,49-60,50,No,No,No,0,Yes,Mailed check,Yes,No,No,No,Yes,24.95,No,
20.3,58,No,,0,,Two year,5567-GZKQY,No,No,Male,1,1131.5,49-60,58,No,No,No,0,Yes,Credit card (automatic),No,No,No,No,No,20.3,No,
109.2,63,No,,0,,Two year,5574-NXZIU,No,Yes,Male,1,7049.75,61+,63,Yes,Yes,Yes,0,Yes,Credit card (automatic),No,No,Yes,Yes,No,109.2,Fiber optic,
54.05,44,No,,0,,Two year,5583-EJXRD,Yes,Yes,Male,1,2375.2,37-48,44,Yes,No,Yes,0,No,Credit card (automatic),Yes,Yes,Yes,Yes,No phone service,54.05,DSL,
25.45,72,No,,0,,Two year,5598-IKHQQ,No,No,Female,1,1866.45,61+,72,No,No,No,0,Yes,Credit card (automatic),No,No,No,No,Yes,25.45,No,
25,72,No,,0,,Two year,5605-XNWEN,No,No,Male,1,1802.55,61+,72,No,No,No,1,Yes,Bank transfer (automatic),Yes,Yes,No,No,Yes,25,No,
64.9,58,No,,0,,Two year,5614-DNZCE,No,Yes,Female,1,3795.45,49-60,58,Yes,No,No,0,Yes,Credit card (automatic),No,Yes,Yes,Yes,No,64.9,DSL,
25.4,35,No,,0,,Two year,5622-UEJFI,Yes,No,Female,1,949.8,25-36,35,No,No,No,0,Yes,Credit card (automatic),Yes,Yes,No,No,Yes,25.4,No,
84.3,58,No,,0,,Two year,5641-DMBFJ,No,Yes,Female,1,4916.4,49-60,58,Yes,Yes,Yes,0,Yes,Electronic check,Yes,Yes,Yes,No,Yes,84.3,DSL,
19.7,8,No,,0,,Two year,5647-URDKA,Yes,No,Male,1,130.25,0-12,8,No,No,No,0,Yes,Mailed check,Yes,No,No,No,No,19.7,No,
19.85,62,No,,0,,Two year,5656-JAMLX,No,No,Male,1,1253.65,61+,62,No,No,No,0,Yes,Bank transfer (automatic),No,No,No,No,No,19.85,No,
48.15,42,No,,0,,Two year,5656-MJEFC,Yes,Yes,Male,1,2032.3,37-48,42,Yes,Yes,No,0,No,Credit card (automatic),Yes,No,Yes,No,No phone service,48.15,DSL,
98.35,72,No,,0,,Two year,5663-QBGIS,No,No,Male,1,6929.4,61+,72,No,Yes,Yes,1,Yes,Bank transfer (automatic),Yes,No,No,Yes,Yes,98.35,Fiber optic,
25.1,65,No,,0,,Two year,5666-MBJPT,No,No,Male,1,1725,61+,65,No,No,No,0,Yes,Bank transfer (automatic),No,Yes,No,No,Yes,25.1,No,
106.1,72,No,,0,,Two year,5668-MEISB,Yes,Yes,Female,1,7657.4,61+,72,Yes,Yes,No,0,Yes,Credit card (automatic),Yes,No,Yes,Yes,Yes,106.1,Fiber optic,
75.65,70,No,,0,,Two year,5671-RQRLP,No,No,Female,1,5411.4,61+,70,No,No,No,1,Yes,Credit card (automatic),Yes,Yes,No,No,Yes,75.65,Fiber optic,
73.35,71,No,,0,,Two year,5676-CFLYY,Yes,No,Male,1,5154.5,61+,71,Yes,Yes,Yes,0,Yes,Credit card (automatic),Yes,Yes,No,Yes,No,73.35,DSL,
82.45,68,No,,0,,Two year,5680-LQOGP,No,Yes,Female,1,5646.6,61+,68,Yes,Yes,Yes,0,Yes,Credit card (automatic),No,Yes,Yes,Yes,No,82.45,DSL,
90.35,72,No,,0,,Two year,5684-FJVYR,Yes,No,Female,1,6563.4,61+,72,Yes,No,No,0,Yes,Bank transfer (automatic),Yes,Yes,Yes,Yes,Yes,90.35,Fiber optic,
99.65,41,No,,0,,Two year,5693-PIPCS,No,No,Male,1,4220.35,37-48,41,Yes,Yes,Yes,0,Yes,Credit card (automatic),No,Yes,No,Yes,No,99.65,Fiber optic,
103.15,67,No,,0,,Two year,5696-CEIQJ,Yes,Yes,Male,1,6895.5,61+,67,Yes,Yes,Yes,0,Yes,Bank transfer (automatic),Yes,No,No,Yes,No,103.15,Fiber optic,
19.45,17,No,,0,,Two year,5696-EXCYS,No,No,Male,1,369.05,13-24,17,No,No,No,0,Yes,Credit card (automatic),No,No,No,No,No,19.45,No,
70.1,48,No,,0,,Two year,5696-JVVQY,Yes,Yes,Female,1,3238.4,37-48,48,No,No,Yes,0,Yes,Credit card (automatic),Yes,Yes,Yes,Yes,No,70.1,DSL,
24.65,71,No,,0,,Two year,5699-BNCAS,No,No,Male,1,1766.75,61+,71,No,No,No,1,Yes,Mailed check,No,Yes,No,No,Yes,24.65,No,
82.55,71,No,,0,,Two year,5702-KVQRD,No,Yes,Male,1,5832.65,61+,71,Yes,Yes,Yes,0,Yes,Electronic check,Yes,Yes,Yes,No,No,82.55,DSL,
69.7,53,No,,0,,Two year,5707-ZMDJP,Yes,No,Male,1,3729.6,49-60,53,Yes,Yes,No,0,Yes,Mailed check,Yes,Yes,Yes,Yes,No,69.7,DSL,
80.85,0,No,,0,,Two year,5709-LVOEQ,Yes,Yes,Female,1,0,0-12,0,No,Yes,Yes,0,Yes,Mailed check,Yes,No,Yes,Yes,No,80.85,DSL,
99.05,65,No,,0,,Two year,5716-EZXZN,Yes,No,Female,1,6416.7,61+,65,Yes,Yes,No,0,Yes,Credit card (automatic),Yes,Yes,Yes,Yes,Yes,99.05,Fiber optic,
19.85,8,No,,0,,Two year,5726-CVNYA,Yes,No,Female,1,146.6,0-12,8,No,No,No,0,Yes,Mailed check,Yes,Yes,No,No,No,19.85,No,
90.8,72,No,,0,,Two year,5727-MYATE,Yes,Yes,Male,1,6397.6,61+,72,Yes,Yes,Yes,0,Yes,Credit card (automatic),Yes,Yes,Yes,Yes,Yes,90.8,DSL,
19.7,66,No,,0,,Two year,5730-DBDSI,No,No,Male,1,1253.8,61+,66,No,No,No,0,Yes,Bank transfer (automatic),No,No,No,No,No,19.7,No,
79.45,69,No,,0,,Two year,5736-YEJAX,Yes,Yes,Male,1,5502.55,61+,69,Yes,Yes,No,0,Yes,Credit card (automatic),No,Yes,Yes,Yes,Yes,79.45,DSL,
25.55,71,No,,0,,Two year,5743-KHMNA,No,No,Male,1,1898.1,61+,71,No,No,No,0,Yes,Bank transfer (automatic),No,No,No,No,Yes,25.55,No,
81,46,No,,0,,Two year,5751-USDBL,Yes,Yes,Male,1,3846.35,37-48,46,Yes,Yes,Yes,0,Yes,Mailed check,Yes,No,Yes,No,No,81,DSL,
58.75,52,No,,0,,Two year,5762-TJXGK,No,Yes,Female,1,3038.55,49-60,52,No,Yes,Yes,0,No,Bank transfer (automatic),No,Yes,Yes,Yes,No phone service,58.75,DSL,
84.45,72,No,,0,,Two year,5766-FTRTS,No,Yes,Male,1,6033.1,61+,72,Yes,Yes,Yes,0,Yes,Mailed check,Yes,No,Yes,Yes,No,84.45,DSL,
100.65,72,No,,0,,Two year,5781-BKHOP,No,Yes,Female,1,7334.05,61+,72,No,Yes,No,0,Yes,Bank transfer (automatic),Yes,No,Yes,Yes,Yes,100.65,Fiber optic,
73.5,71,No,,0,,Two year,5781-RFZRP,No,No,Male,1,5357.75,61+,71,Yes,Yes,No,0,Yes,Credit card (automatic),Yes,No,Yes,Yes,Yes,73.5,DSL,
19.3,72,No,,0,,Two year,5787-KXGIY,No,No,Male,1,1304.8,61+,72,No,No,No,0,Yes,Credit card (automatic),Yes,No,No,No,No,19.3,No,
84.75,34,No,,0,,Two year,5788-YPOEG,Yes,Yes,Female,1,2839.45,25-36,34,Yes,Yes,Yes,0,Yes,Mailed check,Yes,No,Yes,Yes,No,84.75,DSL,
59.85,52,No,,0,,Two year,5792-JALQC,No,Yes,Female,1,3103.25,49-60,52,No,No,No,1,Yes,Bank transfer (automatic),No,No,Yes,No,Yes,59.85,DSL,
21,55,No,,0,,Two year,5793-YOLJN,Yes,No,Female,1,1210.3,49-60,55,No,No,No,0,Yes,Mailed check,Yes,No,No,No,No,21,No,
110.8,68,No,,0,,Two year,5795-KTGUD,No,Yes,Female,1,7553.6,61+,68,No,Yes,Yes,0,Yes,Bank transfer (automatic),Yes,Yes,Yes,Yes,Yes,110.8,Fiber optic,
19.5,63,No,,0,,Two year,5799-JRCZO,Yes,No,Female,1,1215.1,61+,63,No,No,No,0,Yes,Credit card (automatic),No,No,No,No,No,19.5,No,
67.8,72,No,,0,,Two year,5803-NQJZO,No,Yes,Male,1,4804.65,61+,72,Yes,No,No,0,Yes,Bank transfer (automatic),Yes,Yes,Yes,Yes,Yes,67.8,DSL,
19.75,39,No,,0,,Two year,5804-JMYIO,Yes,No,Female,1,757.95,37-48,39,No,No,No,0,Yes,Mailed check,Yes,No,No,No,No,19.75,No,
80.4,70,No,,0,,Two year,5816-JMLGY,Yes,Yes,Female,1,5717.85,61+,70,Yes,Yes,Yes,0,Yes,Bank transfer (automatic),Yes,Yes,No,Yes,No,80.4,DSL,
19.9,57,No,,0,,Two year,5821-MMEIL,No,No,Female,1,1115.6,49-60,57,No,No,No,0,Yes,Bank transfer (automatic),Yes,No,No,No,No,19.9,No,
68.25,16,No,,0,,Two year,5840-NVDCG,Yes,No,Female,1,1114.85,13-24,16,Yes,No,Yes,0,Yes,Bank transfer (automatic),Yes,No,Yes,Yes,No,68.25,DSL,
20.1,35,No,,0,,Two year,5845-BZZIB,Yes,No,Male,1,655.3,25-36,35,No,No,No,0,Yes,Mailed check,Yes,No,No,No,No,20.1,No,
24.45,71,No,,0,,Two year,5846-ABOBJ,No,No,Male,1,1730.65,61+,71,No,No,No,0,Yes,Bank transfer (automatic),Yes,No,No,No,Yes,24.45,No,
70.85,71,No,,0,,Two year,5846-NEQVZ,Yes,Yes,Male,1,4973.4,61+,71,Yes,No,Yes,0,Yes,Credit card (automatic),Yes,Yes,Yes,No,No,70.85,DSL,
20.05,68,No,,0,,Two year,5848-FHRFC,No,No,Female,1,1386.9,61+,68,No,No,No,0,Yes,Bank transfer (automatic),No,No,No,No,No,20.05,No,
25.4,70,No,,0,,Two year,5854-KSRBJ,Yes,No,Male,1,1782.05,61+,70,No,No,No,0,Yes,Mailed check,Yes,No,No,No,Yes,25.4,No,
106.65,49,No,,0,,Two year,5855-EIBDE,No,Yes,Female,1,5174.35,49-60,49,Yes,No,Yes,0,Yes,Credit card (automatic),Yes,No,Yes,Yes,Yes,106.65,Fiber optic,
19.15,26,No,,0,,Two year,5859-HZYLF,Yes,No,Male,1,515.75,25-36,26,No,No,No,0,Yes,Credit card (automatic),Yes,Yes,No,No,No,19.15,No,
60.75,46,No,,0,,Two year,5862-BRIXZ,No,Yes,Male,1,2893.4,37-48,46,Yes,Yes,Yes,0,No,Bank transfer (automatic),No,Yes,Yes,No,No phone service,60.75,DSL,
88.05,72,No,,0,,Two year,5879-HMFFH,No,Yes,Female,1,6520.8,61+,72,Yes,Yes,Yes,0,Yes,Bank transfer (automatic),Yes,No,Yes,Yes,Yes,88.05,DSL,
25.1,72,No,,0,,Two year,5884-FBCTL,Yes,No,Female,1,1857.85,61+,72,No,No,No,0,Yes,Bank transfer (automatic),Yes,No,No,No,Yes,25.1,No,
94.35,58,No,,0,,Two year,5887-IKKYO,Yes,Yes,Male,1,5563.65,49-60,58,Yes,No,Yes,0,Yes,Bank transfer (automatic),Yes,No,No,No,Yes,94.35,Fiber optic,
19.75,72,No,,0,,Two year,5893-KCLGT,Yes,No,Female,1,1567,61+,72,No,No,No,0,Yes,Mailed check,No,Yes,No,No,No,19.75,No,
81.8,56,No,,0,,Two year,5893-PYOLZ,No,Yes,Male,1,4534.45,49-60,56,Yes,Yes,Yes,0,Yes,Credit card (automatic),No,Yes,No,Yes,No,81.8,DSL,
20.15,70,No,,0,,Two year,5902-WBLSE,Yes,No,Female,1,1411.2,61+,70,No,No,No,0,Yes,Credit card (automatic),Yes,Yes,No,No,No,20.15,No,
115.8,72,No,,0,,Two year,5914-XRFQB,No,Yes,Male,1,8424.9,61+,72,Yes,Yes,Yes,0,Yes,Bank transfer (automatic),Yes,Yes,Yes,Yes,Yes,115.8,Fiber optic,
79.15,70,No,,0,,Two year,5915-ANOEI,No,Yes,Male,1,5536.5,61+,70,Yes,Yes,No,0,Yes,Mailed check,Yes,No,Yes,Yes,Yes,79.15,DSL,
81.5,69,No,,0,,Two year,5930-GBIWP,No,Yes,Male,1,5553.25,61+,69,Yes,No,Yes,0,Yes,Credit card (automatic),No,Yes,Yes,Yes,Yes,81.5,DSL,
26.3,48,No,,0,,Two year,5939-SXWHM,Yes,No,Male,1,1245.05,37-48,48,No,No,No,0,Yes,Bank transfer (automatic),Yes,No,No,No,Yes,26.3,No,
107.5,72,No,,0,,Two year,5954-BDFSG,No,Yes,Female,1,7853.7,61+,72,Yes,Yes,Yes,0,Yes,Credit card (automatic),No,Yes,No,No,Yes,107.5,Fiber optic,
105.25,72,No,,0,,Two year,5965-GGPRW,Yes,Yes,Male,1,7609.75,61+,72,No,Yes,Yes,0,Yes,Bank transfer (automatic),Yes,No,Yes,No,Yes,105.25,Fiber optic,
24.55,47,No,,0,,Two year,5968-HYJRZ,Yes,No,Male,1,1160.45,37-48,47,No,No,No,0,Yes,Mailed check,Yes,No,No,No,Yes,24.55,No,
19.95,46,No,,0,,Two year,5970-GHJAW,Yes,No,Male,1,862.4,37-48,46,No,No,No,0,Yes,Credit card (automatic),Yes,No,No,No,No,19.95,No,
87.1,72,No,,0,,Two year,5980-BDHPY,No,Yes,Male,1,6230.1,61+,72,Yes,Yes,Yes,0,Yes,Bank transfer (automatic),Yes,Yes,Yes,Yes,Yes,87.1,DSL,
91.1,23,No,,0,,Two year,5982-PSMKW,Yes,Yes,Female,1,2198.3,13-24,23,Yes,Yes,Yes,0,Yes,Credit card (automatic),Yes,Yes,Yes,Yes,Yes,91.1,DSL,
26.5,65,No,,0,,Two year,5982-XMDEX,No,No,Female,1,1698.55,61+,65,No,No,No,0,Yes,Bank transfer (automatic),No,No,No,No,Yes,26.5,No,
118.6,68,No,,0,,Two year,5989-AXPUC,No,Yes,Female,1,7990.05,61+,68,Yes,Yes,Yes,0,Yes,Mailed check,Yes,No,Yes,Yes,Yes,118.6,Fiber optic,
61.15,66,No,,0,,Two year,5993-JSUWV,No,Yes,Female,1,4017.45,61+,66,No,No,No,0,Yes,Bank transfer (automatic),No,Yes,Yes,Yes,No,61.15,DSL,
25.3,58,No,,0,,Two year,5995-LFTLE,No,No,Male,1,1474.35,49-60,58,No,No,No,0,Yes,Credit card (automatic),No,Yes,No,No,Yes,25.3,No,
69.9,67,No,,0,,Two year,5996-EBTKM,Yes,Yes,Female,1,4615.9,61+,67,Yes,No,Yes,0,Yes,Bank transfer (automatic),Yes,Yes,No,No,Yes,69.9,DSL,
89.05,72,No,,0,,Two year,5997-OPVFA,No,Yes,Male,1,6254.45,61+,72,Yes,Yes,Yes,0,Yes,Bank transfer (automatic),Yes,Yes,Yes,Yes,Yes,89.05,DSL,
94.35,61,No,,0,,Two year,5998-DZLYR,No,No,Female,1,5703,61+,61,Yes,No,Yes,0,Yes,Bank transfer (automatic),Yes,Yes,No,Yes,Yes,94.35,Fiber optic,
20.15,41,No,,0,,Two year,6000-UKLWI,No,No,Male,1,802.35,37-48,41,No,No,No,0,Yes,Mailed check,No,No,No,No,No,20.15,No,
115.8,72,No,,0,,Two year,6007-TCTST,Yes,Yes,Female,1,8476.5,61+,72,Yes,Yes,Yes,0,Yes,Bank transfer (automatic),Yes,Yes,Yes,Yes,Yes,115.8,Fiber optic,
25.15,70,No,,0,,Two year,6010-DDPPW,No,No,Male,1,1940.85,61+,70,No,No,No,0,Yes,Bank transfer (automatic),Yes,No,No,No,Yes,25.15,No,
81,61,No,,0,,Two year,6013-BHCAW,Yes,Yes,Male,1,4976.15,61+,61,Yes,Yes,Yes,0,Yes,Bank transfer (automatic),Yes,Yes,No,No,Yes,81,DSL,
61.45,69,No,,0,,Two year,6023-GSSXW,No,No,Female,1,4131.2,61+,69,No,No,Yes,0,Yes,Credit card (automatic),Yes,Yes,No,Yes,No,61.45,DSL,
25.2,72,No,,0,,Two year,6024-RUGGH,Yes,No,Male,1,1798.9,61+,72,No,No,No,0,Yes,Bank transfer (automatic),Yes,Yes,No,No,Yes,25.2,No,
97.2,54,No,,0,,Two year,6035-RIIOM,No,No,Female,1,5129.45,49-60,54,No,Yes,Yes,0,Yes,Bank transfer (automatic),No,Yes,No,Yes,Yes,97.2,Fiber optic,
19.75,41,No,,0,,Two year,6048-NJXHX,No,No,Male,1,899.45,37-48,41,No,No,No,0,Yes,Electronic check,Yes,Yes,No,No,No,19.75,No,
105.4,69,No,,0,,Two year,6048-UWKAL,No,No,Female,1,6998.95,61+,69,Yes,Yes,Yes,1,Yes,Credit card (automatic),Yes,No,No,Yes,Yes,105.4,Fiber optic,
105.35,69,No,,0,,Two year,6050-FFXES,No,Yes,Female,1,7240.65,61+,69,Yes,Yes,Yes,0,Yes,Bank transfer (automatic),Yes,No,No,No,Yes,105.35,Fiber optic,
19.85,70,No,,0,,Two year,6060-QBMGV,No,No,Male,1,1433.8,61+,70,No,No,No,0,Yes,Credit card (automatic),Yes,No,No,No,No,19.85,No,
52.85,27,No,,0,,Two year,6064-ZATLR,No,No,Female,1,1498.65,25-36,27,No,No,No,0,Yes,Bank transfer (automatic),No,No,Yes,Yes,No,52.85,DSL,
24.75,51,No,,0,,Two year,6080-LNESI,No,No,Male,1,1234.6,49-60,51,No,No,No,0,Yes,Mailed check,No,No,No,No,Yes,24.75,No,
68.15,72,No,,0,,Two year,6087-YPWHO,No,Yes,Male,1,4808.7,61+,72,Yes,No,No,0,Yes,Mailed check,Yes,No,Yes,Yes,Yes,68.15,DSL,
99.5,59,No,,0,,Two year,6103-LIANB,Yes,Yes,Male,1,5861.75,49-60,59,No,Yes,Yes,0,Yes,Credit card (automatic),Yes,Yes,No,No,Yes,99.5,Fiber optic,
65.5,72,No,,0,,Two year,6115-ZTBFQ,No,Yes,Female,1,4919.7,61+,72,Yes,Yes,Yes,0,No,Bank transfer (automatic),Yes,No,Yes,Yes,No phone service,65.5,DSL,
38.25,46,No,,0,,Two year,6119-SPUDB,No,Yes,Male,1,1755.35,37-48,46,Yes,No,No,0,No,Mailed check,No,No,Yes,No,No phone service,38.25,DSL,
79.95,62,No,,0,,Two year,6120-RJKLU,No,Yes,Female,1,4819.75,61+,62,Yes,Yes,Yes,1,Yes,Credit card (automatic),Yes,Yes,Yes,No,No,79.95,DSL,
35.75,24,No,,0,,Two year,6122-EFVKN,Yes,No,Male,1,830.8,13-24,24,Yes,No,No,0,No,Mailed check,No,No,Yes,No,No phone service,35.75,DSL,
90.15,70,No,,0,,Two year,6122-LJADA,Yes,Yes,Male,1,6237.05,61+,70,Yes,Yes,Yes,0,Yes,Credit card (automatic),Yes,Yes,Yes,Yes,Yes,90.15,DSL,
23.4,62,No,,0,,Two year,6134-KWTBV,No,No,Male,1,1429.65,61+,62,No,No,No,0,Yes,Bank transfer (automatic),No,No,No,No,Yes,23.4,No,
20.05,64,No,,0,,Two year,6139-ZZRBQ,No,No,Male,1,1198.05,61+,64,No,No,No,1,Yes,Bank transfer (automatic),No,Yes,No,No,No,20.05,No,
53.95,71,No,,0,,Two year,6164-HAQTX,No,Yes,Male,1,3888.65,61+,71,Yes,Yes,No,0,No,Bank transfer (automatic),No,No,Yes,Yes,No phone service,53.95,DSL,
64.7,72,No,,0,,Two year,6166-YIPFO,No,Yes,Male,1,4746.05,61+,72,Yes,Yes,Yes,0,No,Electronic check,Yes,Yes,Yes,Yes,No phone service,64.7,DSL,
74.3,57,No,,0,,Two year,6169-PGNCD,No,Yes,Female,1,4166.35,49-60,57,Yes,Yes,No,0,Yes,Credit card (automatic),No,Yes,Yes,Yes,No,74.3,DSL,
20.5,35,No,,0,,Two year,6169-PPETC,Yes,No,Male,1,759.35,25-36,35,No,No,No,0,Yes,Bank transfer (automatic),Yes,No,No,No,No,20.5,No,
97.95,72,No,,0,,Two year,6176-YJWAS,No,Yes,Male,1,7114.25,61+,72,No,Yes,No,0,Yes,Credit card (automatic),Yes,Yes,Yes,Yes,Yes,97.95,Fiber optic,
55.5,48,No,,0,,Two year,6177-PEVRA,No,No,Female,1,2627.35,37-48,48,No,No,No,0,Yes,Credit card (automatic),No,No,Yes,Yes,No,55.5,DSL,
24.75,72,No,,0,,Two year,6181-AXXYF,Yes,No,Male,1,1859.1,61+,72,No,No,No,0,Yes,Credit card (automatic),Yes,No,No,No,Yes,24.75,No,
99.35,65,No,,0,,Two year,6196-HBOBZ,No,Yes,Male,1,6347.55,61+,65,No,Yes,No,0,Yes,Electronic check,Yes,Yes,Yes,Yes,Yes,99.35,Fiber optic,
26.1,29,No,,0,,Two year,6199-IPCAO,Yes,No,Female,1,692.55,25-36,29,No,No,No,0,Yes,Mailed check,Yes,No,No,No,Yes,26.1,No,
63.9,52,No,,0,,Two year,6203-HBZPA,No,Yes,Male,1,3334.95,49-60,52,Yes,Yes,Yes,0,No,Credit card (automatic),No,No,Yes,Yes,No phone service,63.9,DSL,
99.7,63,No,,0,,Two year,6211-WWLTF,No,Yes,Male,1,6330.4,61+,63,No,Yes,Yes,0,Yes,Credit card (automatic),Yes,No,Yes,No,No,99.7,Fiber optic,
19.6,57,No,,0,,Two year,6217-KDYWC,Yes,No,Male,1,1170.55,49-60,57,No,No,No,0,Yes,Mailed check,No,Yes,No,No,No,19.6,No,
99.9,72,No,,0,,Two year,6234-RAAPL,Yes,No,Female,1,7251.7,61+,72,Yes,Yes,No,0,Yes,Bank transfer (automatic),Yes,No,Yes,Yes,Yes,99.9,Fiber optic,
96.6,66,No,,0,,Two year,6242-FEGFD,No,Yes,Male,1,6424.25,61+,66,Yes,No,No,0,Yes,Mailed check,Yes,No,Yes,Yes,Yes,96.6,Fiber optic,
95.2,69,No,,0,,Two year,6244-BESBM,Yes,No,Male,1,6671.7,61+,69,Yes,Yes,Yes,0,Yes,Credit card (automatic),Yes,Yes,No,No,No,95.2,Fiber optic,
80.6,70,No,,0,,Two year,6248-TKCQV,Yes,No,Female,1,5460.2,61+,70,Yes,Yes,Yes,0,Yes,Bank transfer (automatic),Yes,Yes,Yes,No,Yes,80.6,DSL,
71.1,71,No,,0,,Two year,6253-GNHWH,Yes,Yes,Female,1,5224.95,61+,71,Yes,No,No,0,Yes,Mailed check,Yes,No,Yes,Yes,Yes,71.1,DSL,
104.15,71,No,,0,,Two year,6257-DTAYD,No,No,Male,1,7365.3,61+,71,Yes,Yes,Yes,0,Yes,Credit card (automatic),Yes,Yes,No,Yes,Yes,104.15,Fiber optic,
90.8,68,No,,0,,Two year,6258-PVZWJ,No,Yes,Male,1,6302.85,61+,68,Yes,Yes,Yes,0,Yes,Credit card (automatic),Yes,Yes,Yes,Yes,Yes,90.8,DSL,
20.4,31,No,,0,,Two year,6265-FRMTQ,No,No,Male,1,609.1,25-36,31,No,No,No,0,Yes,Bank transfer (automatic),No,No,No,No,No,20.4,No,
76.9,71,No,,0,,Two year,6283-GITPX,Yes,Yes,Male,1,5522.7,61+,71,Yes,Yes,No,0,Yes,Credit card (automatic),No,Yes,Yes,Yes,No,76.9,DSL,
25.55,72,No,,0,,Two year,6285-FTQBF,Yes,No,Male,1,1867.7,61+,72,No,No,No,0,Yes,Credit card (automatic),Yes,No,No,No,Yes,25.55,No,
69.95,54,No,,0,,Two year,6288-CHQJB,Yes,Yes,Female,1,3871.85,49-60,54,Yes,No,Yes,0,Yes,Bank transfer (automatic),Yes,No,Yes,No,No,69.95,DSL,
24.9,50,No,,0,,Two year,6292-TOSSS,No,No,Male,1,1195.25,49-60,50,No,No,No,0,Yes,Bank transfer (automatic),No,No,No,No,Yes,24.9,No,
109.65,72,No,,0,,Two year,6295-OSINB,No,Yes,Male,1,7880.25,61+,72,No,Yes,Yes,0,Yes,Electronic check,Yes,Yes,Yes,Yes,Yes,109.65,Fiber optic,
110.5,70,No,,0,,Two year,6297-NOOPG,No,Yes,Female,1,7752.05,61+,70,Yes,Yes,Yes,0,Yes,Electronic check,Yes,Yes,No,Yes,Yes,110.5,Fiber optic,
109.25,71,No,,0,,Two year,6308-CQRBU,No,Yes,Female,1,7707.7,61+,71,Yes,Yes,Yes,0,Yes,Electronic check,Yes,No,No,Yes,Yes,109.25,Fiber optic,
94.8,49,No,,0,,Two year,6322-PJJDJ,No,No,Male,1,4690.65,49-60,49,No,Yes,Yes,0,Yes,Electronic check,Yes,Yes,No,Yes,No,94.8,Fiber optic,
78.9,48,No,,0,,Two year,6339-RZCBJ,No,Yes,Male,1,3771.5,37-48,48,Yes,Yes,Yes,0,Yes,Credit card (automatic),No,No,No,Yes,No,78.9,DSL,
86.4,71,No,,0,,Two year,6339-TBELP,No,Yes,Male,1,6172,61+,71,Yes,No,No,0,Yes,Credit card (automatic),No,Yes,No,No,Yes,86.4,Fiber optic,
20.55,50,No,,0,,Two year,6340-DACFT,Yes,No,Female,1,1070.25,49-60,50,No,No,No,0,Yes,Credit card (automatic),Yes,No,No,No,No,20.55,No,
19.9,69,No,,0,,Two year,6345-FZOQH,No,No,Male,1,1363.45,61+,69,No,No,No,0,Yes,Mailed check,Yes,No,No,No,No,19.9,No,
55.45,72,No,,0,,Two year,6348-SNFUS,Yes,Yes,Male,1,4179.2,61+,72,Yes,No,Yes,0,No,Credit card (automatic),Yes,Yes,Yes,Yes,No phone service,55.45,DSL,
19.85,53,No,,0,,Two year,6349-JDHQP,No,No,Female,1,1049.6,49-60,53,No,No,No,0,Yes,Credit card (automatic),No,No,No,No,No,19.85,No,
87.25,71,No,,0,,Two year,6365-HITVU,Yes,Yes,Female,1,6328.7,61+,71,Yes,Yes,Yes,0,Yes,Credit card (automatic),Yes,No,Yes,Yes,No,87.25,DSL,
19.5,4,No,,0,,Two year,6368-TZZDT,Yes,No,Male,1,96.85,0-12,4,No,No,No,0,Yes,Credit card (automatic),Yes,No,No,No,No,19.5,No,
89.05,68,No,,0,,Two year,6369-MCAKO,Yes,Yes,Female,1,6185.8,61+,68,Yes,Yes,Yes,0,Yes,Bank transfer (automatic),Yes,Yes,Yes,Yes,Yes,89.05,DSL,
25.3,61,No,,0,,Two year,6370-ZVHDV,No,No,Female,1,1554.9,61+,61,No,No,No,0,Yes,Bank transfer (automatic),Yes,No,No,No,Yes,25.3,No,
64.25,16,No,,0,,Two year,6371-NZYEG,Yes,Yes,Male,1,1024,13-24,16,No,Yes,No,0,Yes,Mailed check,Yes,No,Yes,No,No,64.25,DSL,
65.65,46,No,,0,,Two year,6374-AFWOX,No,Yes,Male,1,3047.15,37-48,46,Yes,No,No,0,Yes,Mailed check,Yes,No,Yes,Yes,No,65.65,DSL,
104.1,72,No,,0,,Two year,6374-NTQLP,Yes,Yes,Male,1,7447.7,61+,72,Yes,Yes,Yes,1,Yes,Credit card (automatic),Yes,Yes,Yes,No,No,104.1,Fiber optic,
73,72,No,,0,,Two year,6384-VMJHP,No,Yes,Female,1,5265.2,61+,72,Yes,No,Yes,0,Yes,Credit card (automatic),No,Yes,Yes,Yes,No,73,DSL,
24.95,51,No,,0,,Two year,6407-GSJNL,No,No,Female,1,1288,49-60,51,No,No,No,0,Yes,Bank transfer (automatic),No,No,No,No,Yes,24.95,No,
89.4,72,No,,0,,Two year,6408-WHTEF,Yes,Yes,Male,1,6376.55,61+,72,Yes,Yes,Yes,0,Yes,Mailed check,Yes,Yes,Yes,Yes,Yes,89.4,DSL,
83.25,51,No,,0,,Two year,6418-HNFED,No,Yes,Male,1,4089.45,49-60,51,Yes,Yes,Yes,0,Yes,Credit card (automatic),Yes,Yes,Yes,Yes,No,83.25,DSL,
81,62,No,,0,,Two year,6418-PIQSP,No,Yes,Female,1,4985.9,61+,62,Yes,Yes,Yes,0,Yes,Mailed check,Yes,No,Yes,No,No,81,DSL,
19.25,48,No,,0,,Two year,6425-JWTDV,No,No,Male,1,855.1,37-48,48,No,No,No,0,Yes,Mailed check,Yes,No,No,No,No,19.25,No,
78.6,24,No,,0,,Two year,6427-FEFIG,Yes,Yes,Female,1,1846.65,13-24,24,No,Yes,Yes,0,Yes,Credit card (automatic),Yes,No,Yes,No,Yes,78.6,DSL,
53.7,10,No,,0,,Two year,6434-TTGJP,Yes,Yes,Male,1,521,0-12,10,Yes,No,Yes,0,No,Credit card (automatic),Yes,No,Yes,Yes,No phone service,53.7,DSL,
92.7,65,No,,0,,Two year,6435-VWCCY,No,No,Male,1,5968.4,61+,65,No,Yes,No,1,Yes,Credit card (automatic),Yes,Yes,Yes,Yes,Yes,92.7,Fiber optic,
84.1,72,No,,0,,Two year,6437-UDQJM,No,Yes,Female,1,6129.65,61+,72,No,Yes,Yes,1,Yes,Credit card (automatic),Yes,Yes,Yes,Yes,Yes,84.1,DSL,
80.7,70,No,,0,,Two year,6439-PKTRR,Yes,Yes,Female,1,5617.95,61+,70,Yes,Yes,No,0,Yes,Electronic check,Yes,No,Yes,Yes,Yes,80.7,DSL,
114.7,68,No,,0,,Two year,6445-TNRXS,Yes,Yes,Male,1,7849.85,61+,68,Yes,Yes,Yes,0,Yes,Bank transfer (automatic),Yes,Yes,Yes,Yes,Yes,114.7,Fiber optic,
87.95,71,No,,0,,Two year,6461-SZMCV,No,Yes,Female,1,6365.35,61+,71,Yes,Yes,Yes,0,Yes,Bank transfer (automatic),Yes,No,Yes,Yes,Yes,87.95,DSL,
100.5,71,No,,0,,Two year,6463-HHXJR,Yes,Yes,Female,1,7030.65,61+,71,No,Yes,No,0,Yes,Bank transfer (automatic),Yes,No,Yes,Yes,Yes,100.5,Fiber optic,
69.85,57,No,,0,,Two year,6463-MVYRY,No,Yes,Female,1,4003,49-60,57,Yes,Yes,No,1,Yes,Bank transfer (automatic),No,No,Yes,No,No,69.85,DSL,
19.45,36,No,,0,,Two year,6479-SZPLM,Yes,No,Male,1,754.5,25-36,36,No,No,No,0,Yes,Credit card (automatic),Yes,No,No,No,No,19.45,No,
85.3,72,No,,0,,Two year,6479-VDGRK,Yes,Yes,Female,1,6129.2,61+,72,Yes,Yes,Yes,0,Yes,Bank transfer (automatic),Yes,No,Yes,Yes,No,85.3,DSL,
24.55,68,No,,0,,Two year,6484-LATFU,No,No,Male,1,1657.4,61+,68,No,No,No,0,Yes,Mailed check,No,No,No,No,Yes,24.55,No,
26,62,No,,0,,Two year,6485-QXWWE,Yes,No,Female,1,1638.7,61+,62,No,No,No,0,Yes,Bank transfer (automatic),No,No,No,No,Yes,26,No,
58.6,55,No,,0,,Two year,6504-VBLFL,No,Yes,Male,1,3068.6,49-60,55,No,No,No,0,Yes,Electronic check,Yes,No,Yes,Yes,No,58.6,DSL,
63.4,6,No,,0,,Two year,6505-OZNPG,No,Yes,Female,1,348.8,0-12,6,Yes,Yes,Yes,0,No,Mailed check,No,Yes,Yes,Yes,No phone service,63.4,DSL,
81,38,No,,0,,Two year,6516-NKQBO,Yes,Yes,Male,1,3084.9,37-48,38,Yes,Yes,Yes,0,Yes,Credit card (automatic),Yes,No,Yes,No,No,81,DSL,
25.25,22,No,,0,,Two year,6518-KZXCB,No,No,Male,1,566.5,13-24,22,No,No,No,0,Yes,Mailed check,No,No,No,No,Yes,25.25,No,
19.4,53,No,,0,,Two year,6518-PPLMZ,Yes,No,Male,1,1110.35,49-60,53,No,No,No,0,Yes,Mailed check,Yes,Yes,No,No,No,19.4,No,
108.3,72,No,,0,,Two year,6519-ZHPXP,Yes,Yes,Female,1,7679.65,61+,72,Yes,Yes,Yes,0,Yes,Bank transfer (automatic),Yes,Yes,Yes,Yes,No,108.3,Fiber optic,
54.95,69,No,,0,,Two year,6522-OIQSX,Yes,Yes,Female,1,3772.5,61+,69,No,Yes,Yes,0,No,Credit card (automatic),Yes,Yes,No,Yes,No phone service,54.95,DSL,
60.8,60,No,,0,,Two year,6549-BTYPG,No,Yes,Female,1,3603.45,49-60,60,Yes,Yes,Yes,0,No,Credit card (automatic),Yes,No,No,Yes,No phone service,60.8,DSL,
20.05,34,No,,0,,Two year,6551-VLJMV,No,No,Male,1,679,25-36,34,No,No,No,0,Yes,Credit card (automatic),Yes,No,No,No,No,20.05,No,
76.05,71,No,,0,,Two year,6556-DBKZF,Yes,Yes,Female,1,5436.45,61+,71,No,No,No,0,Yes,Electronic check,Yes,No,No,No,No,76.05,Fiber optic,
95.2,45,No,,0,,Two year,6568-POCUI,No,No,Female,1,4285.8,37-48,45,Yes,Yes,Yes,0,Yes,Credit card (automatic),Yes,Yes,No,No,No,95.2,Fiber optic,
19.55,51,No,,0,,Two year,6582-PLFUU,Yes,No,Male,1,1086.75,49-60,51,No,No,No,0,Yes,Credit card (automatic),Yes,No,No,No,No,19.55,No,
108.1,48,No,,0,,Two year,6583-SZVGP,No,Yes,Male,1,5067.45,37-48,48,No,Yes,Yes,0,Yes,Bank transfer (automatic),No,Yes,No,Yes,Yes,108.1,Fiber optic,
20.35,72,No,,0,,Two year,6585-WCEWR,Yes,No,Male,1,1354.4,61+,72,No,No,No,0,Yes,Electronic check,Yes,No,No,No,No,20.35,No,
76.95,70,No,,0,,Two year,6586-MYGKD,No,No,Male,1,5289.8,61+,70,Yes,Yes,Yes,0,Yes,Credit card (automatic),Yes,Yes,Yes,No,Yes,76.95,DSL,
104.4,46,No,,0,,Two year,6603-QWSPR,No,Yes,Female,1,4904.2,37-48,46,Yes,Yes,Yes,0,Yes,Bank transfer (automatic),No,Yes,No,Yes,No,104.4,Fiber optic,
61.05,33,No,,0,,Two year,6603-YRDCJ,No,No,Male,1,2018.4,25-36,33,Yes,No,No,0,Yes,Mailed check,Yes,Yes,Yes,Yes,No,61.05,DSL,
25.1,30,No,,0,,Two year,6609-MXJHJ,Yes,No,Female,1,789.55,25-36,30,No,No,No,0,Yes,Mailed check,Yes,Yes,No,No,Yes,25.1,No,
109.2,72,No,,0,,Two year,6614-FHDBO,No,Yes,Male,1,7878.3,61+,72,Yes,Yes,Yes,0,Yes,Bank transfer (automatic),No,No,No,Yes,Yes,109.2,Fiber optic,
58.65,71,No,,0,,Two year,6614-YOLAC,Yes,No,Female,1,4145.25,61+,71,Yes,Yes,Yes,0,No,Mailed check,Yes,No,Yes,Yes,No phone service,58.65,DSL,
25,61,No,,0,,Two year,6614-YWYSC,No,No,Male,1,1501.75,61+,61,No,No,No,1,Yes,Bank transfer (automatic),Yes,No,No,No,Yes,25,No,
104.3,65,No,,0,,Two year,6616-AALSR,Yes,Yes,Female,1,6725.3,61+,65,No,Yes,Yes,0,Yes,Credit card (automatic),Yes,Yes,Yes,No,Yes,104.3,Fiber optic,
20.85,45,No,,0,,Two year,6619-RPLQZ,Yes,No,Female,1,892.15,37-48,45,No,No,No,0,Yes,Mailed check,Yes,No,No,No,No,20.85,No,
20,63,No,,0,,Two year,6621-NRZAK,Yes,No,Female,1,1209.25,61+,63,No,No,No,0,Yes,Credit card (automatic),Yes,No,No,No,No,20,No,
20.75,58,No,,0,,Two year,6625-FLENO,No,No,Male,1,1185.95,49-60,58,No,No,No,0,Yes,Mailed check,Yes,No,No,No,No,20.75,No,
65.55,67,No,,0,,Two year,6625-IUTTT,No,Yes,Male,1,4361.55,61+,67,No,No,Yes,0,Yes,Bank transfer (automatic),No,No,Yes,No,No,65.55,DSL,
85.45,72,No,,0,,Two year,6631-HMANX,No,Yes,Male,1,6227.5,61+,72,Yes,Yes,Yes,0,Yes,Credit card (automatic),Yes,Yes,No,Yes,Yes,85.45,DSL,
117.15,72,No,,0,,Two year,6650-BWFRT,No,Yes,Female,1,8529.5,61+,72,Yes,Yes,Yes,0,Yes,Credit card (automatic),Yes,Yes,Yes,Yes,Yes,117.15,Fiber optic,
26.3,67,No,,0,,Two year,6651-RLGGM,Yes,No,Male,1,1688.9,61+,67,No,No,No,0,Yes,Mailed check,Yes,No,No,No,Yes,26.3,No,
83.55,72,No,,0,,Two year,6656-GULJQ,Yes,Yes,Male,1,6093.3,61+,72,Yes,Yes,Yes,0,Yes,Credit card (automatic),Yes,Yes,Yes,No,Yes,83.55,DSL,
79.2,69,No,,0,,Two year,6670-MFRPK,Yes,Yes,Male,1,5420.65,61+,69,No,No,No,0,Yes,Credit card (automatic),Yes,Yes,No,No,Yes,79.2,Fiber optic,
59.5,56,No,,0,,Two year,6681-ZSEXG,No,Yes,Male,1,3389.25,49-60,56,No,No,No,0,Yes,Credit card (automatic),Yes,No,No,Yes,Yes,59.5,DSL,
20.95,60,No,,0,,Two year,6685-XSHHU,Yes,No,Male,1,1270.55,49-60,60,No,No,No,0,Yes,Bank transfer (automatic),Yes,Yes,No,No,No,20.95,No,
84.95,62,No,,0,,Two year,6691-CCIHA,No,No,Female,1,5150.55,61+,62,Yes,Yes,Yes,0,Yes,Electronic check,Yes,Yes,Yes,Yes,Yes,84.95,DSL,
86.45,70,No,,0,,Two year,6695-AMZUF,No,Yes,Female,1,5950.2,61+,70,Yes,Yes,Yes,0,Yes,Credit card (automatic),Yes,No,Yes,Yes,No,86.45,DSL,
60.4,67,No,,0,,Two year,6695-FRVEC,Yes,Yes,Male,1,3953.7,61+,67,Yes,No,No,0,Yes,Bank transfer (automatic),Yes,Yes,Yes,No,No,60.4,DSL,
20.5,16,No,,0,,Two year,6696-YDAYZ,Yes,No,Male,1,290.55,13-24,16,No,No,No,0,Yes,Mailed check,Yes,No,No,No,No,20.5,No,
20.4,11,No,,0,,Two year,6698-OXETB,No,No,Male,1,231.45,0-12,11,No,No,No,0,Yes,Mailed check,No,No,No,No,No,20.4,No,
51.35,61,No,,0,,Two year,6701-DHKWQ,Yes,Yes,Female,1,3244.4,61+,61,Yes,Yes,No,0,No,Credit card (automatic),Yes,No,No,Yes,No phone service,51.35,DSL,
88.7,72,No,,0,,Two year,6701-YVNQG,No,Yes,Male,1,6301.7,61+,72,Yes,Yes,Yes,0,Yes,Credit card (automatic),Yes,Yes,Yes,Yes,Yes,88.7,DSL,
97,72,No,,0,,Two year,6719-FGEDO,No,Yes,Female,1,7104.2,61+,72,Yes,No,No,0,Yes,Bank transfer (automatic),Yes,Yes,Yes,Yes,Yes,97,Fiber optic,
45.25,65,No,,0,,Two year,6723-CEGQI,Yes,No,Female,1,2933.95,61+,65,Yes,Yes,No,0,No,Mailed check,No,No,No,Yes,No phone service,45.25,DSL,
20.05,44,No,,0,,Two year,6725-TPKJO,No,No,Male,1,845.25,37-48,44,No,No,No,0,Yes,Mailed check,No,No,No,No,No,20.05,No,
89.45,71,No,,0,,Two year,6726-NNFWD,No,Yes,Female,1,6435.25,61+,71,No,No,Yes,1,Yes,Credit card (automatic),Yes,No,No,Yes,No,89.45,Fiber optic,
81.95,14,No,,0,,Two year,6727-IOTLZ,No,Yes,Male,1,1181.75,13-24,14,Yes,Yes,Yes,0,Yes,Mailed check,Yes,No,No,Yes,No,81.95,DSL,
85.95,70,No,,0,,Two year,6732-VAILE,Yes,Yes,Male,1,5931.75,61+,70,Yes,Yes,Yes,0,Yes,Credit card (automatic),Yes,Yes,No,Yes,Yes,85.95,DSL,
108.95,35,No,,0,,Two year,6733-LRIZX,No,Yes,Male,1,4025.5,25-36,35,Yes,Yes,Yes,0,Yes,Electronic check,No,Yes,Yes,No,Yes,108.95,Fiber optic,
105.05,67,No,,0,,Two year,6734-FQAJX,No,No,Male,1,7171.7,61+,67,Yes,Yes,Yes,1,Yes,Electronic check,No,Yes,Yes,Yes,No,105.05,Fiber optic,
19.85,65,No,,0,,Two year,6734-JDTTV,Yes,No,Male,1,1267.05,61+,65,No,No,No,0,Yes,Credit card (automatic),Yes,Yes,No,No,No,19.85,No,
23.55,72,No,,0,,Two year,6734-PSBAW,No,No,Male,1,1723.95,61+,72,No,No,No,0,Yes,Bank transfer (automatic),Yes,Yes,No,No,Yes,23.55,No,
80.3,63,No,,0,,Two year,6741-QRLUP,No,Yes,Female,1,4995.35,61+,63,Yes,No,Yes,0,Yes,Credit card (automatic),No,Yes,Yes,Yes,Yes,80.3,DSL,
103.65,72,No,,0,,Two year,6749-UTDVX,No,Yes,Male,1,7634.8,61+,72,No,Yes,Yes,0,Yes,Electronic check,No,Yes,No,Yes,Yes,103.65,Fiber optic,
80.9,61,No,,0,,Two year,6754-LZUKA,No,Yes,Male,1,4932.5,61+,61,No,Yes,Yes,0,Yes,Bank transfer (automatic),Yes,No,No,Yes,Yes,80.9,DSL,
19.4,46,No,,0,,Two year,6762-NSODU,Yes,No,Female,1,958.15,37-48,46,No,No,No,0,Yes,Credit card (automatic),Yes,No,No,No,No,19.4,No,
59.75,58,No,,0,,Two year,6762-QVYJO,Yes,Yes,Female,1,3624.35,49-60,58,Yes,Yes,Yes,0,No,Mailed check,Yes,No,Yes,No,No phone service,59.75,DSL,
103.2,56,No,,0,,Two year,6766-HFKLA,No,Yes,Female,1,5744.35,49-60,56,Yes,Yes,Yes,0,Yes,Bank transfer (automatic),Yes,No,No,No,Yes,103.2,Fiber optic,
25.25,49,No,,0,,Two year,6770-UAYGJ,Yes,No,Female,1,1211.65,49-60,49,No,No,No,0,Yes,Mailed check,Yes,No,No,No,Yes,25.25,No,
24.65,45,No,,0,,Two year,6813-GZQCG,Yes,No,Female,1,1171.3,37-48,45,No,No,No,0,Yes,Credit card (automatic),Yes,Yes,No,No,Yes,24.65,No,
21.05,12,No,,0,,Two year,6828-HMKWP,Yes,No,Male,1,262.05,0-12,12,No,No,No,0,Yes,Bank transfer (automatic),Yes,No,No,No,No,21.05,No,
105,69,No,,0,,Two year,6837-HAEVO,Yes,Yes,Male,1,7297.75,61+,69,No,Yes,Yes,0,Yes,Electronic check,Yes,Yes,No,Yes,Yes,105,Fiber optic,
95.1,54,No,,0,,Two year,6838-YAUVY,No,Yes,Female,1,5064.85,49-60,54,Yes,No,Yes,0,Yes,Bank transfer (automatic),No,Yes,No,No,Yes,95.1,Fiber optic,
19.45,64,No,,0,,Two year,6848-HJTXY,No,No,Female,1,1208.6,61+,64,No,No,No,0,Yes,Credit card (automatic),Yes,No,No,No,No,19.45,No,
20.55,72,No,,0,,Two year,6855-VLGOS,Yes,No,Male,1,1432.55,61+,72,No,No,No,0,Yes,Electronic check,Yes,No,No,No,No,20.55,No,
24.65,67,No,,0,,Two year,6857-TKDJV,Yes,No,Male,1,1620.45,61+,67,No,No,No,0,Yes,Bank transfer (automatic),Yes,No,No,No,Yes,24.65,No,
113.1,72,No,,0,,Two year,6859-QNXIQ,Yes,Yes,Female,1,8248.5,61+,72,Yes,Yes,Yes,0,Yes,Bank transfer (automatic),Yes,Yes,Yes,Yes,Yes,113.1,Fiber optic,
52.5,24,No,,0,,Two year,6867-ACCZI,Yes,Yes,Female,1,1208.15,13-24,24,Yes,No,Yes,0,No,Mailed check,Yes,Yes,Yes,Yes,No phone service,52.5,DSL,
76.1,70,No,,0,,Two year,6870-ZWMNX,No,Yes,Male,1,5264.25,61+,70,Yes,Yes,No,0,Yes,Credit card (automatic),Yes,No,No,Yes,Yes,76.1,DSL,
85.75,71,No,,0,,Two year,6885-PKOAM,No,Yes,Female,1,6223.8,61+,71,Yes,Yes,Yes,0,Yes,Credit card (automatic),Yes,No,Yes,Yes,Yes,85.75,DSL,
20.9,71,No,,0,,Two year,6892-BOGQE,No,No,Female,1,1493.2,61+,71,No,No,No,0,Yes,Bank transfer (automatic),Yes,Yes,No,No,No,20.9,No,
68.05,61,No,,0,,Two year,6897-RWMUB,Yes,Yes,Male,1,4158.25,61+,61,Yes,No,No,0,Yes,Bank transfer (automatic),Yes,Yes,Yes,Yes,No,68.05,DSL,
79.3,49,No,,0,,Two year,6898-RBTLU,Yes,No,Female,1,3902.45,49-60,49,Yes,Yes,Yes,0,Yes,Bank transfer (automatic),Yes,No,No,Yes,Yes,79.3,DSL,
89.45,52,No,,0,,Two year,6900-RBKER,No,Yes,Male,1,4577.75,49-60,52,No,No,Yes,0,Yes,Credit card (automatic),No,Yes,No,No,Yes,89.45,Fiber optic,
84.95,60,No,,0,,Two year,6901-GOGZG,Yes,Yes,Male,1,4984.85,49-60,60,Yes,Yes,Yes,0,Yes,Electronic check,No,Yes,Yes,No,Yes,84.95,DSL,
117.35,72,No,,0,,Two year,6904-JLBGY,No,Yes,Female,1,8436.25,61+,72,Yes,Yes,Yes,1,Yes,Credit card (automatic),No,Yes,Yes,Yes,Yes,117.35,Fiber optic,
84.85,65,No,,0,,Two year,6916-HIJSE,No,Yes,Female,1,5459.2,61+,65,Yes,Yes,Yes,0,Yes,Bank transfer (automatic),No,Yes,Yes,Yes,No,84.85,DSL,
26,72,No,,0,,Two year,6917-FIJHC,No,No,Female,1,1776,61+,72,No,No,No,0,Yes,Mailed check,Yes,Yes,No,No,Yes,26,No,
114.95,72,No,,0,,Two year,6919-ELBGL,Yes,Yes,Male,1,8196.4,61+,72,Yes,Yes,Yes,1,Yes,Bank transfer (automatic),Yes,Yes,Yes,Yes,Yes,114.95,Fiber optic,
20.9,23,No,,0,,Two year,6923-AQONU,Yes,No,Male,1,454,13-24,23,No,No,No,0,Yes,Mailed check,Yes,No,No,No,No,20.9,No,
25.1,53,No,,0,,Two year,6925-BAYGL,No,No,Female,1,1275.6,49-60,53,No,No,No,1,Yes,Credit card (automatic),Yes,No,No,No,Yes,25.1,No,
19.7,72,No,,0,,Two year,6928-ONTRW,Yes,No,Female,1,1379.8,61+,72,No,No,No,0,Yes,Credit card (automatic),Yes,No,No,No,No,19.7,No,
79.95,54,No,,0,,Two year,6950-TWMYB,Yes,No,Male,1,4362.05,49-60,54,Yes,No,No,0,Yes,Bank transfer (automatic),Yes,Yes,No,Yes,No,79.95,Fiber optic,
72.95,70,No,,0,,Two year,6953-PBDIN,No,Yes,Male,1,5265.55,61+,70,Yes,Yes,No,0,Yes,Bank transfer (automatic),Yes,No,No,Yes,Yes,72.95,DSL,
20.45,47,No,,0,,Two year,6961-MJKBO,No,No,Male,1,943,37-48,47,No,No,No,0,Yes,Bank transfer (automatic),No,No,No,No,No,20.45,No,
88.55,70,No,,0,,Two year,6963-EZQEE,No,Yes,Male,1,6306.5,61+,70,Yes,Yes,Yes,1,Yes,Credit card (automatic),Yes,Yes,Yes,Yes,Yes,88.55,DSL,
24.05,70,No,,0,,Two year,6963-KQYQB,Yes,No,Female,1,1764.75,61+,70,No,No,No,0,Yes,Mailed check,Yes,No,No,No,Yes,24.05,No,
25.2,72,No,,0,,Two year,6976-BWGLQ,Yes,No,Female,1,1787.35,61+,72,No,No,No,0,Yes,Bank transfer (automatic),Yes,No,No,No,Yes,25.2,No,
20.2,69,No,,0,,Two year,6980-IMXXE,Yes,No,Female,1,1412.65,61+,69,No,No,No,0,Yes,Bank transfer (automatic),Yes,No,No,No,No,20.2,No,
110.6,60,No,,0,,Two year,6993-YCOBK,Yes,Yes,Male,1,6586.85,49-60,60,Yes,Yes,Yes,0,Yes,Electronic check,Yes,Yes,Yes,No,Yes,110.6,Fiber optic,
112.55,69,No,,0,,Two year,6993-YGFJV,No,Yes,Male,1,7806.5,61+,69,Yes,Yes,Yes,0,Yes,Bank transfer (automatic),Yes,Yes,Yes,Yes,Yes,112.55,Fiber optic,
85.45,71,No,,0,,Two year,6997-UVGOX,Yes,Yes,Male,1,6029.9,61+,71,Yes,Yes,Yes,0,Yes,Bank transfer (automatic),Yes,No,Yes,Yes,No,85.45,DSL,
102.1,68,No,,0,,Two year,6999-CHVCF,No,Yes,Male,1,7149.35,61+,68,No,No,Yes,0,Yes,Bank transfer (automatic),No,Yes,Yes,Yes,Yes,102.1,Fiber optic,
99.4,71,No,,0,,Two year,7005-CYUIL,No,Yes,Female,1,7168.25,61+,71,Yes,Yes,No,1,Yes,Electronic check,Yes,Yes,Yes,Yes,No,99.4,Fiber optic,
25.3,66,No,,0,,Two year,7008-LZVOZ,Yes,No,Male,1,1672.35,61+,66,No,No,No,0,Yes,Credit card (automatic),Yes,Yes,No,No,Yes,25.3,No,
24.1,72,No,,0,,Two year,7010-BRBUU,Yes,No,Male,1,1734.65,61+,72,No,No,No,0,Yes,Credit card (automatic),Yes,No,No,No,Yes,24.1,No,
24.25,71,No,,0,,Two year,7014-ZZXAW,No,No,Female,1,1732.95,61+,71,No,No,No,0,Yes,Credit card (automatic),Yes,Yes,No,No,Yes,24.25,No,
115.1,61,No,,0,,Two year,7017-VFHAY,Yes,Yes,Female,1,7008.15,61+,61,Yes,Yes,Yes,0,Yes,Credit card (automatic),Yes,No,Yes,Yes,Yes,115.1,Fiber optic,
59.8,56,No,,0,,Two year,7018-FPXHH,Yes,Yes,Male,1,3457.45,49-60,56,No,No,No,0,Yes,Bank transfer (automatic),Yes,Yes,Yes,Yes,No,59.8,DSL,
49.65,7,No,,0,,Two year,7021-XSNYE,Yes,Yes,Male,1,305.55,0-12,7,Yes,No,Yes,0,No,Credit card (automatic),Yes,No,Yes,No,No phone service,49.65,DSL,
59.6,47,No,,0,,Two year,7025-WCBNE,No,No,Male,1,2754,37-48,47,Yes,No,No,1,Yes,Bank transfer (automatic),No,No,No,Yes,Yes,59.6,DSL,
110.9,72,No,,0,,Two year,7030-FZTFM,Yes,Yes,Male,1,7922.75,61+,72,Yes,Yes,Yes,0,Yes,Credit card (automatic),Yes,No,No,Yes,Yes,110.9,Fiber optic,
20.2,48,No,,0,,Two year,7033-CLAMM,Yes,No,Female,1,1027.25,37-48,48,No,No,No,0,Yes,Bank transfer (automatic),Yes,No,No,No,No,20.2,No,
104,69,No,,0,,Two year,7036-TYDEC,No,Yes,Female,1,7028.5,61+,69,Yes,Yes,Yes,0,Yes,Electronic check,No,No,No,No,Yes,104,Fiber optic,
85.4,38,No,,0,,Two year,7037-MTYVW,Yes,Yes,Male,1,3297,37-48,38,Yes,Yes,Yes,0,Yes,Bank transfer (automatic),Yes,Yes,Yes,No,Yes,85.4,DSL,
65.3,54,No,,0,,Two year,7054-DMVAS,No,No,Male,1,3512.9,49-60,54,No,Yes,No,0,Yes,Bank transfer (automatic),No,Yes,Yes,Yes,No,65.3,DSL,
111.95,70,No,,0,,Two year,7055-JCGNI,No,Yes,Female,1,7795.95,61+,70,Yes,Yes,Yes,0,Yes,Credit card (automatic),No,Yes,Yes,Yes,Yes,111.95,Fiber optic,
20.05,62,No,,0,,Two year,7064-JHXCE,Yes,No,Male,1,1263.9,61+,62,No,No,No,0,Yes,Credit card (automatic),Yes,No,No,No,No,20.05,No,
20.25,72,No,,0,,Two year,7083-MIOPC,No,No,Female,1,1566.9,61+,72,No,No,No,0,Yes,Credit card (automatic),No,No,No,No,No,20.25,No,
26.45,72,No,,0,,Two year,7096-ZNBZI,No,No,Female,1,1914.5,61+,72,No,No,No,0,Yes,Credit card (automatic),Yes,No,No,No,Yes,26.45,No,
83.7,72,No,,0,,Two year,7101-HRBLJ,Yes,Yes,Female,1,6096.9,61+,72,Yes,Yes,Yes,0,Yes,Bank transfer (automatic),Yes,Yes,Yes,Yes,No,83.7,DSL,
89.25,52,No,,0,,Two year,7109-CQYUZ,No,Yes,Male,1,4652.4,49-60,52,Yes,Yes,Yes,0,Yes,Mailed check,No,Yes,Yes,Yes,Yes,89.25,DSL,
47.05,71,No,,0,,Two year,7110-BDTWG,No,Yes,Female,1,3263.6,61+,71,Yes,No,Yes,0,No,Electronic check,Yes,Yes,No,No,No phone service,47.05,DSL,
65.85,66,No,,0,,Two year,7113-HIPFI,Yes,Yes,Male,1,4097.05,61+,66,Yes,No,No,0,Yes,Mailed check,Yes,No,Yes,Yes,No,65.85,DSL,
19.85,60,No,,0,,Two year,7114-AEOZE,No,No,Female,1,1128.1,49-60,60,No,No,No,0,Yes,Bank transfer (automatic),No,No,No,No,No,19.85,No,
24.65,72,No,,0,,Two year,7115-IRDHS,No,No,Female,1,1830.05,61+,72,No,No,No,0,Yes,Bank transfer (automatic),Yes,No,No,No,Yes,24.65,No,
59.85,60,No,,0,,Two year,7131-ZQZNK,Yes,Yes,Female,1,3590.2,49-60,60,Yes,Yes,Yes,0,No,Credit card (automatic),Yes,No,Yes,No,No phone service,59.85,DSL,
108.1,72,No,,0,,Two year,7134-HBPBS,No,Yes,Female,1,7774.05,61+,72,Yes,Yes,Yes,1,Yes,Bank transfer (automatic),No,Yes,No,Yes,Yes,108.1,Fiber optic,
69.5,50,No,,0,,Two year,7138-GIRSH,No,Yes,Male,1,3418.2,49-60,50,Yes,No,Yes,0,Yes,Bank transfer (automatic),No,No,No,No,Yes,69.5,DSL,
60.5,60,No,,0,,Two year,7139-JZFVG,Yes,Yes,Male,1,3694.45,49-60,60,No,No,No,0,Yes,Bank transfer (automatic),Yes,No,Yes,Yes,No,60.5,DSL,
19.75,61,No,,0,,Two year,7157-SMCFK,Yes,No,Male,1,1124.2,61+,61,No,No,No,0,Yes,Mailed check,No,No,No,No,No,19.75,No,
93.15,67,No,,0,,Two year,7159-NOKYQ,No,Yes,Male,1,6368.2,61+,67,No,No,Yes,0,Yes,Electronic check,Yes,Yes,No,Yes,Yes,93.15,Fiber optic,
23.85,71,No,,0,,Two year,7161-DFHUF,No,No,Female,1,1672.1,61+,71,No,No,No,0,Yes,Mailed check,Yes,No,No,No,Yes,23.85,No,
71.6,58,No,,0,,Two year,7162-WPHPM,Yes,Yes,Male,1,4230.25,49-60,58,Yes,No,No,0,Yes,Credit card (automatic),Yes,No,Yes,Yes,Yes,71.6,DSL,
89.55,57,No,,0,,Two year,7164-BPTUT,Yes,Yes,Male,1,5012.35,49-60,57,Yes,Yes,Yes,0,Yes,Mailed check,No,No,Yes,Yes,Yes,89.55,DSL,
19.8,67,No,,0,,Two year,7167-PCEYD,No,No,Male,1,1311.3,61+,67,No,No,No,0,Yes,Mailed check,No,Yes,No,No,No,19.8,No,
68.4,72,No,,0,,Two year,7169-YWAMK,Yes,No,Male,1,4855.35,61+,72,Yes,Yes,No,0,Yes,Bank transfer (automatic),Yes,No,Yes,Yes,No,68.4,DSL,
78.5,72,No,,0,,Two year,7173-TETGO,No,No,Female,1,5602.25,61+,72,No,No,No,1,Yes,Bank transfer (automatic),Yes,No,Yes,No,Yes,78.5,Fiber optic,
114.95,70,No,,0,,Two year,7176-WRTNX,No,Yes,Male,1,7711.25,61+,70,Yes,Yes,Yes,0,Yes,Bank transfer (automatic),No,Yes,Yes,Yes,Yes,114.95,Fiber optic,
101.15,62,No,,0,,Two year,7182-OVLBJ,Yes,No,Female,1,6638.35,61+,62,No,Yes,Yes,0,Yes,Bank transfer (automatic),Yes,Yes,Yes,No,Yes,101.15,Fiber optic,
54.3,44,No,,0,,Two year,7191-ADRGF,No,Yes,Male,1,2390.45,37-48,44,No,Yes,Yes,0,No,Bank transfer (automatic),Yes,No,No,Yes,No phone service,54.3,DSL,
19.55,6,No,,0,,Two year,7196-LIWRH,No,No,Female,1,124.45,0-12,6,No,No,No,0,Yes,Mailed check,No,No,No,No,No,19.55,No,
69.2,67,No,,0,,Two year,7197-VOJMM,No,No,Male,1,4671.65,61+,67,Yes,No,Yes,0,Yes,Credit card (automatic),Yes,Yes,Yes,Yes,No,69.2,DSL,
20.6,40,No,,0,,Two year,7205-BAIAD,No,No,Female,1,827.3,37-48,40,No,No,No,0,Yes,Bank transfer (automatic),No,Yes,No,No,No,20.6,No,
104.3,70,No,,0,,Two year,7208-PSIHR,No,Yes,Female,1,7188.5,61+,70,Yes,Yes,Yes,0,Yes,Bank transfer (automatic),Yes,Yes,No,No,Yes,104.3,Fiber optic,
25.75,68,No,,0,,Two year,7225-IILWY,Yes,No,Male,1,1686.15,61+,68,No,No,No,0,Yes,Mailed check,Yes,No,No,No,Yes,25.75,No,
84,66,No,,0,,Two year,7233-PAHHL,Yes,Yes,Male,1,5714.25,61+,66,Yes,Yes,Yes,0,Yes,Mailed check,Yes,Yes,Yes,No,Yes,84,DSL,
19.55,44,No,,0,,Two year,7242-EDTYC,Yes,No,Male,1,819.95,37-48,44,No,No,No,0,Yes,Bank transfer (automatic),No,No,No,No,No,19.55,No,
112.25,72,No,,0,,Two year,7255-SSFBC,Yes,Yes,Male,1,8041.65,61+,72,Yes,Yes,Yes,0,Yes,Bank transfer (automatic),Yes,Yes,No,Yes,Yes,112.25,Fiber optic,
20.1,25,No,,0,,Two year,7267-FRMJW,Yes,No,Female,1,486.05,25-36,25,No,No,No,0,Yes,Mailed check,Yes,No,No,No,No,20.1,No,
20.45,62,No,,0,,Two year,7268-WNTCP,Yes,No,Male,1,1297.35,61+,62,No,No,No,0,Yes,Bank transfer (automatic),Yes,No,No,No,No,20.45,No,
43.7,62,No,,0,,Two year,7274-CGTOD,No,Yes,Male,1,2618.3,61+,62,Yes,No,No,0,No,Bank transfer (automatic),No,Yes,Yes,Yes,No phone service,43.7,DSL,
20,13,No,,0,,Two year,7277-KAMWT,No,No,Male,1,268.45,13-24,13,No,No,No,0,Yes,Credit card (automatic),No,No,No,No,No,20,No,
53.3,45,No,,0,,Two year,7284-ZZLOH,No,Yes,Male,1,2296.25,37-48,45,No,No,No,0,Yes,Credit card (automatic),Yes,No,Yes,No,No,53.3,DSL,
19.25,60,No,,0,,Two year,7293-LSCDV,Yes,No,Female,1,1103.25,49-60,60,No,No,No,0,Yes,Credit card (automatic),Yes,Yes,No,No,No,19.25,No,
86.6,72,No,,0,,Two year,7301-ABVAD,No,Yes,Female,1,6350.5,61+,72,Yes,Yes,Yes,0,Yes,Bank transfer (automatic),No,No,No,Yes,Yes,86.6,DSL,
59.75,69,No,,0,,Two year,7306-YDSOI,Yes,Yes,Male,1,4069.9,61+,69,No,No,No,0,Yes,Bank transfer (automatic),Yes,Yes,Yes,Yes,No,59.75,DSL,
20.5,32,No,,0,,Two year,7321-KKSDU,Yes,No,Male,1,696.8,25-36,32,No,No,No,0,Yes,Mailed check,No,No,No,No,No,20.5,No,
40.55,13,No,,0,,Two year,7321-ZNSLA,Yes,No,Male,1,590.35,13-24,13,Yes,No,No,0,No,Mailed check,Yes,No,Yes,Yes,No phone service,40.55,DSL,
93.05,72,No,,0,,Two year,7322-OCWHC,No,Yes,Male,1,6735.05,61+,72,Yes,No,No,1,Yes,Bank transfer (automatic),Yes,Yes,Yes,Yes,Yes,93.05,Fiber optic,
19.5,59,No,,0,,Two year,7328-ZJAJO,Yes,No,Female,1,1222.65,49-60,59,No,No,No,0,Yes,Credit card (automatic),Yes,No,No,No,No,19.5,No,
19.5,8,No,,0,,Two year,7337-CINUD,Yes,No,Female,1,159.35,0-12,8,No,No,No,0,Yes,Bank transfer (automatic),Yes,No,No,No,No,19.5,No,
34.2,51,No,,0,,Two year,7340-KEFQE,Yes,No,Female,1,1782,49-60,51,Yes,No,No,0,No,Bank transfer (automatic),Yes,No,Yes,No,No phone service,34.2,DSL,
65.6,37,No,,0,,Two year,7349-ALMUX,No,Yes,Male,1,2313.8,37-48,37,Yes,No,No,0,Yes,Bank transfer (automatic),No,No,Yes,Yes,No,65.6,DSL,
114.45,72,No,,0,,Two year,7359-WWYJV,No,Yes,Male,1,8375.05,61+,72,Yes,Yes,Yes,0,Yes,Credit card (automatic),Yes,No,Yes,Yes,Yes,114.45,Fiber optic,
95.5,71,No,,0,,Two year,7375-WMVMT,No,Yes,Male,1,6707.15,61+,71,Yes,No,Yes,1,Yes,Credit card (automatic),Yes,Yes,No,Yes,No,95.5,Fiber optic,
90.55,71,No,,0,,Two year,7398-HPYZQ,No,Yes,Male,1,6404,61+,71,Yes,Yes,Yes,0,Yes,Bank transfer (automatic),Yes,No,Yes,Yes,Yes,90.55,DSL,
66.75,72,No,,0,,Two year,7399-QHBJS,Yes,No,Female,1,4760.3,61+,72,Yes,No,No,0,Yes,Credit card (automatic),Yes,No,Yes,Yes,Yes,66.75,DSL,
91.3,54,No,,0,,Two year,7401-JIXNM,Yes,Yes,Female,1,4965,49-60,54,Yes,Yes,Yes,0,Yes,Credit card (automatic),Yes,No,Yes,Yes,Yes,91.3,DSL,
89.8,72,No,,0,,Two year,7408-OFWXJ,Yes,Yes,Female,1,6510.45,61+,72,Yes,Yes,Yes,0,Yes,Credit card (automatic),Yes,No,Yes,Yes,Yes,89.8,DSL,
19.6,57,No,,0,,Two year,7416-CKTEP,No,No,Female,1,1134.25,49-60,57,No,No,No,0,Yes,Bank transfer (automatic),Yes,Yes,No,No,No,19.6,No,
19.65,54,No,,0,,Two year,7427-AUFPY,No,No,Male,1,1008.7,49-60,54,No,No,No,0,Yes,Credit card (automatic),No,No,No,No,No,19.65,No,
109.75,45,No,,0,,Two year,7446-KQISO,Yes,Yes,Male,1,4900.65,37-48,45,Yes,Yes,Yes,0,Yes,Bank transfer (automatic),Yes,Yes,No,Yes,Yes,109.75,Fiber optic,
20.05,72,No,,0,,Two year,7463-IFMQU,No,No,Female,1,1423.65,61+,72,No,No,No,0,Yes,Bank transfer (automatic),Yes,No,No,No,No,20.05,No,
18.95,16,No,,0,,Two year,7469-LKBCI,No,No,Male,1,326.8,13-24,16,No,No,No,0,Yes,Credit card (automatic),No,No,No,No,No,18.95,No,
18.8,14,No,,0,,Two year,7473-ZBDSN,Yes,No,Female,1,255.55,13-24,14,No,No,No,0,Yes,Mailed check,Yes,No,No,No,No,18.8,No,
26,69,No,,0,,Two year,7480-SPLEF,Yes,No,Male,1,1796.55,61+,69,No,No,No,0,Yes,Bank transfer (automatic),Yes,Yes,No,No,Yes,26,No,
38.55,7,No,,0,,Two year,7492-TAFJD,Yes,Yes,Male,1,280,0-12,7,No,No,No,0,No,Mailed check,Yes,No,Yes,Yes,No phone service,38.55,DSL,
20.55,57,No,,0,,Two year,7493-GVFIO,No,No,Male,1,1252.85,49-60,57,No,No,No,0,Yes,Credit card (automatic),No,No,No,No,No,20.55,No,
73.8,61,No,,0,,Two year,7501-IWUNG,Yes,Yes,Female,1,4616.05,61+,61,Yes,Yes,Yes,0,Yes,Bank transfer (automatic),Yes,Yes,No,No,No,73.8,DSL,
24.05,64,No,,0,,Two year,7503-EPSZW,Yes,No,Female,1,1559.15,61+,64,No,No,No,0,Yes,Mailed check,Yes,Yes,No,No,Yes,24.05,No,
89.85,72,No,,0,,Two year,7503-MIOGA,No,Yes,Female,1,6697.35,61+,72,Yes,Yes,Yes,1,Yes,Bank transfer (automatic),Yes,Yes,Yes,Yes,Yes,89.85,DSL,
86.4,64,No,,0,,Two year,7508-DQAKK,No,Yes,Female,1,5442.05,61+,64,Yes,Yes,Yes,0,Yes,Credit card (automatic),No,Yes,Yes,Yes,Yes,86.4,DSL,
20.3,69,No,,0,,Two year,7515-LODFU,No,No,Male,1,1356.3,61+,69,No,No,No,1,Yes,Credit card (automatic),No,No,No,No,No,20.3,No,
105.05,50,No,,0,,Two year,7516-GMHUV,No,Yes,Male,1,5163.3,49-60,50,No,Yes,Yes,1,Yes,Credit card (automatic),Yes,Yes,Yes,No,Yes,105.05,Fiber optic,
110.5,69,No,,0,,Two year,7519-JTWQH,No,Yes,Female,1,7455.45,61+,69,Yes,Yes,Yes,0,Yes,Bank transfer (automatic),No,Yes,No,Yes,Yes,110.5,Fiber optic,
74.1,69,No,,0,,Two year,7524-VRLPL,No,Yes,Male,1,5031,61+,69,Yes,No,Yes,1,Yes,Credit card (automatic),No,No,Yes,No,Yes,74.1,DSL,
25.15,17,No,,0,,Two year,7527-QNRUS,Yes,No,Male,1,412.6,13-24,17,No,No,No,0,Yes,Mailed check,Yes,Yes,No,No,Yes,25.15,No,
19.55,27,No,,0,,Two year,7552-KEYGT,No,No,Male,1,520.55,25-36,27,No,No,No,0,Yes,Bank transfer (automatic),Yes,No,No,No,No,19.55,No,
25.7,10,No,,0,,Two year,7554-NEWDD,No,No,Male,1,251.6,0-12,10,No,No,No,0,Yes,Bank transfer (automatic),No,No,No,No,Yes,25.7,No,
20.8,67,No,,0,,Two year,7558-IMLMT,Yes,No,Male,1,1411.9,61+,67,No,No,No,0,Yes,Mailed check,Yes,Yes,No,No,No,20.8,No,
79.6,70,No,,0,,Two year,7560-QJAVJ,No,Yes,Female,1,5589.45,61+,70,Yes,Yes,Yes,0,Yes,Bank transfer (automatic),No,No,Yes,No,No,79.6,DSL,
79.05,72,No,,0,,Two year,7564-GHCVB,Yes,No,Female,1,5730.7,61+,72,No,No,No,0,Yes,Bank transfer (automatic),Yes,No,Yes,No,Yes,79.05,Fiber optic,
110.15,72,No,,0,,Two year,7566-DSRLQ,No,Yes,Female,1,7998.8,61+,72,Yes,Yes,Yes,0,Yes,Electronic check,Yes,Yes,No,Yes,Yes,110.15,Fiber optic,
118.75,72,No,,0,,Two year,7569-NMZYQ,Yes,Yes,Female,1,8672.45,61+,72,Yes,Yes,Yes,0,Yes,Bank transfer (automatic),Yes,Yes,Yes,Yes,Yes,118.75,Fiber optic,
84.7,68,No,,0,,Two year,7570-WELNY,No,No,Female,1,5711.05,61+,68,No,No,No,0,Yes,Bank transfer (automatic),Yes,Yes,Yes,Yes,Yes,84.7,Fiber optic,
104.05,62,No,,0,,Two year,7572-KPVKK,Yes,Yes,Male,1,6590.5,61+,62,Yes,Yes,Yes,0,Yes,Electronic check,No,Yes,No,No,Yes,104.05,Fiber optic,
91.25,71,No,,0,,Two year,7579-KKLOE,Yes,Yes,Male,1,6589.6,61+,71,Yes,Yes,Yes,0,Yes,Mailed check,Yes,Yes,Yes,Yes,Yes,91.25,DSL,
20.25,27,No,,0,,Two year,7596-IIWYC,No,No,Female,1,538.2,25-36,27,No,No,No,0,Yes,Bank transfer (automatic),No,Yes,No,No,No,20.25,No,
59.6,65,No,,0,,Two year,7596-ZYWBB,No,No,Female,1,3739.8,61+,65,Yes,No,No,0,Yes,Mailed check,No,Yes,Yes,Yes,No,59.6,DSL,
48.7,62,No,,0,,Two year,7599-NTMDP,Yes,No,Female,1,3008.55,61+,62,Yes,Yes,No,0,No,Bank transfer (automatic),Yes,No,Yes,Yes,No phone service,48.7,DSL,
24,48,No,,0,,Two year,7601-DHFWZ,No,No,Female,1,1183.05,37-48,48,No,No,No,0,Yes,Credit card (automatic),No,No,No,No,Yes,24,No,
19.6,35,No,,0,,Two year,7601-GNDYK,Yes,No,Male,1,686.95,25-36,35,No,No,No,0,Yes,Mailed check,Yes,No,No,No,No,19.6,No,
19.6,71,No,,0,,Two year,7602-DBTOU,No,No,Female,1,1416.5,61+,71,No,No,No,0,Yes,Mailed check,Yes,No,No,No,No,19.6,No,
110.45,72,No,,0,,Two year,7602-MVRMB,Yes,Yes,Female,1,8058.85,61+,72,Yes,Yes,Yes,0,Yes,Bank transfer (automatic),Yes,Yes,Yes,No,Yes,110.45,Fiber optic,
49.85,31,No,,0,,Two year,7605-BDWDC,No,No,Female,1,1520.1,25-36,31,Yes,No,Yes,0,No,Bank transfer (automatic),No,Yes,Yes,Yes,No phone service,49.85,DSL,
19.8,72,No,,0,,Two year,7606-BPHHN,No,No,Male,1,1468.75,61+,72,No,No,No,0,Yes,Credit card (automatic),No,Yes,No,No,No,19.8,No,
24.4,62,No,,0,,Two year,7608-RGIRO,Yes,No,Male,1,1413,61+,62,No,No,No,0,Yes,Mailed check,No,Yes,No,No,Yes,24.4,No,
87.1,54,No,,0,,Two year,7609-YBPXG,No,Yes,Male,1,4735.2,49-60,54,Yes,Yes,Yes,0,Yes,Bank transfer (automatic),No,No,Yes,No,Yes,87.1,DSL,
85.65,56,No,,0,,Two year,7622-FWGEW,No,Yes,Male,1,4824.45,49-60,56,Yes,Yes,Yes,1,Yes,Bank transfer (automatic),Yes,Yes,Yes,Yes,No,85.65,DSL,
59.75,57,No,,0,,Two year,7633-MVPUY,No,No,Male,1,3450.15,49-60,57,Yes,No,No,0,Yes,Electronic check,Yes,Yes,Yes,Yes,No,59.75,DSL,
20.05,47,No,,0,,Two year,7634-HLQJR,Yes,No,Female,1,1016.7,37-48,47,No,No,No,0,Yes,Credit card (automatic),Yes,No,No,No,No,20.05,No,
79.75,52,No,,0,,Two year,7639-LIAYI,No,No,Male,1,4217.8,49-60,52,Yes,Yes,Yes,0,Yes,Credit card (automatic),No,Yes,Yes,No,Yes,79.75,DSL,
79.25,70,No,,0,,Two year,7639-OPLNG,Yes,Yes,Male,1,5731.85,61+,70,Yes,Yes,No,0,Yes,Bank transfer (automatic),Yes,Yes,Yes,Yes,Yes,79.25,DSL,
100.55,39,No,,0,,Two year,7641-TQFHN,Yes,No,Male,1,3895.35,37-48,39,Yes,Yes,Yes,0,Yes,Mailed check,No,No,No,No,Yes,100.55,Fiber optic,
19.35,63,No,,0,,Two year,7643-RCHXS,Yes,No,Female,1,1263.85,61+,63,No,No,No,0,Yes,Electronic check,Yes,No,No,No,No,19.35,No,
19.85,0,No,,0,,Two year,7644-OMVMY,Yes,No,Male,1,0,0-12,0,No,No,No,0,Yes,Mailed check,Yes,No,No,No,No,19.85,No,
20.35,54,No,,0,,Two year,7647-GYYKX,Yes,No,Female,1,1092.35,49-60,54,No,No,No,0,Yes,Bank transfer (automatic),Yes,Yes,No,No,No,20.35,No,
80.1,71,No,,0,,Two year,7649-SIJJF,No,Yes,Male,1,5585.4,61+,71,Yes,No,Yes,0,Yes,Mailed check,Yes,Yes,Yes,Yes,Yes,80.1,DSL,
113.75,59,No,,0,,Two year,7663-CUXZB,No,Yes,Male,1,6561.25,49-60,59,Yes,Yes,Yes,0,Yes,Electronic check,Yes,No,Yes,Yes,Yes,113.75,Fiber optic,
103.95,72,No,,0,,Two year,7663-YJHSN,No,Yes,Female,1,7556.9,61+,72,Yes,Yes,No,0,Yes,Bank transfer (automatic),Yes,Yes,Yes,Yes,Yes,103.95,Fiber optic,
40.65,36,No,,0,,Two year,7665-NKLAV,Yes,Yes,Female,1,1547.35,25-36,36,Yes,No,No,0,No,Credit card (automatic),Yes,No,Yes,No,No phone service,40.65,DSL,
20.15,69,No,,0,,Two year,7673-BQGKU,Yes,No,Female,1,1337.5,61+,69,No,No,No,0,Yes,Bank transfer (automatic),Yes,No,No,No,No,20.15,No,
24.3,72,No,,0,,Two year,7684-XSZIY,Yes,No,Male,1,1643.25,61+,72,No,No,No,0,Yes,Bank transfer (automatic),Yes,No,No,No,Yes,24.3,No,
54.5,71,No,,0,,Two year,7688-AWMDX,No,No,Male,1,3778.2,61+,71,Yes,No,No,0,Yes,Bank transfer (automatic),Yes,No,Yes,No,No,54.5,DSL,
89.95,68,No,,0,,Two year,7691-XVTZH,No,Yes,Female,1,5974.3,61+,68,No,Yes,No,0,Yes,Bank transfer (automatic),Yes,Yes,No,No,Yes,89.95,Fiber optic,
20.5,68,No,,0,,Two year,7695-PKLCZ,No,No,Female,1,1424.9,61+,68,No,No,No,0,Yes,Credit card (automatic),No,No,No,No,No,20.5,No,
19.8,37,No,,0,,Two year,7696-CFTAT,Yes,No,Male,1,726.1,37-48,37,No,No,No,0,Yes,Bank transfer (automatic),Yes,No,No,No,No,19.8,No,
93.3,69,No,,0,,Two year,7710-JSYOA,Yes,No,Female,1,6398.05,61+,69,Yes,No,Yes,0,Yes,Bank transfer (automatic),Yes,Yes,No,Yes,Yes,93.3,Fiber optic,
24.7,71,No,,0,,Two year,7711-GQBZC,Yes,No,Female,1,1810.55,61+,71,No,No,No,0,Yes,Bank transfer (automatic),Yes,No,No,No,Yes,24.7,No,
20.55,60,No,,0,,Two year,7717-BICXI,Yes,No,Male,1,1205.05,49-60,60,No,No,No,0,Yes,Mailed check,Yes,No,No,No,No,20.55,No,
60.95,72,No,,0,,Two year,7722-VJRQD,Yes,Yes,Male,1,4549.05,61+,72,Yes,Yes,Yes,0,No,Bank transfer (automatic),Yes,No,Yes,No,No phone service,60.95,DSL,
19.75,66,No,,0,,Two year,7729-XBTWX,Yes,No,Male,1,1344.5,61+,66,No,No,No,0,Yes,Mailed check,Yes,Yes,No,No,No,19.75,No,
98.65,72,No,,0,,Two year,7730-CLDSV,Yes,Yes,Female,1,7129.45,61+,72,Yes,No,Yes,0,Yes,Bank transfer (automatic),Yes,Yes,No,Yes,Yes,98.65,Fiber optic,
113.6,55,No,,0,,Two year,7740-BTPUX,No,Yes,Male,1,6292.7,49-60,55,Yes,Yes,Yes,1,Yes,Electronic check,Yes,Yes,No,Yes,Yes,113.6,Fiber optic,
40.55,34,No,,0,,Two year,7758-UJWYS,Yes,No,Male,1,1325.85,25-36,34,Yes,Yes,No,0,No,Electronic check,Yes,Yes,No,No,No phone service,40.55,DSL,
95.1,72,No,,0,,Two year,7765-LWVVH,Yes,No,Female,1,6843.15,61+,72,No,Yes,No,0,Yes,Electronic check,Yes,Yes,Yes,Yes,Yes,95.1,Fiber optic,
63.8,47,No,,0,,Two year,7771-CFQRQ,Yes,No,Female,1,3007.25,37-48,47,Yes,No,Yes,0,Yes,Bank transfer (automatic),Yes,No,No,Yes,No,63.8,DSL,
56.75,22,No,,0,,Two year,7771-ZONAT,No,Yes,Male,1,1304.85,13-24,22,Yes,Yes,Yes,0,No,Bank transfer (automatic),No,No,No,No,No phone service,56.75,DSL,
75.15,45,No,,0,,Two year,7779-ORAEL,No,Yes,Male,1,3480.35,37-48,45,Yes,No,Yes,1,Yes,Credit card (automatic),Yes,No,Yes,No,Yes,75.15,DSL,
65.2,72,No,,0,,Two year,7781-HVGMK,Yes,Yes,Female,1,4784.45,61+,72,Yes,Yes,Yes,0,No,Credit card (automatic),Yes,Yes,Yes,Yes,No phone service,65.2,DSL,
25.7,43,No,,0,,Two year,7799-LGRDP,No,No,Female,1,1188.2,37-48,43,No,No,No,0,Yes,Credit card (automatic),No,Yes,No,No,Yes,25.7,No,
20.2,35,No,,0,,Two year,7815-PDTHL,No,No,Male,1,684.4,25-36,35,No,No,No,0,Yes,Mailed check,No,Yes,No,No,No,20.2,No,
40.55,6,No,,0,,Two year,7816-VGHTO,Yes,Yes,Female,1,217.5,0-12,6,Yes,No,No,0,No,Mailed check,Yes,No,No,Yes,No phone service,40.55,DSL,
96.55,24,No,,0,,Two year,7826-VVKWT,Yes,Yes,Female,1,2263.45,13-24,24,No,Yes,Yes,1,Yes,Electronic check,Yes,Yes,No,No,No,96.55,Fiber optic,
19.65,26,No,,0,,Two year,7850-THJMU,Yes,No,Female,1,494.9,25-36,26,No,No,No,0,Yes,Credit card (automatic),Yes,No,No,No,No,19.65,No,
64.45,72,No,,0,,Two year,7860-KSUGX,Yes,Yes,Male,1,4720,61+,72,No,No,No,0,Yes,Credit card (automatic),Yes,No,Yes,Yes,Yes,64.45,DSL,
74.5,63,No,,0,,Two year,7860-UXCRM,Yes,Yes,Male,1,4674.55,61+,63,Yes,Yes,No,0,Yes,Credit card (automatic),Yes,No,Yes,Yes,No,74.5,DSL,
110,60,No,,0,,Two year,7868-TMWMZ,No,Yes,Female,1,6668.35,49-60,60,Yes,Yes,Yes,1,Yes,Bank transfer (automatic),Yes,Yes,Yes,Yes,No,110,Fiber optic,
88.55,72,No,,0,,Two year,7873-CVMAW,No,Yes,Male,1,6362.35,61+,72,Yes,Yes,Yes,0,Yes,Credit card (automatic),No,No,Yes,Yes,Yes,88.55,DSL,
19.8,69,No,,0,,Two year,7876-DNYAP,Yes,No,Female,1,1436.95,61+,69,No,No,No,0,Yes,Credit card (automatic),Yes,No,No,No,No,19.8,No,
80.4,71,No,,0,,Two year,7898-PDWQE,No,Yes,Male,1,5727.15,61+,71,Yes,No,Yes,0,Yes,Credit card (automatic),Yes,No,Yes,Yes,Yes,80.4,DSL,
59.75,72,No,,0,,Two year,7921-BEPCI,No,No,Female,1,4265,61+,72,No,No,No,0,Yes,Bank transfer (automatic),No,No,Yes,Yes,Yes,59.75,DSL,
116.1,67,No,,0,,Two year,7923-IYJWY,No,Yes,Male,1,7839.85,61+,67,Yes,Yes,Yes,1,Yes,Credit card (automatic),No,Yes,Yes,Yes,Yes,116.1,Fiber optic,
114.3,70,No,,0,,Two year,7929-SKFGK,No,Yes,Male,1,8244.3,61+,70,Yes,Yes,Yes,0,Yes,Credit card (automatic),Yes,No,Yes,Yes,Yes,114.3,Fiber optic,
19.55,65,No,,0,,Two year,7941-RCJOW,No,No,Male,1,1218.65,61+,65,No,No,No,0,Yes,Credit card (automatic),No,Yes,No,No,No,19.55,No,
21.45,35,No,,0,,Two year,7945-PRBVF,No,No,Male,1,705.45,25-36,35,No,No,No,0,Yes,Bank transfer (automatic),No,No,No,No,No,21.45,No,
99.45,31,No,,0,,Two year,7954-MLBUN,No,Yes,Male,1,3109.9,25-36,31,Yes,Yes,Yes,0,Yes,Bank transfer (automatic),No,No,No,No,No,99.45,Fiber optic,
39.1,52,No,,0,,Two year,7963-SHNDT,No,No,Female,1,1982.1,49-60,52,Yes,No,No,0,No,Mailed check,No,No,Yes,Yes,No phone service,39.1,DSL,
19.9,65,No,,0,,Two year,7969-FFOWG,Yes,No,Male,1,1292.6,61+,65,No,No,No,0,Yes,Mailed check,Yes,No,No,No,No,19.9,No,
84.5,72,No,,0,,Two year,7971-HLVXI,Yes,No,Male,1,6130.85,61+,72,No,No,Yes,0,Yes,Credit card (automatic),Yes,Yes,No,No,Yes,84.5,Fiber optic,
90.95,66,No,,0,,Two year,7973-DZRKH,Yes,Yes,Female,1,5930.05,61+,66,Yes,No,No,0,Yes,Credit card (automatic),No,Yes,Yes,No,Yes,90.95,Fiber optic,
91.7,66,No,,0,,Two year,7975-JMZNT,No,Yes,Male,1,6075.9,61+,66,Yes,Yes,Yes,0,Yes,Bank transfer (automatic),Yes,No,Yes,Yes,Yes,91.7,DSL,
19.6,21,No,,0,,Two year,7977-HXJKU,Yes,No,Male,1,397,13-24,21,No,No,No,0,Yes,Mailed check,No,No,No,No,No,19.6,No,
24.9,72,No,,0,,Two year,7980-MHFLQ,Yes,No,Female,1,1859.2,61+,72,No,No,No,0,Yes,Mailed check,Yes,No,No,No,Yes,24.9,No,
25,13,No,,0,,Two year,7996-BPXHY,Yes,No,Female,1,332.5,13-24,13,No,No,No,0,Yes,Bank transfer (automatic),Yes,Yes,No,No,Yes,25,No,
25.15,66,No,,0,,Two year,7996-MHXLW,No,No,Female,1,1683.6,61+,66,No,No,No,0,Yes,Credit card (automatic),No,Yes,No,No,Yes,25.15,No,
80.6,71,No,,0,,Two year,7998-WNZEM,No,Yes,Male,1,5708.2,61+,71,Yes,No,Yes,0,Yes,Bank transfer (automatic),No,No,Yes,Yes,Yes,80.6,DSL,
25.05,15,No,,0,,Two year,8007-YYPWD,No,No,Female,1,369.1,13-24,15,No,No,No,0,Yes,Bank transfer (automatic),No,No,No,No,Yes,25.05,No,
115.5,72,No,,0,,Two year,8015-IHCGW,Yes,Yes,Female,1,8425.15,61+,72,Yes,Yes,Yes,0,Yes,Electronic check,Yes,Yes,Yes,Yes,Yes,115.5,Fiber optic,
107.4,72,No,,0,,Two year,8024-XNAFQ,No,Yes,Female,1,7748.75,61+,72,Yes,No,Yes,1,Yes,Bank transfer (automatic),No,Yes,Yes,Yes,Yes,107.4,Fiber optic,
24.25,62,No,,0,,Two year,8028-PNXHQ,Yes,No,Male,1,1424.6,61+,62,No,No,No,0,Yes,Bank transfer (automatic),Yes,Yes,No,No,Yes,24.25,No,
115.05,71,No,,0,,Two year,8029-XYPWT,No,Yes,Male,1,8016.6,61+,71,Yes,Yes,Yes,1,Yes,Bank transfer (automatic),Yes,Yes,Yes,Yes,Yes,115.05,Fiber optic,
68.75,72,No,,0,,Two year,8039-ACLPL,Yes,Yes,Female,1,4888.2,61+,72,No,No,Yes,0,Yes,Credit card (automatic),Yes,No,Yes,Yes,No,68.75,DSL,
60.25,69,No,,0,,Two year,8039-EQPIM,No,Yes,Male,1,4055.5,61+,69,Yes,Yes,Yes,0,No,Bank transfer (automatic),Yes,No,Yes,No,No phone service,60.25,DSL,
108.5,63,No,,0,,Two year,8041-TMEID,No,Yes,Male,1,6991.9,61+,63,No,Yes,Yes,1,Yes,Credit card (automatic),Yes,No,Yes,Yes,Yes,108.5,Fiber optic,
19.55,63,No,,0,,Two year,8043-PNYSD,Yes,No,Male,1,1245.6,61+,63,No,No,No,0,Yes,Mailed check,Yes,No,No,No,No,19.55,No,
38.6,62,No,,0,,Two year,8046-DNVTL,No,No,Male,1,2345.55,61+,62,Yes,No,No,0,No,Credit card (automatic),Yes,Yes,Yes,Yes,No phone service,38.6,DSL,
81.35,49,No,,0,,Two year,8050-DVOJX,No,Yes,Male,1,4060.9,49-60,49,Yes,No,Yes,1,Yes,Credit card (automatic),No,No,Yes,Yes,Yes,81.35,DSL,
86.55,64,No,,0,,Two year,8060-HIWJJ,No,Yes,Male,1,5632.55,61+,64,Yes,Yes,Yes,0,Yes,Credit card (automatic),No,No,No,Yes,Yes,86.55,DSL,
21.1,24,No,,0,,Two year,8067-NIOYM,Yes,No,Female,1,490.65,13-24,24,No,No,No,0,Yes,Credit card (automatic),Yes,Yes,No,No,No,21.1,No,
35.7,67,No,,0,,Two year,8069-RHUXK,Yes,No,Female,1,2545.7,61+,67,Yes,No,No,0,No,Credit card (automatic),Yes,No,Yes,No,No phone service,35.7,DSL,
111.15,70,No,,0,,Two year,8071-SBTRN,No,Yes,Female,1,7737.55,61+,70,No,Yes,Yes,0,Yes,Mailed check,No,Yes,Yes,Yes,Yes,111.15,Fiber optic,
113.95,62,No,,0,,Two year,8085-MSNLK,No,Yes,Female,1,6891.4,61+,62,Yes,Yes,Yes,0,Yes,Mailed check,Yes,No,Yes,Yes,Yes,113.95,Fiber optic,
104.05,71,No,,0,,Two year,8089-UZWLX,No,Yes,Female,1,7413.55,61+,71,No,Yes,Yes,1,Yes,Bank transfer (automatic),No,No,No,No,Yes,104.05,Fiber optic,
24.75,72,No,,0,,Two year,8092-NLTGF,No,No,Male,1,1777.6,61+,72,No,No,No,0,Yes,Bank transfer (automatic),No,No,No,No,Yes,24.75,No,
25.25,42,No,,0,,Two year,8098-TDCBU,No,No,Female,1,1108.2,37-48,42,No,No,No,0,Yes,Electronic check,Yes,No,No,No,Yes,25.25,No,
111.8,48,No,,0,,Two year,8099-MZPUJ,Yes,Yes,Male,1,5443.65,37-48,48,Yes,Yes,Yes,0,Yes,Credit card (automatic),Yes,No,Yes,Yes,Yes,111.8,Fiber optic,
88.85,68,No,,0,,Two year,8100-PNJMH,Yes,Yes,Male,1,6132.7,61+,68,Yes,Yes,Yes,0,Yes,Credit card (automatic),Yes,Yes,Yes,Yes,Yes,88.85,DSL,
60,38,No,,0,,Two year,8106-GWQOK,No,No,Male,1,2193.2,37-48,38,Yes,Yes,Yes,0,No,Bank transfer (automatic),Yes,Yes,Yes,Yes,No phone service,60,DSL,
106.3,72,No,,0,,Two year,8107-RZLNV,No,Yes,Male,1,7565.35,61+,72,No,Yes,Yes,0,Yes,Bank transfer (automatic),Yes,Yes,No,Yes,Yes,106.3,Fiber optic,
84.9,72,No,,0,,Two year,8125-QPFJD,No,Yes,Female,1,6065.3,61+,72,Yes,Yes,Yes,0,Yes,Bank transfer (automatic),Yes,Yes,Yes,No,Yes,84.9,DSL,
20.05,56,No,,0,,Two year,8129-GMVGI,Yes,No,Female,1,1090.1,49-60,56,No,No,No,0,Yes,Mailed check,Yes,No,No,No,No,20.05,No,
19.65,23,No,,0,,Two year,8143-ETQTI,Yes,No,Female,1,451.55,13-24,23,No,No,No,0,Yes,Mailed check,Yes,Yes,No,No,No,19.65,No,
80.6,54,No,,0,,Two year,8144-DGHXP,No,Yes,Female,1,4299.95,49-60,54,Yes,Yes,Yes,0,Yes,Electronic check,No,No,Yes,No,No,80.6,DSL,
81.85,71,No,,0,,Two year,8146-QQKZH,No,Yes,Female,1,5924.4,61+,71,Yes,Yes,Yes,0,Yes,Bank transfer (automatic),Yes,No,Yes,No,No,81.85,DSL,
22.95,42,No,,0,,Two year,8148-NLEGT,Yes,No,Female,1,1014.25,37-48,42,No,No,No,0,Yes,Electronic check,Yes,No,No,No,Yes,22.95,No,
19.6,8,No,,0,,Two year,8148-WOCMK,Yes,No,Male,1,125,0-12,8,No,No,No,0,Yes,Credit card (automatic),Yes,No,No,No,No,19.6,No,
97.7,72,No,,0,,Two year,8152-VETUR,No,No,Female,1,6869.7,61+,72,No,Yes,Yes,0,Yes,Credit card (automatic),Yes,Yes,No,Yes,Yes,97.7,Fiber optic,
20.6,59,No,,0,,Two year,8164-OCKUJ,Yes,No,Female,1,1286,49-60,59,No,No,No,0,Yes,Mailed check,Yes,No,No,No,No,20.6,No,
56.75,66,No,,0,,Two year,8165-CBKXO,Yes,Yes,Male,1,3708.4,61+,66,No,Yes,Yes,0,No,Credit card (automatic),Yes,Yes,No,Yes,No phone service,56.75,DSL,
23.75,72,No,,0,,Two year,8165-ZJRNM,Yes,No,Female,1,1679.25,61+,72,No,No,No,0,Yes,Bank transfer (automatic),Yes,No,No,No,Yes,23.75,No,
56.55,69,No,,0,,Two year,8169-SAEJD,No,No,Male,1,3952.65,61+,69,No,Yes,Yes,1,No,Credit card (automatic),Yes,No,Yes,Yes,No phone service,56.55,DSL,
19.7,24,No,,0,,Two year,8173-RXAYP,Yes,No,Female,1,452.55,13-24,24,No,No,No,0,Yes,Mailed check,Yes,No,No,No,No,19.7,No,
20.9,31,No,,0,,Two year,8174-LNWMW,No,No,Female,1,689.35,25-36,31,No,No,No,0,Yes,Credit card (automatic),No,No,No,No,No,20.9,No,
94.8,70,No,,0,,Two year,8174-TBVCF,No,Yes,Female,1,6859.05,61+,70,Yes,Yes,Yes,0,Yes,Credit card (automatic),Yes,Yes,Yes,Yes,Yes,94.8,DSL,
60.3,68,No,,0,,Two year,8181-YHCMF,Yes,Yes,Female,1,4109,61+,68,Yes,Yes,Yes,0,No,Credit card (automatic),Yes,No,No,Yes,No phone service,60.3,DSL,
93.25,72,No,,0,,Two year,8197-BFWVU,Yes,Yes,Female,1,6688.95,61+,72,Yes,Yes,Yes,0,Yes,Bank transfer (automatic),Yes,Yes,Yes,Yes,Yes,93.25,DSL,
83.2,71,No,,0,,Two year,8200-LGKSR,No,Yes,Male,1,6126.1,61+,71,Yes,Yes,Yes,0,Yes,Electronic check,Yes,No,Yes,No,Yes,83.2,DSL,
64.8,72,No,,0,,Two year,8204-YJCLA,Yes,Yes,Male,1,4732.35,61+,72,Yes,Yes,Yes,1,No,Bank transfer (automatic),Yes,Yes,Yes,Yes,No phone service,64.8,DSL,
77.3,70,No,,0,,Two year,8205-VSLRB,No,Yes,Male,1,5498.2,61+,70,Yes,No,Yes,0,Yes,Credit card (automatic),Yes,No,Yes,No,Yes,77.3,DSL,
114.55,72,No,,0,,Two year,8207-DMRVL,Yes,Yes,Male,1,8306.05,61+,72,Yes,Yes,Yes,0,Yes,Bank transfer (automatic),Yes,No,Yes,Yes,Yes,114.55,Fiber optic,
26,70,No,,0,,Two year,8207-VVMYB,No,No,Female,1,2006.95,61+,70,No,No,No,0,Yes,Bank transfer (automatic),Yes,Yes,No,No,Yes,26,No,
54.85,16,No,,0,,Two year,8208-EUMTE,No,Yes,Male,1,916.15,13-24,16,Yes,Yes,No,0,No,Mailed check,No,No,Yes,Yes,No phone service,54.85,DSL,
20,42,No,,0,,Two year,8215-NGSPE,Yes,No,Female,1,833.55,37-48,42,No,No,No,0,Yes,Mailed check,Yes,No,No,No,No,20,No,
100.4,42,No,,0,,Two year,8216-AZUUZ,Yes,Yes,Female,1,4303.65,37-48,42,Yes,Yes,Yes,0,Yes,Electronic check,Yes,Yes,No,No,No,100.4,Fiber optic,
86.4,72,No,,0,,Two year,8218-FFJDS,No,No,Female,1,6058.95,61+,72,Yes,Yes,Yes,0,Yes,Bank transfer (automatic),Yes,Yes,Yes,Yes,Yes,86.4,DSL,
25,39,No,,0,,Two year,8219-VYBVI,Yes,No,Male,1,1004.35,37-48,39,No,No,No,0,Yes,Mailed check,No,No,No,No,Yes,25,No,
69.15,35,No,,0,,Two year,8221-HVAYI,Yes,Yes,Male,1,2490.15,25-36,35,Yes,No,No,0,Yes,Credit card (automatic),Yes,Yes,Yes,Yes,Yes,69.15,DSL,
25,72,No,,0,,Two year,8224-KDLKN,Yes,No,Male,1,1738.9,61+,72,No,No,No,0,Yes,Bank transfer (automatic),Yes,No,No,No,Yes,25,No,
20.5,71,No,,0,,Two year,8229-BUJHX,Yes,No,Female,1,1500.95,61+,71,No,No,No,0,Yes,Bank transfer (automatic),Yes,No,No,No,No,20.5,No,
59.75,66,No,,0,,Two year,8232-CTLKO,Yes,No,Female,1,3996.8,61+,66,No,Yes,No,0,Yes,Electronic check,Yes,Yes,Yes,No,No,59.75,DSL,
19.95,69,No,,0,,Two year,8232-UTFOZ,No,No,Male,1,1399.35,61+,69,No,No,No,0,Yes,Credit card (automatic),No,No,No,No,No,19.95,No,
26.45,43,No,,0,,Two year,8234-GSZYK,No,No,Male,1,1110.05,37-48,43,No,No,No,0,Yes,Bank transfer (automatic),No,No,No,No,Yes,26.45,No,
24.85,72,No,,0,,Two year,8237-ULIXL,No,No,Female,1,1871.85,61+,72,No,No,No,0,Yes,Credit card (automatic),Yes,No,No,No,Yes,24.85,No,
39.15,70,No,,0,,Two year,8242-PDSGJ,No,Yes,Male,1,2692.75,61+,70,Yes,No,No,0,No,Credit card (automatic),Yes,Yes,Yes,No,No phone service,39.15,DSL,
116.05,60,No,,0,,Two year,8261-GWDBQ,No,Yes,Female,1,6925.9,49-60,60,Yes,Yes,Yes,1,Yes,Bank transfer (automatic),Yes,Yes,Yes,Yes,Yes,116.05,Fiber optic,
115.55,72,No,,0,,Two year,8263-QMNTJ,No,Yes,Male,1,8425.3,61+,72,Yes,Yes,Yes,0,Yes,Electronic check,Yes,Yes,Yes,Yes,Yes,115.55,Fiber optic,
107.45,72,No,,0,,Two year,8265-HKSOW,Yes,Yes,Female,1,7658.3,61+,72,Yes,No,Yes,0,Yes,Credit card (automatic),Yes,No,Yes,Yes,Yes,107.45,Fiber optic,
19.85,70,No,,0,,Two year,8285-ABVLB,No,No,Female,1,1328.35,61+,70,No,No,No,0,Yes,Credit card (automatic),Yes,No,No,No,No,19.85,No,
24.65,45,No,,0,,Two year,8292-ITGYJ,Yes,No,Female,1,1138.8,37-48,45,No,No,No,0,Yes,Bank transfer (automatic),Yes,Yes,No,No,Yes,24.65,No,
76.45,59,No,,0,,Two year,8295-KMENE,Yes,Yes,Female,1,4519.5,49-60,59,Yes,Yes,No,0,Yes,Mailed check,Yes,Yes,Yes,No,Yes,76.45,DSL,
110.45,72,No,,0,,Two year,8309-PPCED,No,Yes,Female,1,7982.5,61+,72,Yes,Yes,Yes,0,Yes,Bank transfer (automatic),Yes,Yes,No,Yes,Yes,110.45,Fiber optic,
75.5,67,No,,0,,Two year,8311-UEUAB,Yes,No,Female,1,5229.45,61+,67,No,Yes,Yes,0,Yes,Electronic check,Yes,Yes,Yes,No,Yes,75.5,DSL,
73.6,47,No,,0,,Two year,8313-AFGBW,No,Yes,Male,1,3522.65,37-48,47,No,Yes,Yes,0,Yes,Electronic check,Yes,No,No,Yes,No,73.6,DSL,
19.85,7,No,,0,,Two year,8314-HTWVE,Yes,No,Female,1,144.15,0-12,7,No,No,No,0,Yes,Mailed check,Yes,No,No,No,No,19.85,No,
59.95,65,No,,0,,Two year,8316-BBQAY,No,Yes,Female,1,3921.1,61+,65,Yes,Yes,Yes,0,No,Credit card (automatic),No,No,Yes,No,No phone service,59.95,DSL,
78.45,72,No,,0,,Two year,8336-TAVKX,No,Yes,Female,1,5682.25,61+,72,Yes,No,Yes,1,Yes,Bank transfer (automatic),Yes,No,Yes,Yes,Yes,78.45,DSL,
66.5,72,No,,0,,Two year,8338-QIUNR,Yes,Yes,Male,1,4811.6,61+,72,Yes,No,No,0,Yes,Credit card (automatic),Yes,Yes,Yes,No,Yes,66.5,DSL,
81.65,45,No,,0,,Two year,8345-MVDYC,No,Yes,Female,1,3618.7,37-48,45,Yes,Yes,Yes,0,Yes,Bank transfer (automatic),No,No,Yes,No,No,81.65,DSL,
19.45,64,No,,0,,Two year,8347-GDTMP,No,No,Female,1,1225.65,61+,64,No,No,No,0,Yes,Credit card (automatic),Yes,No,No,No,No,19.45,No,
24.35,58,No,,0,,Two year,8361-LBRDI,No,No,Female,1,1423.85,49-60,58,No,No,No,0,Yes,Credit card (automatic),No,No,No,No,Yes,24.35,No,
86.05,72,No,,0,,Two year,8374-UULRV,No,No,Male,1,6309.65,61+,72,Yes,Yes,Yes,0,Yes,Credit card (automatic),No,No,Yes,Yes,Yes,86.05,DSL,
20.3,55,No,,0,,Two year,8380-MQINP,Yes,No,Female,1,1079.05,49-60,55,No,No,No,0,Yes,Mailed check,Yes,No,No,No,No,20.3,No,
20.25,8,No,,0,,Two year,8388-DMKAE,No,No,Female,1,174.65,0-12,8,No,No,No,0,Yes,Mailed check,No,No,No,No,No,20.25,No,
84.5,62,No,,0,,Two year,8390-FESFV,No,Yes,Female,1,5193.2,61+,62,Yes,Yes,Yes,0,Yes,Bank transfer (automatic),No,No,No,Yes,Yes,84.5,DSL,
84.7,72,No,,0,,Two year,8398-TBIYD,No,No,Female,1,6185.15,61+,72,Yes,No,No,0,Yes,Bank transfer (automatic),No,Yes,Yes,No,Yes,84.7,Fiber optic,
20.65,41,No,,0,,Two year,8402-OOOHJ,No,No,Female,1,835.15,37-48,41,No,No,No,0,Yes,Mailed check,No,No,No,No,No,20.65,No,
62.5,66,No,,0,,Two year,8404-VIOMB,No,Yes,Female,1,4136.4,61+,66,Yes,Yes,Yes,0,No,Bank transfer (automatic),No,Yes,Yes,Yes,No phone service,62.5,DSL,
90.65,69,No,,0,,Two year,8413-YNHNV,No,Yes,Male,1,6322.1,61+,69,Yes,Yes,Yes,0,Yes,Mailed check,No,No,Yes,Yes,Yes,90.65,DSL,
79.5,66,No,,0,,Two year,8414-OOEEL,Yes,Yes,Male,1,5196.1,61+,66,Yes,Yes,Yes,0,Yes,Credit card (automatic),No,Yes,No,Yes,No,79.5,DSL,
78.45,42,No,,0,,Two year,8434-PNQZX,No,Yes,Female,1,3373.4,37-48,42,Yes,Yes,Yes,0,Yes,Credit card (automatic),No,Yes,No,No,Yes,78.45,DSL,
20.55,61,No,,0,,Two year,8434-VGEQQ,Yes,No,Male,1,1305.95,61+,61,No,No,No,0,Yes,Credit card (automatic),Yes,No,No,No,No,20.55,No,
25.6,67,No,,0,,Two year,8441-SHIPE,No,No,Female,1,1790.35,61+,67,No,No,No,0,Yes,Bank transfer (automatic),No,Yes,No,No,Yes,25.6,No,
24.1,37,No,,0,,Two year,8450-LUGUK,Yes,No,Female,1,861.85,37-48,37,No,No,No,0,Yes,Bank transfer (automatic),Yes,Yes,No,No,Yes,24.1,No,
115.05,72,No,,0,,Two year,8454-AATJP,No,Yes,Female,1,8405,61+,72,Yes,Yes,Yes,0,Yes,Credit card (automatic),No,No,Yes,Yes,Yes,115.05,Fiber optic,
18.8,57,No,,0,,Two year,8464-EETCQ,No,No,Male,1,1094.35,49-60,57,No,No,No,0,Yes,Credit card (automatic),No,No,No,No,No,18.8,No,
94.9,38,No,,0,,Two year,8465-SBRXP,Yes,Yes,Male,1,3616.25,37-48,38,Yes,Yes,No,0,Yes,Bank transfer (automatic),Yes,Yes,No,No,Yes,94.9,Fiber optic,
104.6,67,No,,0,,Two year,8466-PZBLH,Yes,No,Male,1,6885.75,61+,67,Yes,Yes,Yes,0,Yes,Bank transfer (automatic),Yes,No,Yes,No,Yes,104.6,Fiber optic,
74.35,72,No,,0,,Two year,8468-FZTOE,Yes,Yes,Female,1,5237.4,61+,72,Yes,No,Yes,0,Yes,Electronic check,Yes,Yes,Yes,Yes,No,74.35,DSL,
115.55,62,No,,0,,Two year,8480-PPONV,Yes,Yes,Male,1,7159.05,61+,62,Yes,Yes,Yes,0,Yes,Bank transfer (automatic),Yes,No,Yes,Yes,Yes,115.55,Fiber optic,
59.8,54,No,,0,,Two year,8510-TMWYB,Yes,Yes,Female,1,3246.45,49-60,54,No,No,No,0,Yes,Bank transfer (automatic),Yes,Yes,No,Yes,Yes,59.8,DSL,
115.8,72,No,,0,,Two year,8513-OLYGY,No,Yes,Male,1,8332.15,61+,72,Yes,Yes,Yes,0,Yes,Credit card (automatic),Yes,No,Yes,Yes,Yes,115.8,Fiber optic,
19.5,59,No,,0,,Two year,8514-VZHEB,Yes,No,Male,1,1147.85,49-60,59,No,No,No,0,Yes,Mailed check,Yes,No,No,No,No,19.5,No,
25.75,52,No,,0,,Two year,8532-UEFWH,Yes,No,Male,1,1345.85,49-60,52,No,No,No,0,Yes,Mailed check,Yes,No,No,No,Yes,25.75,No,
20.05,54,No,,0,,Two year,8540-ZQGEA,No,No,Female,1,1102.4,49-60,54,No,No,No,0,Yes,Credit card (automatic),Yes,No,No,No,No,20.05,No,
20.8,72,No,,0,,Two year,8544-JNBOX,No,No,Male,1,1521.2,61+,72,No,No,No,0,Yes,Mailed check,No,Yes,No,No,No,20.8,No,
20.45,1,No,,0,,Two year,8559-WNQZS,No,No,Male,1,20.45,0-12,1,No,No,No,0,Yes,Mailed check,No,No,No,No,No,20.45,No,
84.8,72,No,,0,,Two year,8565-WUXZU,No,No,Male,1,6141.65,61+,72,Yes,No,No,1,Yes,Credit card (automatic),Yes,Yes,Yes,Yes,No,84.8,Fiber optic,
60,47,No,,0,,Two year,8571-ZCMCX,Yes,Yes,Female,1,2768.65,37-48,47,No,Yes,Yes,0,No,Credit card (automatic),Yes,Yes,Yes,Yes,No phone service,60,DSL,
20.2,38,No,,0,,Two year,8577-QSOCG,Yes,No,Female,1,746.05,37-48,38,No,No,No,0,Yes,Mailed check,Yes,Yes,No,No,No,20.2,No,
50.55,67,No,,0,,Two year,8587-XYZSF,No,No,Male,1,3260.1,61+,67,Yes,No,No,0,Yes,Bank transfer (automatic),No,No,No,No,No,50.55,DSL,
64.95,70,No,,0,,Two year,8590-YFFQO,No,Yes,Male,1,4523.25,61+,70,Yes,No,No,0,Yes,Credit card (automatic),Yes,No,Yes,Yes,No,64.95,DSL,
111.1,59,No,,0,,Two year,8591-TKMZH,Yes,No,Male,1,6555.2,49-60,59,Yes,Yes,Yes,0,Yes,Mailed check,Yes,Yes,Yes,Yes,Yes,111.1,Fiber optic,
115.75,72,No,,0,,Two year,8606-CIQUL,Yes,Yes,Male,1,8399.15,61+,72,Yes,Yes,Yes,1,Yes,Credit card (automatic),Yes,Yes,Yes,Yes,Yes,115.75,Fiber optic,
25.3,18,No,,0,,Two year,8606-OEGQZ,Yes,No,Female,1,454.65,13-24,18,No,No,No,0,Yes,Credit card (automatic),No,No,No,No,Yes,25.3,No,
25.4,12,No,,0,,Two year,8612-GXIDD,Yes,No,Male,1,313,0-12,12,No,No,No,0,Yes,Bank transfer (automatic),Yes,Yes,No,No,Yes,25.4,No,
64.05,71,No,,0,,Two year,8619-IJNDK,Yes,Yes,Female,1,4492.9,61+,71,Yes,No,No,0,Yes,Credit card (automatic),Yes,No,Yes,Yes,No,64.05,DSL,
60.05,69,No,,0,,Two year,8626-PTQGE,No,No,Male,1,4176.7,61+,69,Yes,Yes,Yes,0,No,Bank transfer (automatic),No,Yes,Yes,Yes,No phone service,60.05,DSL,
24.8,56,No,,0,,Two year,8626-XHBIE,Yes,No,Male,1,1424.2,49-60,56,No,No,No,0,Yes,Mailed check,No,Yes,No,No,Yes,24.8,No,
116.75,72,No,,0,,Two year,8628-MFKAX,No,Yes,Female,1,8277.05,61+,72,Yes,Yes,Yes,1,Yes,Credit card (automatic),Yes,Yes,Yes,Yes,Yes,116.75,Fiber optic,
75.2,51,No,,0,,Two year,8630-QSGXK,No,No,Male,1,3901.25,49-60,51,Yes,Yes,Yes,0,Yes,Bank transfer (automatic),Yes,Yes,No,No,Yes,75.2,DSL,
95.9,72,No,,0,,Two year,8639-NHQEI,Yes,No,Female,1,6954.15,61+,72,No,Yes,No,0,Yes,Bank transfer (automatic),Yes,Yes,Yes,Yes,Yes,95.9,Fiber optic,
81.95,69,No,,0,,Two year,8645-KOMJQ,Yes,Yes,Male,1,5601.4,61+,69,Yes,Yes,Yes,0,Yes,Bank transfer (automatic),Yes,Yes,No,Yes,Yes,81.95,DSL,
100.45,71,No,,0,,Two year,8659-IOOPU,Yes,Yes,Female,1,7159.7,61+,71,Yes,No,Yes,0,Yes,Electronic check,Yes,No,Yes,No,Yes,100.45,Fiber optic,
84.4,72,No,,0,,Two year,8661-BOYNW,No,Yes,Female,1,6096.45,61+,72,Yes,Yes,Yes,0,Yes,Credit card (automatic),Yes,Yes,Yes,No,Yes,84.4,DSL,
113.4,72,No,,0,,Two year,8670-ERCJH,No,Yes,Male,1,8164.1,61+,72,Yes,Yes,Yes,0,Yes,Bank transfer (automatic),No,No,Yes,Yes,Yes,113.4,Fiber optic,
92.9,36,No,,0,,Two year,8670-MEFCP,Yes,Yes,Female,1,3379.25,25-36,36,Yes,Yes,Yes,0,Yes,Credit card (automatic),Yes,Yes,Yes,Yes,Yes,92.9,DSL,
88,68,No,,0,,Two year,8690-ZVLCL,Yes,Yes,Female,1,6161.9,61+,68,Yes,Yes,Yes,0,Yes,Credit card (automatic),Yes,No,Yes,Yes,Yes,88,DSL,
20.45,51,No,,0,,Two year,8701-DGLVH,No,No,Male,1,1042.65,49-60,51,No,No,No,0,Yes,Mailed check,No,No,No,No,No,20.45,No,
110.2,70,No,,0,,Two year,8707-HOEDG,Yes,Yes,Female,1,7689.8,61+,70,Yes,Yes,Yes,0,Yes,Electronic check,Yes,Yes,No,Yes,Yes,110.2,Fiber optic,
19.85,59,No,,0,,Two year,8711-LOBKY,Yes,No,Male,1,1188.25,49-60,59,No,No,No,0,Yes,Mailed check,Yes,No,No,No,No,19.85,No,
77.55,71,No,,0,,Two year,8722-PRFDV,Yes,Yes,Female,1,5574.35,61+,71,No,Yes,Yes,0,Yes,Credit card (automatic),Yes,No,Yes,No,No,77.55,DSL,
20.75,57,No,,0,,Two year,8727-JQFHV,Yes,No,Male,1,1123.15,49-60,57,No,No,No,0,Yes,Mailed check,Yes,No,No,No,No,20.75,No,
35.8,37,No,,0,,Two year,8727-XDPUD,No,No,Male,1,1316.9,37-48,37,No,Yes,No,0,No,Credit card (automatic),No,No,No,No,No phone service,35.8,DSL,
24.3,72,No,,0,,Two year,8735-SDUFN,No,No,Female,1,1778.7,61+,72,No,No,No,1,Yes,Bank transfer (automatic),Yes,No,No,No,Yes,24.3,No,
19.35,65,No,,0,,Two year,8747-UDCOI,No,No,Female,1,1319.95,61+,65,No,No,No,0,Yes,Bank transfer (automatic),Yes,No,No,No,No,19.35,No,
24.8,72,No,,0,,Two year,8749-TZYEC,No,No,Male,1,1874.3,61+,72,No,No,No,0,Yes,Credit card (automatic),Yes,No,No,No,Yes,24.8,No,
19.8,70,No,,0,,Two year,8750-QWZAJ,Yes,No,Female,1,1378.75,61+,70,No,No,No,0,Yes,Bank transfer (automatic),Yes,No,No,No,No,19.8,No,
19.5,57,No,,0,,Two year,8755-OGKNA,Yes,No,Female,1,1167.6,49-60,57,No,No,No,0,Yes,Bank transfer (automatic),Yes,No,No,No,No,19.5,No,
79.1,71,No,,0,,Two year,8766-PAFNE,No,Yes,Male,1,5564.85,61+,71,Yes,Yes,Yes,0,Yes,Credit card (automatic),Yes,Yes,No,Yes,No,79.1,DSL,
25.4,72,No,,0,,Two year,8774-GSBUN,No,No,Male,1,1797.1,61+,72,No,No,No,0,Yes,Mailed check,Yes,No,No,No,Yes,25.4,No,
105.85,65,No,,0,,Two year,8777-MBMTS,No,Yes,Female,1,6725.5,61+,65,Yes,Yes,Yes,1,Yes,Credit card (automatic),Yes,Yes,No,Yes,No,105.85,Fiber optic,
24.65,63,No,,0,,Two year,8780-IHCRN,Yes,No,Male,1,1574.5,61+,63,No,No,No,0,Yes,Credit card (automatic),Yes,No,No,No,Yes,24.65,No,
47.4,66,No,,0,,Two year,8780-YRMTT,No,Yes,Female,1,3177.25,61+,66,Yes,No,No,0,No,Mailed check,No,Yes,Yes,Yes,No phone service,47.4,DSL,
65.5,8,No,,0,,Two year,8792-AOROI,No,No,Female,1,564.35,0-12,8,Yes,No,Yes,0,Yes,Mailed check,Yes,No,Yes,No,No,65.5,DSL,
25.65,55,No,,0,,Two year,8807-OPMBM,Yes,No,Female,1,1388,49-60,55,No,No,No,0,Yes,Credit card (automatic),Yes,Yes,No,No,Yes,25.65,No,
100.55,72,No,,0,,Two year,8809-XKHMD,No,No,Male,1,7325.1,61+,72,Yes,No,Yes,0,Yes,Bank transfer (automatic),Yes,Yes,Yes,Yes,Yes,100.55,Fiber optic,
54.1,68,No,,0,,Two year,8819-WFGGJ,No,Yes,Male,1,3794.5,61+,68,No,Yes,Yes,0,No,Bank transfer (automatic),Yes,Yes,Yes,No,No phone service,54.1,DSL,
109.1,58,No,,0,,Two year,8819-ZBYNA,No,No,Female,1,6393.65,49-60,58,Yes,Yes,Yes,0,Yes,Credit card (automatic),Yes,Yes,Yes,Yes,Yes,109.1,Fiber optic,
110.65,72,No,,0,,Two year,8823-RLPWL,No,Yes,Female,1,8065.65,61+,72,No,Yes,Yes,0,Yes,Credit card (automatic),Yes,Yes,Yes,Yes,Yes,110.65,Fiber optic,
20.6,63,No,,0,,Two year,8838-GPHZP,No,No,Female,1,1298.7,61+,63,No,No,No,0,Yes,Mailed check,No,Yes,No,No,No,20.6,No,
111.6,72,No,,0,,Two year,8853-TZDGH,No,Yes,Female,1,8012.75,61+,72,Yes,Yes,Yes,0,Yes,Bank transfer (automatic),No,Yes,No,Yes,Yes,111.6,Fiber optic,
19.25,63,No,,0,,Two year,8857-CUPFQ,No,No,Male,1,1237.65,61+,63,No,No,No,0,Yes,Mailed check,Yes,No,No,No,No,19.25,No,
23.8,39,No,,0,,Two year,8859-AXJZP,Yes,No,Male,1,903.8,37-48,39,No,No,No,0,Yes,Mailed check,Yes,Yes,No,No,Yes,23.8,No,
20.35,33,No,,0,,Two year,8859-DZTGQ,No,No,Male,1,689.75,25-36,33,No,No,No,0,Yes,Mailed check,No,No,No,No,No,20.35,No,
115.1,64,No,,0,,Two year,8869-LIHMK,No,Yes,Female,1,7334.05,61+,64,Yes,Yes,Yes,0,Yes,Bank transfer (automatic),No,Yes,Yes,Yes,Yes,115.1,Fiber optic,
90.2,68,No,,0,,Two year,8871-JLMHM,No,Yes,Female,1,6297.65,61+,68,Yes,No,No,0,Yes,Credit card (automatic),Yes,No,No,Yes,Yes,90.2,Fiber optic,
25.2,39,No,,0,,Two year,8874-EJNSR,Yes,No,Male,1,987.95,37-48,39,No,No,No,0,Yes,Mailed check,Yes,No,No,No,Yes,25.2,No,
116.25,71,No,,0,,Two year,8879-XUAHX,No,Yes,Male,1,8564.75,61+,71,Yes,Yes,Yes,0,Yes,Electronic check,Yes,Yes,Yes,Yes,Yes,116.25,Fiber optic,
39.1,69,No,,0,,Two year,8882-TLVRW,Yes,Yes,Male,1,2779.5,61+,69,Yes,No,No,0,No,Mailed check,Yes,No,Yes,No,No phone service,39.1,DSL,
84.4,68,No,,0,,Two year,8883-ANODQ,Yes,Yes,Female,1,5746.75,61+,68,No,No,No,0,Yes,Credit card (automatic),Yes,Yes,No,Yes,Yes,84.4,Fiber optic,
19.9,44,No,,0,,Two year,8896-RAZCR,Yes,No,Female,1,868.1,37-48,44,No,No,No,0,Yes,Mailed check,No,No,No,No,No,19.9,No,
109.2,72,No,,0,,Two year,8901-UPRHR,Yes,Yes,Female,1,7711.45,61+,72,Yes,Yes,Yes,0,Yes,Bank transfer (automatic),Yes,Yes,No,Yes,Yes,109.2,Fiber optic,
65.6,72,No,,0,,Two year,8908-NMQTX,No,Yes,Male,1,4566.5,61+,72,Yes,Yes,Yes,0,No,Bank transfer (automatic),No,Yes,Yes,Yes,No phone service,65.6,DSL,
20.85,21,No,,0,,Two year,8908-SLFCJ,No,No,Female,1,435.25,13-24,21,No,No,No,0,Yes,Credit card (automatic),No,Yes,No,No,No,20.85,No,
107.7,72,No,,0,,Two year,8915-NNTRC,Yes,No,Male,1,7919.8,61+,72,Yes,Yes,Yes,0,Yes,Credit card (automatic),Yes,Yes,Yes,Yes,Yes,107.7,Fiber optic,
19.85,37,No,,0,,Two year,8917-FAEMR,No,No,Female,1,784.25,37-48,37,No,No,No,0,Yes,Mailed check,No,No,No,No,No,19.85,No,
19.65,60,No,,0,,Two year,8917-SZTTJ,Yes,No,Male,1,1161.75,49-60,60,No,No,No,0,Yes,Credit card (automatic),Yes,No,No,No,No,19.65,No,
19.35,42,No,,0,,Two year,8922-NPKBJ,Yes,No,Male,1,867.3,37-48,42,No,No,No,0,Yes,Mailed check,Yes,No,No,No,No,19.35,No,
99.3,25,No,,0,,Two year,8929-KSWIH,No,Yes,Male,1,2513.5,25-36,25,Yes,Yes,Yes,0,Yes,Bank transfer (automatic),No,No,No,No,No,99.3,Fiber optic,
25.25,63,No,,0,,Two year,8946-BFWSG,Yes,No,Male,1,1573.05,61+,63,No,No,No,0,Yes,Mailed check,Yes,No,No,No,Yes,25.25,No,
20.15,50,No,,0,,Two year,8957-THMOA,Yes,No,Female,1,970.85,49-60,50,No,No,No,0,Yes,Credit card (automatic),No,No,No,No,No,20.15,No,
25.1,36,No,,0,,Two year,8966-KZXXA,Yes,No,Male,1,930.95,25-36,36,No,No,No,0,Yes,Credit card (automatic),Yes,No,No,No,Yes,25.1,No,
19.45,70,No,,0,,Two year,8966-SNIZF,No,No,Female,1,1303.5,61+,70,No,No,No,0,Yes,Bank transfer (automatic),Yes,No,No,No,No,19.45,No,
116.1,71,No,,0,,Two year,8975-SKGRX,No,Yes,Male,1,8310.55,61+,71,Yes,Yes,Yes,0,Yes,Bank transfer (automatic),Yes,Yes,Yes,Yes,Yes,116.1,Fiber optic,
105.25,64,No,,0,,Two year,8984-EYLLL,No,No,Male,1,6823.4,61+,64,Yes,Yes,Yes,0,Yes,Electronic check,Yes,Yes,No,Yes,Yes,105.25,Fiber optic,
118.65,71,No,,0,,Two year,8984-HPEMB,No,Yes,Female,1,8477.6,61+,71,Yes,Yes,Yes,0,Yes,Electronic check,No,Yes,Yes,Yes,Yes,118.65,Fiber optic,
66.9,69,No,,0,,Two year,8990-YOZLV,No,No,Female,1,4577.9,61+,69,Yes,No,No,0,Yes,Mailed check,No,Yes,Yes,Yes,Yes,66.9,DSL,
20.15,19,No,,0,,Two year,8999-EXMNO,Yes,No,Female,1,387.7,13-24,19,No,No,No,0,Yes,Mailed check,Yes,No,No,No,No,20.15,No,
84.35,45,No,,0,,Two year,8999-YPYBV,Yes,Yes,Male,1,3858.05,37-48,45,Yes,Yes,Yes,0,Yes,Mailed check,Yes,Yes,Yes,Yes,No,84.35,DSL,
49.45,60,No,,0,,Two year,9000-PLFUZ,No,No,Female,1,2907.55,49-60,60,No,Yes,Yes,1,No,Credit card (automatic),Yes,Yes,No,Yes,No phone service,49.45,DSL,
64.75,55,No,,0,,Two year,9018-PCIOK,No,Yes,Female,1,3617.1,49-60,55,No,No,Yes,0,Yes,Mailed check,No,Yes,No,Yes,No,64.75,DSL,
78.8,43,No,,0,,Two year,9027-TMATR,No,Yes,Female,1,3460.3,37-48,43,Yes,Yes,Yes,0,Yes,Electronic check,Yes,Yes,Yes,No,No,78.8,DSL,
100.2,71,No,,0,,Two year,9028-LIHRP,Yes,Yes,Male,1,7209,61+,71,Yes,Yes,No,0,Yes,Credit card (automatic),Yes,No,Yes,Yes,No,100.2,Fiber optic,
20.85,8,No,,0,,Two year,9030-QGZNL,No,No,Female,1,161.65,0-12,8,No,No,No,0,Yes,Mailed check,No,No,No,No,No,20.85,No,
108.2,72,No,,0,,Two year,9031-ZVQPT,No,Yes,Male,1,7840.6,61+,72,Yes,Yes,Yes,0,Yes,Electronic check,Yes,Yes,No,Yes,Yes,108.2,Fiber optic,
78.85,72,No,,0,,Two year,9065-ZCPQX,No,Yes,Male,1,5763.15,61+,72,Yes,No,Yes,0,Yes,Bank transfer (automatic),Yes,No,Yes,Yes,Yes,78.85,DSL,
20.15,40,No,,0,,Two year,9068-FHQHD,Yes,No,Female,1,777.35,37-48,40,No,No,No,0,Yes,Bank transfer (automatic),Yes,No,No,No,No,20.15,No,
75.35,61,No,,0,,Two year,9068-VPWQQ,No,Yes,Male,1,4729.3,61+,61,Yes,No,Yes,0,Yes,Credit card (automatic),Yes,No,Yes,No,Yes,75.35,DSL,
110.15,72,No,,0,,Two year,9070-BCKQP,No,Yes,Female,1,7881.2,61+,72,Yes,Yes,Yes,0,Yes,Credit card (automatic),Yes,Yes,Yes,No,Yes,110.15,Fiber optic,
86.1,62,No,,0,,Two year,9073-ZZIAY,Yes,Yes,Male,1,5215.25,61+,62,Yes,Yes,Yes,0,Yes,Electronic check,Yes,No,Yes,Yes,No,86.1,DSL,
102.1,64,No,,0,,Two year,9076-AXYIK,No,Yes,Male,1,6538.45,61+,64,Yes,Yes,Yes,1,Yes,Electronic check,Yes,No,No,No,Yes,102.1,Fiber optic,
20.25,47,No,,0,,Two year,9081-WWXKP,Yes,No,Female,1,873.4,37-48,47,No,No,No,0,Yes,Credit card (automatic),Yes,No,No,No,No,20.25,No,
20.8,58,No,,0,,Two year,9084-OAYKL,No,No,Male,1,1212.25,49-60,58,No,No,No,0,Yes,Mailed check,No,No,No,No,No,20.8,No,
25,60,No,,0,,Two year,9087-EYCPR,No,No,Female,1,1505.05,49-60,60,No,No,No,0,Yes,Mailed check,No,No,No,No,Yes,25,No,
69.25,64,No,,0,,Two year,9091-WTUUY,Yes,Yes,Male,1,4447.75,61+,64,Yes,Yes,No,0,Yes,Mailed check,Yes,No,Yes,No,No,69.25,DSL,
54.15,59,No,,0,,Two year,9102-OXKFY,No,Yes,Male,1,3116.15,49-60,59,No,No,No,0,Yes,Credit card (automatic),No,No,No,No,Yes,54.15,DSL,
26.1,10,No,,0,,Two year,9108-EQPNQ,Yes,No,Female,1,225.55,0-12,10,No,No,No,0,Yes,Credit card (automatic),Yes,No,No,No,Yes,26.1,No,
82.45,69,No,,0,,Two year,9110-HSGTV,No,Yes,Female,1,5555.3,61+,69,Yes,Yes,Yes,0,Yes,Credit card (automatic),No,Yes,Yes,No,No,82.45,DSL,
81,72,No,,0,,Two year,9114-DPSIA,Yes,Yes,Male,1,5750,61+,72,Yes,No,Yes,0,Yes,Credit card (automatic),Yes,No,Yes,Yes,Yes,81,DSL,
114,72,No,,0,,Two year,9127-FHJBZ,Yes,Yes,Male,1,8093.15,61+,72,Yes,Yes,Yes,0,Yes,Electronic check,Yes,Yes,Yes,Yes,Yes,114,Fiber optic,
95.8,59,No,,0,,Two year,9128-CPXKI,No,Yes,Female,1,5655.45,49-60,59,No,Yes,Yes,0,Yes,Electronic check,No,No,No,No,No,95.8,Fiber optic,
19.7,64,No,,0,,Two year,9135-HSWOC,Yes,No,Male,1,1274.05,61+,64,No,No,No,0,Yes,Bank transfer (automatic),Yes,Yes,No,No,No,19.7,No,
84.7,69,No,,0,,Two year,9135-MGVPY,No,Yes,Male,1,5878.9,61+,69,Yes,Yes,Yes,0,Yes,Mailed check,Yes,Yes,Yes,Yes,No,84.7,DSL,
79.6,68,No,,0,,Two year,9140-CZQZZ,No,No,Female,1,5515.8,61+,68,Yes,Yes,Yes,0,Yes,Bank transfer (automatic),Yes,Yes,Yes,Yes,No,79.6,DSL,
19.65,6,No,,0,,Two year,9150-KPBJQ,No,No,Female,1,116.85,0-12,6,No,No,No,0,Yes,Credit card (automatic),No,No,No,No,No,19.65,No,
80.25,6,No,,0,,Two year,9152-AMKAK,No,Yes,Male,1,493.4,0-12,6,Yes,Yes,Yes,0,Yes,Mailed check,No,Yes,Yes,No,No,80.25,DSL,
25,71,No,,0,,Two year,9153-BTBVV,No,No,Female,1,1753,61+,71,No,No,No,0,Yes,Bank transfer (automatic),Yes,No,No,No,Yes,25,No,
20.9,53,No,,0,,Two year,9173-IVZVP,Yes,No,Female,1,1146.05,49-60,53,No,No,No,0,Yes,Mailed check,Yes,No,No,No,No,20.9,No,
70.35,50,No,,0,,Two year,9174-IHETN,Yes,No,Female,1,3533.6,49-60,50,No,No,No,0,Yes,Credit card (automatic),No,No,No,No,No,70.35,Fiber optic,
24.1,24,No,,0,,Two year,9178-JHUVJ,Yes,No,Male,1,587.4,13-24,24,No,No,No,0,Yes,Bank transfer (automatic),Yes,Yes,No,No,Yes,24.1,No,
84.35,42,No,,0,,Two year,9194-GFVOI,No,Yes,Female,1,3571.6,37-48,42,Yes,Yes,Yes,0,Yes,Credit card (automatic),Yes,No,Yes,No,Yes,84.35,DSL,
61.4,69,No,,0,,Two year,9220-CXRSC,Yes,No,Female,1,4059.85,61+,69,Yes,No,No,0,Yes,Credit card (automatic),Yes,No,Yes,No,Yes,61.4,DSL,
88.8,55,No,,0,,Two year,9220-ZNKJI,No,Yes,Female,1,4805.3,49-60,55,Yes,Yes,No,1,Yes,Credit card (automatic),Yes,No,No,No,No,88.8,Fiber optic,
90.5,47,No,,0,,Two year,9224-VTYID,Yes,Yes,Male,1,4318.35,37-48,47,Yes,Yes,Yes,0,Yes,Mailed check,Yes,Yes,Yes,Yes,Yes,90.5,DSL,
85.25,72,No,,0,,Two year,9225-BZLNZ,No,Yes,Male,1,6083.1,61+,72,No,Yes,Yes,0,Yes,Electronic check,Yes,Yes,Yes,Yes,Yes,85.25,DSL,
19.75,16,No,,0,,Two year,9227-UAQFT,No,No,Male,1,284.35,13-24,16,No,No,No,0,Yes,Mailed check,No,No,No,No,No,19.75,No,
82.5,65,No,,0,,Two year,9227-YBAXE,Yes,No,Female,1,5215.1,61+,65,Yes,Yes,Yes,0,Yes,Bank transfer (automatic),Yes,Yes,Yes,Yes,Yes,82.5,DSL,
35.1,21,No,,0,,Two year,9236-NDUCW,No,No,Female,1,770.4,13-24,21,Yes,No,No,0,No,Mailed check,No,No,Yes,No,No phone service,35.1,DSL,
113.65,72,No,,0,,Two year,9239-GZHZE,No,Yes,Female,1,8124.2,61+,72,Yes,Yes,Yes,0,Yes,Credit card (automatic),Yes,Yes,Yes,Yes,Yes,113.65,Fiber optic,
65.1,72,No,,0,,Two year,9242-TKFSV,Yes,Yes,Male,1,4754.3,61+,72,Yes,Yes,Yes,0,No,Credit card (automatic),Yes,Yes,Yes,Yes,No phone service,65.1,DSL,
20,48,No,,0,,Two year,9251-AWQGT,Yes,No,Female,1,935.9,37-48,48,No,No,No,0,Yes,Mailed check,Yes,No,No,No,No,20,No,
20.1,52,No,,0,,Two year,9257-AZMTZ,Yes,No,Female,1,1078.75,49-60,52,No,No,No,0,Yes,Bank transfer (automatic),Yes,No,No,No,No,20.1,No,
113.65,71,No,,0,,Two year,9258-CNWAC,Yes,Yes,Female,1,8166.8,61+,71,Yes,Yes,Yes,0,Yes,Credit card (automatic),Yes,No,Yes,Yes,Yes,113.65,Fiber optic,
64.1,68,No,,0,,Two year,9281-CEDRU,No,No,Female,1,4326.25,61+,68,Yes,Yes,No,0,Yes,Bank transfer (automatic),Yes,No,No,Yes,No,64.1,DSL,
45.25,72,No,,0,,Two year,9286-BHDQG,Yes,Yes,Male,1,3139.8,61+,72,Yes,No,No,0,No,Credit card (automatic),Yes,No,Yes,Yes,No phone service,45.25,DSL,
91.35,72,No,,0,,Two year,9297-EONCV,No,Yes,Female,1,6697.2,61+,72,Yes,Yes,Yes,0,Yes,Bank transfer (automatic),No,Yes,Yes,Yes,Yes,91.35,DSL,
84.5,57,No,,0,,Two year,9297-FVVDH,Yes,Yes,Female,1,4845.4,49-60,57,Yes,Yes,Yes,0,Yes,Electronic check,Yes,Yes,Yes,No,Yes,84.5,DSL,
115.5,72,No,,0,,Two year,9298-WGMRW,No,Yes,Female,1,8312.75,61+,72,Yes,Yes,Yes,0,Yes,Bank transfer (automatic),Yes,Yes,Yes,Yes,Yes,115.5,Fiber optic,
110.8,60,No,,0,,Two year,9330-VOFSZ,No,Yes,Female,1,6640.7,49-60,60,Yes,Yes,Yes,0,Yes,Credit card (automatic),Yes,Yes,No,Yes,Yes,110.8,Fiber optic,
25.3,66,No,,0,,Two year,9337-SRRNI,Yes,No,Male,1,1673.8,61+,66,No,No,No,0,Yes,Credit card (automatic),No,Yes,No,No,Yes,25.3,No,
85.95,72,No,,0,,Two year,9339-FIIJL,No,Yes,Male,1,6151.9,61+,72,Yes,Yes,Yes,0,Yes,Bank transfer (automatic),Yes,No,No,Yes,Yes,85.95,DSL,
90.3,59,No,,0,,Two year,9348-ROUAI,Yes,Yes,Female,1,5194.05,49-60,59,Yes,Yes,Yes,0,Yes,Credit card (automatic),Yes,No,Yes,Yes,Yes,90.3,DSL,
25.3,4,No,,0,,Two year,9350-ZXYJC,No,No,Female,1,116.95,0-12,4,No,No,No,0,Yes,Credit card (automatic),No,Yes,No,No,Yes,25.3,No,
110.9,72,No,,0,,Two year,9351-HXDMR,No,Yes,Male,1,8240.85,61+,72,Yes,Yes,Yes,0,Yes,Credit card (automatic),Yes,Yes,Yes,No,Yes,110.9,Fiber optic,
58.9,65,No,,0,,Two year,9359-JANWS,No,Yes,Female,1,3857.1,61+,65,Yes,No,No,0,Yes,Credit card (automatic),Yes,No,Yes,No,No,58.9,DSL,
24.35,71,No,,0,,Two year,9365-CSLBQ,Yes,No,Male,1,1654.6,61+,71,No,No,No,0,Yes,Mailed check,No,No,No,No,Yes,24.35,No,
19.85,52,No,,0,,Two year,9371-BITHB,Yes,No,Female,1,1070.5,49-60,52,No,No,No,0,Yes,Mailed check,Yes,No,No,No,No,19.85,No,
59.85,60,No,,0,,Two year,9372-TXXPS,No,No,Female,1,3483.45,49-60,60,Yes,No,No,0,Yes,Bank transfer (automatic),Yes,No,Yes,Yes,No,59.85,DSL,
19.85,35,No,,0,,Two year,9385-EHGDO,Yes,No,Female,1,739.35,25-36,35,No,No,No,0,Yes,Mailed check,Yes,Yes,No,No,No,19.85,No,
82.65,72,No,,0,,Two year,9385-NXKDA,No,Yes,Female,1,5919.35,61+,72,No,Yes,Yes,0,Yes,Credit card (automatic),Yes,Yes,Yes,Yes,Yes,82.65,DSL,
20.6,27,No,,0,,Two year,9392-XBGTD,Yes,No,Male,1,581.85,25-36,27,No,No,No,0,Yes,Mailed check,No,No,No,No,No,20.6,No,
24.6,69,No,,0,,Two year,9397-TZSHA,No,No,Female,1,1678.05,61+,69,No,No,No,0,Yes,Credit card (automatic),No,No,No,No,Yes,24.6,No,
110.5,64,No,,0,,Two year,9405-GPBBG,No,Yes,Female,1,7069.25,61+,64,Yes,Yes,Yes,0,Yes,Credit card (automatic),No,Yes,No,Yes,Yes,110.5,Fiber optic,
89,70,No,,0,,Two year,9415-ZNBSX,Yes,Yes,Female,1,6293.2,61+,70,Yes,Yes,Yes,0,Yes,Bank transfer (automatic),Yes,Yes,Yes,Yes,Yes,89,DSL,
19.95,38,No,,0,,Two year,9418-RUKPH,Yes,No,Female,1,756.4,37-48,38,No,No,No,0,Yes,Mailed check,Yes,Yes,No,No,No,19.95,No,
19.6,9,No,,0,,Two year,9424-CMPOG,Yes,No,Male,1,197.4,0-12,9,No,No,No,0,Yes,Mailed check,Yes,No,No,No,No,19.6,No,
25.1,72,No,,0,,Two year,9430-NKQLY,Yes,No,Male,1,1790.8,61+,72,No,No,No,0,Yes,Credit card (automatic),Yes,Yes,No,No,Yes,25.1,No,
102.5,48,No,,0,,Two year,9432-RUVSL,No,Yes,Female,1,4904.25,37-48,48,Yes,Yes,Yes,0,Yes,Credit card (automatic),No,Yes,Yes,No,No,102.5,Fiber optic,
86.1,71,No,,0,,Two year,9435-JMLSX,No,Yes,Male,1,6045.9,61+,71,Yes,Yes,Yes,0,Yes,Bank transfer (automatic),Yes,Yes,Yes,Yes,No,86.1,DSL,
65.25,72,No,,0,,Two year,9443-JUBUO,Yes,Yes,Male,1,4478.85,61+,72,Yes,Yes,Yes,0,No,Credit card (automatic),Yes,Yes,Yes,Yes,No phone service,65.25,DSL,
85.1,72,No,,0,,Two year,9453-PATOS,No,Yes,Female,1,6155.4,61+,72,Yes,Yes,Yes,0,Yes,Mailed check,Yes,No,Yes,Yes,No,85.1,DSL,
80.15,70,No,,0,,Two year,9477-LGWQI,Yes,Yes,Male,1,5600.15,61+,70,No,Yes,Yes,0,Yes,Credit card (automatic),Yes,Yes,Yes,Yes,No,80.15,DSL,
80.7,71,No,,0,,Two year,9479-HYNYL,No,Yes,Female,1,5705.05,61+,71,Yes,Yes,Yes,0,Yes,Credit card (automatic),Yes,Yes,No,Yes,No,80.7,DSL,
75.35,70,No,,0,,Two year,9481-WHGWY,Yes,No,Female,1,5437.75,61+,70,Yes,Yes,Yes,0,Yes,Credit card (automatic),Yes,No,Yes,No,No,75.35,DSL,
79.5,72,No,,0,,Two year,9488-FVZCC,Yes,Yes,Female,1,5661.7,61+,72,Yes,No,Yes,0,Yes,Bank transfer (automatic),Yes,Yes,Yes,Yes,Yes,79.5,DSL,
109.25,63,No,,0,,Two year,9488-FYQAU,No,Yes,Female,1,6841.4,61+,63,Yes,Yes,Yes,0,Yes,Bank transfer (automatic),Yes,Yes,No,Yes,Yes,109.25,Fiber optic,
69.2,70,No,,0,,Two year,9489-DEDVP,Yes,No,Female,1,4872.35,61+,70,No,Yes,No,0,Yes,Credit card (automatic),Yes,Yes,Yes,Yes,Yes,69.2,DSL,
89.75,72,No,,0,,Two year,9489-JMTTN,Yes,Yes,Female,1,6595.9,61+,72,Yes,Yes,Yes,0,Yes,Credit card (automatic),Yes,No,Yes,Yes,Yes,89.75,DSL,
64.75,72,No,,0,,Two year,9499-XPZXM,No,No,Female,1,4804.75,61+,72,Yes,No,No,0,Yes,Bank transfer (automatic),Yes,No,Yes,Yes,Yes,64.75,DSL,
19.1,69,No,,0,,Two year,9500-WBGRP,No,No,Male,1,1268.85,61+,69,No,No,No,0,Yes,Mailed check,No,Yes,No,No,No,19.1,No,
20.25,53,No,,0,,Two year,9504-YAZWB,No,No,Female,1,1048.45,49-60,53,No,No,No,0,Yes,Mailed check,No,No,No,No,No,20.25,No,
20,54,No,,0,,Two year,9507-HSMMZ,No,No,Male,1,1149.65,49-60,54,No,No,No,0,Yes,Mailed check,No,No,No,No,No,20,No,
84.1,70,No,,0,,Two year,9530-GRMJG,Yes,Yes,Male,1,5979.7,61+,70,Yes,Yes,Yes,0,Yes,Electronic check,Yes,Yes,No,Yes,Yes,84.1,DSL,
19.9,69,No,,0,,Two year,9537-JALFH,Yes,No,Male,1,1356.7,61+,69,No,No,No,0,Yes,Bank transfer (automatic),Yes,No,No,No,No,19.9,No,
80.95,52,No,,0,,Two year,9541-PWTWO,No,Yes,Female,1,4233.95,49-60,52,Yes,Yes,Yes,0,Yes,Bank transfer (automatic),No,Yes,No,No,Yes,80.95,DSL,
80.35,68,No,,0,,Two year,9541-ZPSEA,Yes,Yes,Male,1,5375.15,61+,68,No,No,No,0,Yes,Credit card (automatic),Yes,No,Yes,No,No,80.35,Fiber optic,
19.75,24,No,,0,,Two year,9548-LERKT,No,No,Male,1,483.15,13-24,24,No,No,No,0,Yes,Mailed check,Yes,No,No,No,No,19.75,No,
81.05,61,No,,0,,Two year,9548-LIGTA,No,No,Male,1,4747.65,61+,61,Yes,Yes,Yes,0,Yes,Mailed check,Yes,Yes,Yes,Yes,No,81.05,DSL,
90.45,72,No,,0,,Two year,9548-ZMVTX,Yes,Yes,Male,1,6565.85,61+,72,Yes,No,No,0,Yes,Bank transfer (automatic),Yes,No,No,Yes,Yes,90.45,Fiber optic,
88.95,13,No,,0,,Two year,9553-DLCLU,Yes,Yes,Female,1,1161.75,13-24,13,Yes,Yes,Yes,0,Yes,Credit card (automatic),No,No,Yes,Yes,Yes,88.95,DSL,
106.75,71,No,,0,,Two year,9558-IHEZX,No,Yes,Female,1,7283.25,61+,71,No,Yes,Yes,0,Yes,Credit card (automatic),No,Yes,Yes,Yes,Yes,106.75,Fiber optic,
31.05,36,No,,0,,Two year,9560-BBZXK,No,No,Female,1,1126.35,25-36,36,No,No,No,0,No,Bank transfer (automatic),No,No,Yes,No,No phone service,31.05,DSL,
19.2,52,No,,0,,Two year,9565-AXSMR,Yes,No,Male,1,1054.75,49-60,52,No,No,No,0,Yes,Mailed check,Yes,No,No,No,No,19.2,No,
69.55,65,No,,0,,Two year,9565-FLVCG,Yes,No,Male,1,4459.15,61+,65,No,No,Yes,0,Yes,Mailed check,Yes,Yes,Yes,Yes,Yes,69.55,DSL,
99.25,64,No,,0,,Two year,9570-KYEUA,No,Yes,Male,1,6549.45,61+,64,Yes,No,Yes,0,Yes,Credit card (automatic),No,No,Yes,No,Yes,99.25,Fiber optic,
25.4,68,No,,0,,Two year,9574-BOSMD,Yes,No,Male,1,1620.2,61+,68,No,No,No,0,Yes,Bank transfer (automatic),Yes,No,No,No,Yes,25.4,No,
20,41,No,,0,,Two year,9585-KKMFD,Yes,No,Male,1,879.8,37-48,41,No,No,No,0,Yes,Mailed check,Yes,Yes,No,No,No,20,No,
105.4,64,No,,0,,Two year,9586-JGQKH,No,No,Female,1,6794.75,61+,64,Yes,Yes,Yes,0,Yes,Bank transfer (automatic),Yes,Yes,No,Yes,Yes,105.4,Fiber optic,
19.9,49,No,,0,,Two year,9588-YRFHY,No,No,Male,1,1022.6,49-60,49,No,No,No,0,Yes,Credit card (automatic),No,Yes,No,No,No,19.9,No,
92.45,69,No,,0,,Two year,9589-ABEPT,No,No,Male,1,6460.55,61+,69,Yes,Yes,No,0,Yes,Mailed check,Yes,Yes,No,Yes,Yes,92.45,Fiber optic,
24.45,56,No,,0,,Two year,9593-CVZKR,Yes,No,Female,1,1385.85,49-60,56,No,No,No,0,Yes,Mailed check,Yes,Yes,No,No,Yes,24.45,No,
43.9,67,No,,0,,Two year,9610-WCESF,No,No,Male,1,3097.2,61+,67,Yes,Yes,No,0,No,Electronic check,No,No,Yes,No,No phone service,43.9,DSL,
19.8,37,No,,0,,Two year,9624-EGDEQ,No,No,Female,1,813.3,37-48,37,No,No,No,0,Yes,Mailed check,No,No,No,No,No,19.8,No,
103.25,68,No,,0,,Two year,9625-QNLUX,Yes,Yes,Male,1,7074.4,61+,68,No,Yes,Yes,0,Yes,Credit card (automatic),Yes,Yes,Yes,Yes,No,103.25,Fiber optic,
19.7,63,No,,0,,Two year,9625-RZFUK,Yes,No,Male,1,1275.85,61+,63,No,No,No,0,Yes,Mailed check,Yes,No,No,No,No,19.7,No,
19.25,35,No,,0,,Two year,9631-RXVJM,No,No,Male,1,677.9,25-36,35,No,No,No,0,Yes,Mailed check,No,No,No,No,No,19.25,No,
114.1,72,No,,0,,Two year,9637-CDTKZ,No,Yes,Male,1,8086.4,61+,72,Yes,Yes,Yes,0,Yes,Credit card (automatic),Yes,Yes,Yes,Yes,Yes,114.1,Fiber optic,
19.65,47,No,,0,,Two year,9646-NMHXE,No,No,Male,1,973.1,37-48,47,No,No,No,0,Yes,Mailed check,Yes,No,No,No,No,19.65,No,
24.65,18,No,,0,,Two year,9648-BCHKM,Yes,No,Female,1,471.35,13-24,18,No,No,No,0,Yes,Credit card (automatic),Yes,Yes,No,No,Yes,24.65,No,
25.05,38,No,,0,,Two year,9650-VBUOG,Yes,No,Male,1,963.95,37-48,38,No,No,No,0,Yes,Credit card (automatic),Yes,No,No,No,Yes,25.05,No,
24.7,58,No,,0,,Two year,9661-JALZV,No,No,Female,1,1519,49-60,58,No,No,No,0,Yes,Credit card (automatic),No,Yes,No,No,Yes,24.7,No,
24.5,71,No,,0,,Two year,9668-PUGNU,No,No,Male,1,1816.2,61+,71,No,No,No,0,Yes,Electronic check,Yes,Yes,No,No,Yes,24.5,No,
40.4,46,No,,0,,Two year,9674-EHPPG,No,Yes,Male,1,1842.7,37-48,46,Yes,No,No,0,No,Credit card (automatic),Yes,No,Yes,No,No phone service,40.4,DSL,
80.8,72,No,,0,,Two year,9675-ICXCT,Yes,Yes,Male,1,5728.55,61+,72,Yes,Yes,Yes,0,Yes,Electronic check,Yes,Yes,Yes,No,No,80.8,DSL,
109.7,72,No,,0,,Two year,9680-NIAUV,Yes,Yes,Female,1,8129.3,61+,72,No,Yes,Yes,0,Yes,Credit card (automatic),Yes,No,Yes,Yes,Yes,109.7,Fiber optic,
116.15,34,No,,0,,Two year,9695-IDRZR,Yes,Yes,Female,1,3946.9,25-36,34,Yes,Yes,Yes,0,Yes,Credit card (automatic),No,Yes,Yes,Yes,Yes,116.15,Fiber optic,
20.15,39,No,,0,,Two year,9710-NJERN,No,No,Female,1,826,37-48,39,No,No,No,0,Yes,Mailed check,No,No,No,No,No,20.15,No,
61.4,14,No,,0,,Two year,9715-SBVSU,Yes,No,Male,1,815.55,13-24,14,No,No,Yes,0,Yes,Bank transfer (automatic),Yes,Yes,Yes,Yes,No,61.4,DSL,
97.2,71,No,,0,,Two year,9715-WZCLW,Yes,No,Male,1,6910.3,61+,71,No,Yes,Yes,0,Yes,Electronic check,Yes,Yes,Yes,No,Yes,97.2,Fiber optic,
25.85,27,No,,0,,Two year,9717-IOAAF,Yes,No,Male,1,788.55,25-36,27,No,No,No,0,Yes,Credit card (automatic),No,Yes,No,No,Yes,25.85,No,
117.5,72,No,,0,,Two year,9739-JLPQJ,Yes,Yes,Female,1,8670.1,61+,72,Yes,Yes,Yes,0,Yes,Credit card (automatic),Yes,No,Yes,Yes,Yes,117.5,Fiber optic,
67.4,49,No,,0,,Two year,9755-JHNMN,No,Yes,Female,1,3306.85,49-60,49,Yes,No,No,0,Yes,Bank transfer (automatic),No,No,Yes,Yes,No,67.4,DSL,
18.4,59,No,,0,,Two year,9764-REAFF,No,No,Female,1,1057.85,49-60,59,No,No,No,0,Yes,Bank transfer (automatic),Yes,No,No,No,No,18.4,No,
66,70,No,,0,,Two year,9769-TSBZE,Yes,No,Female,1,4891.5,61+,70,Yes,No,No,0,Yes,Electronic check,No,No,Yes,Yes,Yes,66,DSL,
93.4,64,No,,0,,Two year,9777-IQHWP,Yes,Yes,Male,1,5822.3,61+,64,No,No,Yes,0,Yes,Bank transfer (automatic),Yes,No,Yes,No,Yes,93.4,Fiber optic,
92,72,No,,0,,Two year,9778-OGKQZ,No,Yes,Male,1,6782.15,61+,72,Yes,Yes,Yes,0,Yes,Credit card (automatic),Yes,Yes,Yes,Yes,Yes,92,DSL,
113.2,35,No,,0,,Two year,9786-IJYDL,No,Yes,Female,1,3914.05,25-36,35,Yes,Yes,Yes,0,Yes,Mailed check,No,Yes,Yes,Yes,Yes,113.2,Fiber optic,
63.55,63,No,,0,,Two year,9786-YWNHU,Yes,Yes,Female,1,4014.2,61+,63,Yes,No,No,0,Yes,Mailed check,Yes,No,Yes,Yes,No,63.55,DSL,
116.95,72,No,,0,,Two year,9788-HNGUT,No,Yes,Male,1,8594.4,61+,72,Yes,Yes,Yes,0,Yes,Credit card (automatic),Yes,Yes,Yes,Yes,Yes,116.95,Fiber optic,
85,64,No,,0,,Two year,9795-NREXC,No,Yes,Female,1,5484.4,61+,64,Yes,Yes,Yes,0,Yes,Credit card (automatic),Yes,Yes,Yes,No,Yes,85,DSL,
58.2,66,No,,0,,Two year,9795-SHUHB,Yes,No,Female,1,3810.8,61+,66,Yes,No,No,0,Yes,Credit card (automatic),Yes,Yes,Yes,Yes,No,58.2,DSL,
39.7,14,No,,0,,Two year,9796-MVYXX,No,Yes,Female,1,692.35,13-24,14,Yes,No,No,1,No,Mailed check,No,No,Yes,No,No phone service,39.7,DSL,
21.1,46,No,,0,,Two year,9798-OPFEM,No,No,Female,1,937.1,37-48,46,No,No,No,0,Yes,Electronic check,No,Yes,No,No,No,21.1,No,
20,66,No,,0,,Two year,9800-OUIGR,Yes,No,Male,1,1374.2,61+,66,No,No,No,0,Yes,Credit card (automatic),Yes,No,No,No,No,20,No,
109.55,72,No,,0,,Two year,9802-CAQUT,Yes,Yes,Female,1,7887.25,61+,72,No,Yes,Yes,0,Yes,Credit card (automatic),Yes,No,Yes,Yes,Yes,109.55,Fiber optic,
19.5,53,No,,0,,Two year,9814-AOUDH,No,No,Male,1,1050.5,49-60,53,No,No,No,0,Yes,Credit card (automatic),No,No,No,No,No,19.5,No,
80.85,72,No,,0,,Two year,9823-EALYC,Yes,Yes,Male,1,5727.45,61+,72,Yes,Yes,No,0,Yes,Bank transfer (automatic),Yes,Yes,Yes,Yes,Yes,80.85,DSL,
26.1,72,No,,0,,Two year,9838-BFCQT,Yes,No,Male,1,1851.45,61+,72,No,No,No,0,Yes,Mailed check,Yes,No,No,No,Yes,26.1,No,
79.2,59,No,,0,,Two year,9845-PEEKO,No,No,Female,1,4590.35,49-60,59,No,No,No,1,Yes,Credit card (automatic),No,Yes,No,Yes,Yes,79.2,Fiber optic,
100.9,72,No,,0,,Two year,9848-JQJTX,No,Yes,Male,1,7459.05,61+,72,No,Yes,Yes,0,Yes,Bank transfer (automatic),No,Yes,No,Yes,Yes,100.9,Fiber optic,
108.05,72,No,,0,,Two year,9861-PDSZP,No,Yes,Female,1,7806.6,61+,72,Yes,Yes,Yes,0,Yes,Credit card (automatic),No,Yes,No,Yes,Yes,108.05,Fiber optic,
109.75,72,No,,0,,Two year,9866-OCCKE,No,Yes,Female,1,8075.35,61+,72,Yes,Yes,Yes,1,Yes,Mailed check,Yes,Yes,Yes,No,Yes,109.75,Fiber optic,
53.15,21,No,,0,,Two year,9867-XOBQA,Yes,Yes,Female,1,1183.2,13-24,21,Yes,Yes,No,0,No,Mailed check,No,No,Yes,Yes,No phone service,53.15,DSL,
67.65,34,No,,0,,Two year,9871-ELEYA,Yes,Yes,Female,1,2339.3,25-36,34,Yes,Yes,No,0,Yes,Credit card (automatic),No,No,Yes,No,No,67.65,DSL,
60,72,No,,0,,Two year,9880-TDQAC,Yes,Yes,Female,1,4264,61+,72,Yes,Yes,Yes,0,No,Electronic check,Yes,Yes,No,Yes,No phone service,60,DSL,
46.35,35,No,,0,,Two year,9885-MFVSU,Yes,No,Female,1,1662.05,25-36,35,Yes,Yes,No,0,No,Credit card (automatic),Yes,Yes,Yes,No,No phone service,46.35,DSL,
60.05,64,No,,0,,Two year,9888-ZCUMM,Yes,Yes,Male,1,3845.45,61+,64,Yes,Yes,Yes,0,No,Bank transfer (automatic),Yes,Yes,Yes,No,No phone service,60.05,DSL,
53.5,65,No,,0,,Two year,9906-NHHVC,No,Yes,Female,1,3517.9,61+,65,No,Yes,Yes,1,No,Bank transfer (automatic),No,Yes,No,Yes,No phone service,53.5,DSL,
19.85,48,No,,0,,Two year,9916-AYHTC,No,No,Male,1,916,37-48,48,No,No,No,0,Yes,Credit card (automatic),No,No,No,No,No,19.85,No,
84.1,72,No,,0,,Two year,9919-FZDED,No,Yes,Male,1,5981.65,61+,72,No,Yes,Yes,1,Yes,Credit card (automatic),Yes,Yes,Yes,Yes,Yes,84.1,DSL,
118.2,72,No,,0,,Two year,9924-JPRMC,No,Yes,Male,1,8547.15,61+,72,Yes,Yes,Yes,0,Yes,Electronic check,No,Yes,Yes,Yes,Yes,118.2,Fiber optic,
76.8,72,No,,0,,Two year,9926-PJHDQ,Yes,Yes,Female,1,5468.45,61+,72,No,Yes,Yes,0,Yes,Bank transfer (automatic),Yes,Yes,No,No,Yes,76.8,DSL,
49.85,12,No,,0,,Two year,9928-BZVLZ,No,Yes,Female,1,552.1,0-12,12,Yes,No,Yes,0,No,Mailed check,No,No,Yes,No,No phone service,49.85,DSL,
97.2,60,No,,0,,Two year,9933-QRGTX,No,No,Female,1,5611.75,49-60,60,Yes,Yes,Yes,0,Yes,Electronic check,Yes,Yes,Yes,No,No,97.2,Fiber optic,
19.7,41,No,,0,,Two year,9938-PRCVK,Yes,No,Female,1,804.25,37-48,41,No,No,No,0,Yes,Bank transfer (automatic),Yes,No,No,No,No,19.7,No,
99.55,68,No,,0,,Two year,9938-TKDGL,Yes,No,Male,1,6668,61+,68,Yes,Yes,Yes,0,Yes,Electronic check,Yes,Yes,Yes,No,No,99.55,Fiber optic,
18.7,25,No,,0,,Two year,9945-PSVIP,Yes,No,Female,1,383.65,25-36,25,No,No,No,0,Yes,Mailed check,Yes,Yes,No,No,No,18.7,No,
20.3,28,No,,0,,Two year,9950-MTGYX,Yes,No,Male,1,487.95,25-36,28,No,No,No,0,Yes,Credit card (automatic),Yes,Yes,No,No,No,20.3,No,
25.25,63,No,,0,,Two year,9953-ZMKSM,No,No,Male,1,1559.3,61+,63,No,No,No,0,Yes,Mailed check,No,No,No,No,Yes,25.25,No,
103.95,72,No,,0,,Two year,9958-MEKUC,Yes,Yes,Male,1,7517.7,61+,72,Yes,No,Yes,0,Yes,Credit card (automatic),Yes,No,Yes,Yes,Yes,103.95,Fiber optic,
106.7,71,No,,0,,Two year,9959-WOFKT,Yes,Yes,Male,1,7382.25,61+,71,No,Yes,Yes,0,Yes,Bank transfer (automatic),No,No,Yes,No,Yes,106.7,Fiber optic,
24.4,71,No,,0,,Two year,9964-WBQDJ,No,No,Female,1,1725.4,61+,71,No,No,No,0,Yes,Credit card (automatic),Yes,Yes,No,No,Yes,24.4,No,
19.25,67,No,,0,,Two year,9972-EWRJS,Yes,No,Female,1,1372.9,61+,67,No,No,No,0,Yes,Bank transfer (automatic),Yes,Yes,No,No,No,19.25,No,
19.75,46,No,,0,,Two year,9975-GPKZU,Yes,No,Male,1,856.5,37-48,46,No,No,No,0,Yes,Credit card (automatic),Yes,No,No,No,No,19.75,No,
67.85,67,No,,0,,Two year,9993-LHIEB,Yes,Yes,Male,1,4627.65,61+,67,Yes,No,Yes,0,Yes,Mailed check,Yes,No,Yes,No,No,67.85,DSL,
59,63,No,,0,,Two year,9995-HOTOH,Yes,Yes,Male,1,3707.6,61+,63,No,Yes,Yes,0,No,Electronic check,Yes,No,Yes,Yes,No phone service,59,DSL,
73.9,4,Yes,1,1,1,Month-to-month,0004-TLHLJ,No,Yes,Male,1,280.85,0-12,4,No,No,No,0,Yes,Electronic check,No,Yes,No,No,No,73.9,Fiber optic,73.9
98,13,Yes,1,1,1,Month-to-month,0011-IGKFF,No,Yes,Male,1,1237.85,13-24,13,No,Yes,Yes,1,Yes,Electronic check,Yes,Yes,No,Yes,No,98,Fiber optic,98
83.9,3,Yes,1,1,1,Month-to-month,0013-EXCHZ,No,No,Female,1,267.4,0-12,3,Yes,Yes,No,1,Yes,Mailed check,Yes,Yes,No,No,No,83.9,Fiber optic,83.9
25.1,1,Yes,1,1,1,Month-to-month,0023-HGHWL,No,No,Male,1,25.1,0-12,1,No,No,No,1,No,Electronic check,No,Yes,No,No,No phone service,25.1,DSL,25.1
94.1,13,Yes,1,1,1,Month-to-month,0023-XUOPT,No,Yes,Female,1,1215.6,13-24,13,No,Yes,No,0,Yes,Electronic check,Yes,No,No,Yes,Yes,94.1,Fiber optic,94.1
20.35,4,Yes,1,1,1,Month-to-month,0031-PVLZI,Yes,No,Female,1,76.35,0-12,4,No,No,No,0,Yes,Mailed check,Yes,No,No,No,No,20.35,No,20.35
30.5,1,Yes,1,1,1,Month-to-month,0032-PGELS,Yes,No,Female,1,30.5,0-12,1,No,No,No,0,No,Bank transfer (automatic),Yes,No,Yes,No,No phone service,30.5,DSL,30.5
49.25,2,Yes,1,1,1,Month-to-month,0067-DKWBL,No,No,Male,1,91.1,0-12,2,No,No,No,1,Yes,Electronic check,No,Yes,Yes,No,No,49.25,DSL,49.25
104.5,40,Yes,1,1,1,Month-to-month,0093-XWZFY,No,Yes,Male,1,4036.85,37-48,40,No,Yes,Yes,0,Yes,Credit card (automatic),No,Yes,No,Yes,Yes,104.5,Fiber optic,104.5
95,11,Yes,1,1,1,Month-to-month,0094-OIFMO,No,No,Female,1,1120.3,0-12,11,No,Yes,Yes,1,Yes,Electronic check,No,Yes,No,Yes,No,95,Fiber optic,95
19.85,1,Yes,1,1,1,Month-to-month,0107-WESLM,No,No,Male,1,19.85,0-12,1,No,No,No,0,Yes,Electronic check,No,Yes,No,No,No,19.85,No,19.85
99.75,1,Yes,1,1,1,Month-to-month,0107-YHINA,Yes,Yes,Male,1,99.75,0-12,1,No,Yes,Yes,0,Yes,Electronic check,No,Yes,No,No,Yes,99.75,Fiber optic,99.75
111.2,21,Yes,1,1,1,Month-to-month,0115-TFERT,No,Yes,Male,1,2317.1,13-24,21,Yes,Yes,Yes,0,Yes,Electronic check,Yes,Yes,No,Yes,Yes,111.2,Fiber optic,111.2
40.2,37,Yes,1,1,1,Month-to-month,0117-LFRMW,Yes,Yes,Male,1,1448.8,37-48,37,No,No,No,0,No,Bank transfer (automatic),Yes,No,Yes,Yes,No phone service,40.2,DSL,40.2
73.85,7,Yes,1,1,1,Month-to-month,0122-OAHPZ,No,No,Female,1,511.25,0-12,7,No,No,No,0,Yes,Electronic check,No,Yes,No,No,Yes,73.85,Fiber optic,73.85
101.35,15,Yes,1,1,1,Month-to-month,0125-LZQXK,No,Yes,Male,1,1553.95,13-24,15,Yes,Yes,Yes,0,Yes,Electronic check,No,Yes,No,No,No,101.35,Fiber optic,101.35
86.25,2,Yes,1,1,1,Month-to-month,0133-BMFZO,No,No,Female,1,181.65,0-12,2,Yes,No,No,0,Yes,Electronic check,No,Yes,Yes,Yes,No,86.25,Fiber optic,86.25
89.75,12,Yes,1,1,1,Month-to-month,0135-NMXAP,No,No,Female,1,1052.4,0-12,12,No,Yes,No,0,Yes,Bank transfer (automatic),No,Yes,No,Yes,Yes,89.75,Fiber optic,89.75
80.2,1,Yes,1,1,1,Month-to-month,0137-OCGAB,No,No,Female,1,80.2,0-12,1,No,No,No,0,Yes,Mailed check,No,Yes,No,Yes,Yes,80.2,Fiber optic,80.2
19.85,3,Yes,1,1,1,Month-to-month,0137-UDEUO,No,No,Female,1,63.75,0-12,3,No,No,No,0,Yes,Mailed check,No,No,No,No,No,19.85,No,19.85
94.7,25,Yes,1,1,1,Month-to-month,0148-DCDOS,No,No,Male,1,2362.1,25-36,25,No,Yes,Yes,0,Yes,Bank transfer (automatic),No,Yes,No,No,Yes,94.7,Fiber optic,94.7
70.9,1,Yes,1,1,1,Month-to-month,0151-ONTOV,No,No,Female,1,70.9,0-12,1,No,No,No,0,Yes,Mailed check,No,No,No,No,No,70.9,Fiber optic,70.9
54.2,22,Yes,1,1,1,Month-to-month,0156-FVPTA,No,No,Male,1,1152.7,13-24,22,Yes,No,No,0,Yes,Electronic check,Yes,Yes,Yes,No,No,54.2,DSL,54.2
85.25,10,Yes,1,1,1,Month-to-month,0195-IESCP,No,No,Male,1,855.3,0-12,10,No,No,Yes,0,Yes,Electronic check,Yes,Yes,No,No,Yes,85.25,Fiber optic,85.25
84.35,6,Yes,1,1,1,Month-to-month,0196-VULGZ,No,No,Female,1,474.9,0-12,6,No,No,Yes,1,Yes,Electronic check,Yes,Yes,No,No,Yes,84.35,Fiber optic,84.35
105.1,15,Yes,1,1,1,Month-to-month,0207-MDKNV,No,Yes,Female,1,1582.75,13-24,15,Yes,Yes,Yes,0,Yes,Electronic check,No,No,Yes,No,No,105.1,Fiber optic,105.1
84.8,4,Yes,1,1,1,Month-to-month,0219-YTZUE,Yes,Yes,Male,1,371.9,0-12,4,No,No,No,0,Yes,Bank transfer (automatic),Yes,Yes,No,Yes,Yes,84.8,Fiber optic,84.8
85.85,2,Yes,1,1,1,Month-to-month,0220-EBGCE,No,Yes,Male,1,167.3,0-12,2,No,No,Yes,0,Yes,Electronic check,No,Yes,No,No,No,85.85,Fiber optic,85.85
47.15,5,Yes,1,1,1,Month-to-month,0224-HJAPT,No,No,Male,1,223.15,0-12,5,No,No,No,0,Yes,Electronic check,No,No,No,No,Yes,47.15,DSL,47.15
75.9,1,Yes,1,1,1,Month-to-month,0231-LXVAP,No,No,Male,1,75.9,0-12,1,Yes,No,No,0,Yes,Electronic check,No,Yes,No,No,No,75.9,Fiber optic,75.9
85.55,1,Yes,1,1,1,Month-to-month,0235-KGSLC,No,Yes,Female,1,85.55,0-12,1,No,Yes,No,0,Yes,Credit card (automatic),No,Yes,No,No,No,85.55,Fiber optic,85.55
93.35,15,Yes,1,1,1,Month-to-month,0236-HFWSV,No,No,Male,1,1444.65,13-24,15,No,Yes,Yes,0,Yes,Electronic check,No,Yes,No,No,Yes,93.35,Fiber optic,93.35
81.05,28,Yes,1,1,1,Month-to-month,0256-LTHVJ,Yes,No,Female,1,2227.1,25-36,28,No,No,Yes,0,Yes,Electronic check,Yes,Yes,No,No,No,81.05,Fiber optic,81.05
75.2,27,Yes,1,1,1,Month-to-month,0257-ZESQC,No,No,Female,1,1929.35,25-36,27,No,No,No,1,Yes,Bank transfer (automatic),Yes,Yes,Yes,No,No,75.2,Fiber optic,75.2
85.65,2,Yes,1,1,1,Month-to-month,0259-GBZSH,No,No,Male,1,181.5,0-12,2,No,Yes,No,0,Yes,Electronic check,No,Yes,No,No,Yes,85.65,Fiber optic,85.65
72.9,9,Yes,1,1,1,Month-to-month,0260-ZDLGK,Yes,Yes,Female,1,651.4,0-12,9,Yes,Yes,Yes,0,Yes,Mailed check,No,Yes,No,No,No,72.9,DSL,72.9
74.9,32,Yes,1,1,1,Month-to-month,0265-EDXBD,No,No,Male,1,2303.35,25-36,32,No,No,No,1,Yes,Electronic check,Yes,Yes,No,No,Yes,74.9,Fiber optic,74.9
19.75,3,Yes,1,1,1,Month-to-month,0268-QKIWO,No,No,Female,1,58.85,0-12,3,No,No,No,0,Yes,Electronic check,No,No,No,No,No,19.75,No,19.75
21.05,5,Yes,1,1,1,Month-to-month,0278-YXOOG,No,No,Male,1,113.85,0-12,5,No,No,No,0,Yes,Mailed check,No,No,No,No,No,21.05,No,21.05
103.7,49,Yes,1,1,1,Month-to-month,0280-XJGEX,No,Yes,Male,1,5036.3,49-60,49,No,Yes,Yes,0,Yes,Bank transfer (automatic),No,Yes,No,Yes,Yes,103.7,Fiber optic,103.7
95.45,1,Yes,1,1,1,Month-to-month,0295-PPHDO,No,No,Male,1,95.45,0-12,1,No,Yes,Yes,0,Yes,Electronic check,No,Yes,No,No,Yes,95.45,Fiber optic,95.45
101.15,8,Yes,1,1,1,Month-to-month,0302-JOIVN,No,Yes,Female,1,842.9,0-12,8,No,Yes,Yes,0,Yes,Electronic check,Yes,No,No,Yes,No,101.15,Fiber optic,101.15
96.1,5,Yes,1,1,1,Month-to-month,0306-JAELE,No,No,Male,1,453.4,0-12,5,Yes,Yes,Yes,0,Yes,Electronic check,No,Yes,No,No,No,96.1,Fiber optic,96.1
99.15,61,Yes,1,1,1,Month-to-month,0310-MVLET,Yes,No,Female,1,6010.05,61+,61,No,Yes,Yes,0,Yes,Electronic check,Yes,Yes,No,Yes,Yes,99.15,Fiber optic,99.15
88.8,26,Yes,1,1,1,Month-to-month,0311-UNPFF,No,No,Female,1,2274.35,25-36,26,No,Yes,Yes,0,Yes,Bank transfer (automatic),No,Yes,No,No,No,88.8,Fiber optic,88.8
80.55,1,Yes,1,1,1,Month-to-month,0318-QUUOB,No,No,Male,1,80.55,0-12,1,No,Yes,No,0,Yes,Electronic check,Yes,Yes,No,No,No,80.55,Fiber optic,80.55
99.85,23,Yes,1,1,1,Month-to-month,0320-JDNQG,Yes,No,Male,1,2331.3,13-24,23,Yes,Yes,Yes,0,Yes,Electronic check,Yes,Yes,Yes,No,No,99.85,Fiber optic,99.85
45.35,2,Yes,1,1,1,Month-to-month,0322-CHQRU,No,No,Male,1,89.5,0-12,2,No,No,No,0,Yes,Electronic check,No,No,No,No,No,45.35,DSL,45.35
48.55,1,Yes,1,1,1,Month-to-month,0322-YINQP,No,No,Male,1,48.55,0-12,1,No,No,No,0,Yes,Mailed check,No,Yes,Yes,No,No,48.55,DSL,48.55
100.2,68,Yes,1,1,1,Month-to-month,0324-BRPCJ,No,No,Female,1,6851.65,61+,68,No,Yes,Yes,1,Yes,Electronic check,Yes,Yes,No,Yes,Yes,100.2,Fiber optic,100.2
94.7,8,Yes,1,1,1,Month-to-month,0325-XBFAC,No,Yes,Male,1,740.3,0-12,8,No,Yes,Yes,0,Yes,Electronic check,No,Yes,No,No,No,94.7,Fiber optic,94.7
70.1,1,Yes,1,1,1,Month-to-month,0328-GRPMV,No,No,Female,1,70.1,0-12,1,No,No,No,0,Yes,Electronic check,No,Yes,No,No,No,70.1,Fiber optic,70.1
97.9,3,Yes,1,1,1,Month-to-month,0329-GTIAJ,No,No,Female,1,315.3,0-12,3,Yes,Yes,Yes,0,Yes,Electronic check,No,Yes,No,Yes,No,97.9,Fiber optic,97.9
69.95,5,Yes,1,1,1,Month-to-month,0330-IVZHA,No,No,Female,1,330.15,0-12,5,No,No,No,0,Yes,Electronic check,Yes,No,No,No,No,69.95,Fiber optic,69.95
81.35,3,Yes,1,1,1,Month-to-month,0334-GDDSO,No,No,Male,1,233.7,0-12,3,No,No,No,1,Yes,Electronic check,No,Yes,No,Yes,Yes,81.35,Fiber optic,81.35
106.3,41,Yes,1,1,1,Month-to-month,0337-CNPZE,No,Yes,Female,1,4443.45,37-48,41,No,Yes,Yes,0,Yes,Electronic check,No,Yes,No,Yes,Yes,106.3,Fiber optic,106.3
89.3,6,Yes,1,1,1,Month-to-month,0345-HKJVM,No,No,Female,1,577.6,0-12,6,No,Yes,Yes,0,Yes,Electronic check,No,No,No,No,No,89.3,Fiber optic,89.3
102.1,58,Yes,1,1,1,Month-to-month,0348-SDKOL,No,Yes,Female,1,5885.4,49-60,58,Yes,Yes,Yes,0,Yes,Credit card (automatic),Yes,Yes,No,No,Yes,102.1,Fiber optic,102.1
98.9,31,Yes,1,1,1,Month-to-month,0354-WYROK,Yes,Yes,Female,1,2911.3,25-36,31,Yes,Yes,Yes,1,Yes,Electronic check,Yes,Yes,No,No,No,98.9,Fiber optic,98.9
84.9,36,Yes,1,1,1,Month-to-month,0362-ZBZWJ,No,No,Male,1,3067.2,25-36,36,No,No,Yes,0,Yes,Electronic check,No,Yes,No,No,Yes,84.9,Fiber optic,84.9
108.15,32,Yes,1,1,1,Month-to-month,0363-QJVFX,No,No,Male,1,3432.9,25-36,32,Yes,Yes,Yes,0,Yes,Credit card (automatic),No,Yes,Yes,Yes,Yes,108.15,Fiber optic,108.15
34.7,1,Yes,1,1,1,Month-to-month,0375-HVGXO,No,No,Female,1,34.7,0-12,1,No,Yes,No,0,No,Electronic check,No,Yes,No,No,No phone service,34.7,DSL,34.7
90.6,23,Yes,1,1,1,Month-to-month,0376-YMCJC,No,No,Male,1,1943.2,13-24,23,Yes,Yes,No,0,Yes,Electronic check,No,Yes,No,No,Yes,90.6,Fiber optic,90.6
88.25,17,Yes,1,1,1,Month-to-month,0378-NHQXU,Yes,Yes,Female,1,1460.65,13-24,17,No,Yes,No,0,Yes,Electronic check,Yes,No,No,No,Yes,88.25,Fiber optic,88.25
85.8,3,Yes,1,1,1,Month-to-month,0378-TOVMS,No,No,Female,1,272.2,0-12,3,Yes,No,Yes,0,Yes,Electronic check,No,No,No,No,No,85.8,Fiber optic,85.8
74.4,2,Yes,1,1,1,Month-to-month,0388-EOPEX,No,No,Female,1,139.4,0-12,2,No,No,No,0,Yes,Electronic check,Yes,Yes,Yes,No,No,74.4,Fiber optic,74.4
70.45,1,Yes,1,1,1,Month-to-month,0390-DCFDQ,No,No,Female,1,70.45,0-12,1,No,No,No,1,Yes,Mailed check,Yes,Yes,No,No,No,70.45,Fiber optic,70.45
93.85,59,Yes,1,1,1,Month-to-month,0397-GZBBC,No,No,Male,1,5574.75,49-60,59,No,Yes,Yes,1,Yes,Bank transfer (automatic),Yes,Yes,No,No,Yes,93.85,Fiber optic,93.85
101.9,37,Yes,1,1,1,Month-to-month,0402-CQAJN,No,Yes,Female,1,3545.35,37-48,37,No,Yes,Yes,0,Yes,Bank transfer (automatic),No,Yes,No,Yes,Yes,101.9,Fiber optic,101.9
74.4,3,Yes,1,1,1,Month-to-month,0404-SWRVG,No,No,Male,1,229.55,0-12,3,No,No,No,0,Yes,Electronic check,No,Yes,No,No,Yes,74.4,Fiber optic,74.4
95.75,60,Yes,1,1,1,Month-to-month,0407-BDJKB,No,Yes,Male,1,5742.9,49-60,60,No,Yes,No,0,Yes,Electronic check,Yes,Yes,No,Yes,Yes,95.75,Fiber optic,95.75
44.4,1,Yes,1,1,1,Month-to-month,0415-MOSGF,No,No,Female,1,44.4,0-12,1,No,No,No,0,Yes,Mailed check,No,No,No,No,No,44.4,DSL,44.4
25.5,8,Yes,1,1,1,Month-to-month,0420-BWTPW,Yes,No,Male,1,215.2,0-12,8,No,No,No,0,No,Mailed check,No,No,No,No,No phone service,25.5,DSL,25.5
20.9,1,Yes,1,1,1,Month-to-month,0426-TIRNE,No,No,Female,1,20.9,0-12,1,No,No,No,0,Yes,Mailed check,No,No,No,No,No,20.9,No,20.9
45.3,48,Yes,1,1,1,Month-to-month,0447-BEMNG,No,Yes,Female,1,2145,37-48,48,No,No,Yes,0,No,Bank transfer (automatic),Yes,Yes,Yes,No,No phone service,45.3,DSL,45.3
83.8,23,Yes,1,1,1,Month-to-month,0461-CVKMU,Yes,Yes,Female,1,1900.25,13-24,23,Yes,No,No,0,Yes,Electronic check,Yes,No,No,Yes,No,83.8,Fiber optic,83.8
77.85,43,Yes,1,1,1,Month-to-month,0475-RIJEP,No,No,Male,1,3365.85,37-48,43,No,No,No,0,Yes,Electronic check,No,Yes,No,Yes,Yes,77.85,Fiber optic,77.85
96.75,55,Yes,1,1,1,Month-to-month,0486-HECZI,No,No,Male,1,5238.9,49-60,55,No,Yes,No,0,Yes,Electronic check,Yes,Yes,Yes,Yes,Yes,96.75,Fiber optic,96.75
69.5,1,Yes,1,1,1,Month-to-month,0488-GSLFR,No,No,Female,1,69.5,0-12,1,No,No,No,0,Yes,Electronic check,No,Yes,No,No,No,69.5,Fiber optic,69.5
79.7,1,Yes,1,1,1,Month-to-month,0495-RVCBF,No,No,Female,1,79.7,0-12,1,No,No,Yes,0,Yes,Electronic check,No,Yes,No,No,No,79.7,Fiber optic,79.7
79.9,5,Yes,1,1,1,Month-to-month,0495-ZBNGW,No,Yes,Male,1,343.95,0-12,5,No,No,No,1,Yes,Bank transfer (automatic),Yes,Yes,No,No,Yes,79.9,Fiber optic,79.9
88.3,27,Yes,1,1,1,Month-to-month,0504-HHAPI,No,Yes,Female,1,2467.75,25-36,27,No,No,Yes,1,Yes,Credit card (automatic),No,No,No,No,Yes,88.3,Fiber optic,88.3
75.55,5,Yes,1,1,1,Month-to-month,0506-LVNGN,No,Yes,Female,1,349.65,0-12,5,No,No,No,1,Yes,Credit card (automatic),No,Yes,No,No,No,75.55,Fiber optic,75.55
71.1,1,Yes,1,1,1,Month-to-month,0511-JTEOY,No,No,Female,1,71.1,0-12,1,No,No,No,0,Yes,Mailed check,No,No,No,No,No,71.1,Fiber optic,71.1
70.45,1,Yes,1,1,1,Month-to-month,0515-YPMCW,Yes,No,Male,1,70.45,0-12,1,No,No,No,0,Yes,Mailed check,No,Yes,No,No,No,70.45,Fiber optic,70.45
54.2,5,Yes,1,1,1,Month-to-month,0516-WJVXC,No,No,Female,1,308.25,0-12,5,Yes,No,No,0,Yes,Electronic check,No,No,Yes,No,No,54.2,DSL,54.2
70.75,1,Yes,1,1,1,Month-to-month,0519-XUZJU,No,No,Female,1,70.75,0-12,1,No,No,No,0,Yes,Mailed check,No,No,No,No,No,70.75,Fiber optic,70.75
85,30,Yes,1,1,1,Month-to-month,0524-IAVZO,No,No,Female,1,2624.25,25-36,30,No,No,Yes,0,Yes,Electronic check,Yes,Yes,No,No,Yes,85,Fiber optic,85
75.65,15,Yes,1,1,1,Month-to-month,0529-ONKER,No,No,Male,1,1146.65,13-24,15,No,No,No,1,Yes,Electronic check,No,No,No,No,Yes,75.65,Fiber optic,75.65
85.45,55,Yes,1,1,1,Month-to-month,0533-BNWKF,No,Yes,Female,1,4874.7,49-60,55,No,No,No,1,Yes,Electronic check,Yes,Yes,No,Yes,Yes,85.45,Fiber optic,85.45
95.5,9,Yes,1,1,1,Month-to-month,0564-JJHGS,No,No,Male,1,829.1,0-12,9,No,Yes,Yes,0,Yes,Electronic check,No,Yes,No,No,Yes,95.5,Fiber optic,95.5
25.9,5,Yes,1,1,1,Month-to-month,0568-ONFPC,Yes,No,Male,1,135,0-12,5,No,No,No,0,Yes,Bank transfer (automatic),Yes,Yes,No,No,Yes,25.9,No,25.9
95.55,27,Yes,1,1,1,Month-to-month,0576-WNXXC,No,Yes,Male,1,2510.2,25-36,27,No,No,Yes,1,Yes,Electronic check,Yes,Yes,No,Yes,Yes,95.55,Fiber optic,95.55
83.3,22,Yes,1,1,1,Month-to-month,0578-SKVMF,Yes,No,Female,1,1845.9,13-24,22,No,No,Yes,0,Yes,Electronic check,Yes,No,No,Yes,No,83.3,Fiber optic,83.3
49.85,8,Yes,1,1,1,Month-to-month,0587-DMGBH,No,No,Female,1,365.55,0-12,8,No,No,No,0,Yes,Electronic check,No,Yes,Yes,No,No,49.85,DSL,49.85
100.15,62,Yes,1,1,1,Month-to-month,0596-BQCEQ,Yes,Yes,Female,1,6283.3,61+,62,No,Yes,Yes,0,Yes,Electronic check,Yes,Yes,No,Yes,No,100.15,Fiber optic,100.15
46.35,14,Yes,1,1,1,Month-to-month,0601-WZHJF,No,No,Male,1,667.7,13-24,14,No,Yes,Yes,0,No,Electronic check,Yes,No,No,No,No phone service,46.35,DSL,46.35
89,20,Yes,1,1,1,Month-to-month,0611-DFXKO,No,No,Male,1,1820.45,13-24,20,No,Yes,Yes,0,Yes,Mailed check,Yes,Yes,No,No,No,89,Fiber optic,89
25.25,1,Yes,1,1,1,Month-to-month,0612-RTZZA,No,No,Female,1,25.25,0-12,1,No,No,No,1,No,Electronic check,No,No,No,No,No phone service,25.25,DSL,25.25
25.05,1,Yes,1,1,1,Month-to-month,0616-ATFGB,No,No,Male,1,25.05,0-12,1,No,No,No,1,No,Electronic check,Yes,No,No,No,No phone service,25.05,DSL,25.05
75.2,49,Yes,1,1,1,Month-to-month,0617-FHSGK,Yes,No,Male,1,3678.3,49-60,49,No,No,No,0,Yes,Credit card (automatic),No,No,No,No,Yes,75.2,Fiber optic,75.2
74.9,28,Yes,1,1,1,Month-to-month,0618-XWMSS,Yes,No,Male,1,2068.55,25-36,28,No,No,No,0,Yes,Bank transfer (automatic),No,Yes,Yes,No,No,74.9,Fiber optic,74.9
45.55,10,Yes,1,1,1,Month-to-month,0621-TWIEM,No,No,Male,1,402.6,0-12,10,No,No,No,0,Yes,Electronic check,No,Yes,No,No,No,45.55,DSL,45.55
41.9,21,Yes,1,1,1,Month-to-month,0623-IIHUG,No,No,Female,1,840.1,13-24,21,No,Yes,No,1,No,Electronic check,No,Yes,Yes,No,No phone service,41.9,DSL,41.9
90.05,23,Yes,1,1,1,Month-to-month,0634-SZPQA,No,No,Female,1,2169.8,13-24,23,No,Yes,No,0,Yes,Bank transfer (automatic),No,Yes,Yes,No,Yes,90.05,Fiber optic,90.05
76.5,2,Yes,1,1,1,Month-to-month,0637-KVDLV,No,No,Male,1,162.45,0-12,2,No,No,No,0,Yes,Electronic check,No,Yes,No,No,Yes,76.5,Fiber optic,76.5
84.05,13,Yes,1,1,1,Month-to-month,0637-UBJRP,Yes,No,Male,1,1095.3,13-24,13,No,No,Yes,0,Yes,Electronic check,Yes,No,Yes,No,No,84.05,Fiber optic,84.05
95.6,16,Yes,1,1,1,Month-to-month,0637-YLETY,No,Yes,Female,1,1555.65,13-24,16,No,No,Yes,0,Yes,Credit card (automatic),No,Yes,No,Yes,Yes,95.6,Fiber optic,95.6
102.95,67,Yes,1,1,1,Month-to-month,0639-TSIQW,No,Yes,Female,1,6886.25,61+,67,No,Yes,No,0,Yes,Credit card (automatic),No,Yes,Yes,Yes,Yes,102.95,Fiber optic,102.95
80.35,47,Yes,1,1,1,Month-to-month,0643-OKLRP,No,No,Female,1,3825.85,37-48,47,No,No,No,1,Yes,Electronic check,Yes,No,Yes,No,Yes,80.35,Fiber optic,80.35
104.4,21,Yes,1,1,1,Month-to-month,0654-HMSHN,Yes,Yes,Male,1,2157.95,13-24,21,No,Yes,Yes,0,Yes,Electronic check,Yes,No,No,Yes,Yes,104.4,Fiber optic,104.4
98.05,7,Yes,1,1,1,Month-to-month,0655-RBDUG,No,Yes,Male,1,713,0-12,7,No,Yes,Yes,0,Yes,Bank transfer (automatic),No,Yes,No,No,Yes,98.05,Fiber optic,98.05
25.8,1,Yes,1,1,1,Month-to-month,0661-XEYAN,No,No,Female,1,25.8,0-12,1,No,No,No,1,No,Mailed check,No,Yes,No,No,No phone service,25.8,DSL,25.8
69.25,1,Yes,1,1,1,Month-to-month,0679-IDSTG,Yes,No,Female,1,69.25,0-12,1,No,No,No,1,Yes,Electronic check,Yes,Yes,No,No,No,69.25,Fiber optic,69.25
101.1,15,Yes,1,1,1,Month-to-month,0680-DFNNY,No,Yes,Male,1,1504.05,13-24,15,No,Yes,Yes,0,Yes,Electronic check,Yes,Yes,No,No,Yes,101.1,Fiber optic,101.1
95,1,Yes,1,1,1,Month-to-month,0684-AOSIH,No,No,Male,1,95,0-12,1,No,Yes,Yes,0,Yes,Electronic check,Yes,Yes,Yes,No,No,95,Fiber optic,95
70.75,2,Yes,1,1,1,Month-to-month,0685-MLYYM,No,No,Female,1,154.85,0-12,2,No,No,No,1,Yes,Electronic check,No,No,No,No,No,70.75,Fiber optic,70.75
83.2,13,Yes,1,1,1,Month-to-month,0689-NKYLF,No,Yes,Male,1,1060.6,13-24,13,No,Yes,No,0,Yes,Electronic check,No,Yes,No,No,No,83.2,Fiber optic,83.2
85.65,4,Yes,1,1,1,Month-to-month,0697-ZMSWS,No,No,Male,1,338.9,0-12,4,No,No,Yes,0,Yes,Electronic check,No,Yes,No,No,Yes,85.65,Fiber optic,85.65
101.7,4,Yes,1,1,1,Month-to-month,0702-PGIBZ,Yes,No,Male,1,364.55,0-12,4,No,Yes,Yes,0,Yes,Electronic check,No,Yes,No,Yes,Yes,101.7,Fiber optic,101.7
74.55,9,Yes,1,1,1,Month-to-month,0709-TVGUR,No,No,Female,1,622.9,0-12,9,No,No,No,1,Yes,Electronic check,No,Yes,No,No,Yes,74.55,Fiber optic,74.55
61.65,12,Yes,1,1,1,Month-to-month,0719-SYFRB,No,Yes,Female,1,713.75,0-12,12,Yes,No,No,0,Yes,Mailed check,No,Yes,Yes,No,Yes,61.65,DSL,61.65
74.9,4,Yes,1,1,1,Month-to-month,0722-TROQR,No,No,Female,1,321.75,0-12,4,No,No,No,1,Yes,Electronic check,No,Yes,No,No,Yes,74.9,Fiber optic,74.9
74.45,1,Yes,1,1,1,Month-to-month,0723-DRCLG,No,No,Female,1,74.45,0-12,1,No,No,No,1,Yes,Electronic check,Yes,Yes,No,No,Yes,74.45,Fiber optic,74.45
79.9,9,Yes,1,1,1,Month-to-month,0727-IWKVK,No,Yes,Male,1,741.7,0-12,9,No,No,No,0,Yes,Electronic check,Yes,Yes,No,Yes,No,79.9,Fiber optic,79.9
55.65,24,Yes,1,1,1,Month-to-month,0733-VUNUW,No,No,Male,1,1400.55,13-24,24,No,No,No,0,Yes,Bank transfer (automatic),No,Yes,Yes,No,Yes,55.65,DSL,55.65
50.05,4,Yes,1,1,1,Month-to-month,0742-MOABM,No,No,Male,1,179.35,0-12,4,Yes,No,No,0,Yes,Mailed check,Yes,No,No,No,No,50.05,DSL,50.05
82.3,1,Yes,1,1,1,Month-to-month,0742-NXBGR,No,Yes,Female,1,82.3,0-12,1,No,No,No,0,Yes,Electronic check,No,Yes,No,Yes,No,82.3,Fiber optic,82.3
25.05,2,Yes,1,1,1,Month-to-month,0746-JTRFU,No,No,Male,1,56.35,0-12,2,No,No,No,0,No,Electronic check,No,Yes,No,No,No phone service,25.05,DSL,25.05
95.85,2,Yes,1,1,1,Month-to-month,0754-UKWQP,No,Yes,Male,1,197.7,0-12,2,No,Yes,Yes,0,Yes,Electronic check,No,Yes,No,No,No,95.85,Fiber optic,95.85
19.3,1,Yes,1,1,1,Month-to-month,0761-AETCS,No,No,Female,1,19.3,0-12,1,No,No,No,0,Yes,Electronic check,No,No,No,No,No,19.3,No,19.3
88.35,3,Yes,1,1,1,Month-to-month,0772-GYEQQ,No,Yes,Male,1,262.05,0-12,3,Yes,Yes,No,0,Yes,Mailed check,No,Yes,No,No,No,88.35,Fiber optic,88.35
34.7,9,Yes,1,1,1,Month-to-month,0778-NELLA,No,No,Male,1,296.1,0-12,9,No,Yes,No,0,No,Credit card (automatic),No,Yes,No,No,No phone service,34.7,DSL,34.7
100.5,9,Yes,1,1,1,Month-to-month,0781-LKXBR,No,Yes,Male,1,918.6,0-12,9,No,Yes,Yes,1,Yes,Electronic check,No,Yes,No,No,Yes,100.5,Fiber optic,100.5
39,16,Yes,1,1,1,Month-to-month,0786-VSSUD,No,No,Male,1,679.85,13-24,16,No,Yes,No,1,No,Mailed check,No,Yes,No,Yes,No phone service,39,DSL,39
55.1,3,Yes,1,1,1,Month-to-month,0807-ZABDG,Yes,No,Female,1,154.65,0-12,3,Yes,No,No,0,Yes,Mailed check,No,Yes,Yes,No,No,55.1,DSL,55.1
70.85,1,Yes,1,1,1,Month-to-month,0812-WUPTB,No,No,Male,1,70.85,0-12,1,No,No,No,1,Yes,Mailed check,Yes,No,No,No,No,70.85,Fiber optic,70.85
81.45,27,Yes,1,1,1,Month-to-month,0818-OCPZO,No,No,Male,1,2122.05,25-36,27,No,No,No,1,Yes,Electronic check,No,Yes,No,Yes,Yes,81.45,Fiber optic,81.45
34.7,2,Yes,1,1,1,Month-to-month,0822-GAVAP,No,No,Female,1,62.25,0-12,2,No,No,Yes,0,No,Electronic check,No,Yes,No,No,No phone service,34.7,DSL,34.7
49.15,52,Yes,1,1,1,Month-to-month,0823-HSCDJ,No,No,Male,1,2550.9,49-60,52,No,Yes,Yes,1,No,Electronic check,No,Yes,No,Yes,No phone service,49.15,DSL,49.15
40.65,9,Yes,1,1,1,Month-to-month,0836-SEYLU,No,No,Male,1,328.95,0-12,9,Yes,Yes,No,0,No,Mailed check,Yes,No,No,No,No phone service,40.65,DSL,40.65
35.55,1,Yes,1,1,1,Month-to-month,0841-NULXI,No,No,Male,1,35.55,0-12,1,No,No,Yes,0,No,Electronic check,No,Yes,No,No,No phone service,35.55,DSL,35.55
85.45,53,Yes,1,1,1,Month-to-month,0843-WTBXE,No,No,Male,1,4517.25,49-60,53,No,Yes,No,0,Yes,Bank transfer (automatic),No,No,No,No,Yes,85.45,Fiber optic,85.45
82.4,20,Yes,1,1,1,Month-to-month,0867-MKZVY,No,No,Female,1,1592.35,13-24,20,No,No,No,0,Yes,Electronic check,Yes,No,Yes,No,Yes,82.4,Fiber optic,82.4
53.85,5,Yes,1,1,1,Month-to-month,0870-VEMYL,No,No,Female,1,259.8,0-12,5,Yes,No,No,0,Yes,Credit card (automatic),No,No,Yes,No,No,53.85,DSL,53.85
102.25,13,Yes,1,1,1,Month-to-month,0871-URUWO,No,Yes,Male,1,1359,13-24,13,No,Yes,Yes,0,Yes,Credit card (automatic),Yes,Yes,No,No,Yes,102.25,Fiber optic,102.25
79.55,9,Yes,1,1,1,Month-to-month,0872-NXJYS,No,No,Female,1,723.4,0-12,9,No,No,Yes,0,Yes,Electronic check,No,Yes,No,No,No,79.55,Fiber optic,79.55
84.6,10,Yes,1,1,1,Month-to-month,0875-CABNR,No,Yes,Female,1,865.55,0-12,10,No,No,Yes,1,Yes,Credit card (automatic),No,Yes,No,No,No,84.6,Fiber optic,84.6
85.4,5,Yes,1,1,1,Month-to-month,0876-WDUUZ,No,No,Female,1,425.9,0-12,5,Yes,No,Yes,0,Yes,Credit card (automatic),No,Yes,No,No,No,85.4,Fiber optic,85.4
101.15,4,Yes,1,1,1,Month-to-month,0880-TKATG,Yes,Yes,Male,1,385.9,0-12,4,No,Yes,Yes,0,Yes,Electronic check,Yes,No,No,No,Yes,101.15,Fiber optic,101.15
19.5,2,Yes,1,1,1,Month-to-month,0883-EIBTI,No,No,Female,1,31.55,0-12,2,No,No,No,0,Yes,Mailed check,No,No,No,No,No,19.5,No,19.5
101.25,27,Yes,1,1,1,Month-to-month,0886-QGENL,No,Yes,Female,1,2754.45,25-36,27,No,Yes,Yes,1,Yes,Electronic check,Yes,Yes,Yes,No,No,101.25,Fiber optic,101.25
45.7,1,Yes,1,1,1,Month-to-month,0887-HJGAR,No,No,Male,1,45.7,0-12,1,No,No,No,0,Yes,Mailed check,No,Yes,No,No,No,45.7,DSL,45.7
104.3,54,Yes,1,1,1,Month-to-month,0895-DQHEW,No,Yes,Male,1,5278.15,49-60,54,No,Yes,Yes,0,Yes,Electronic check,Yes,Yes,No,Yes,Yes,104.3,Fiber optic,104.3
99.5,11,Yes,1,1,1,Month-to-month,0897-FEGMU,No,Yes,Female,1,1056.95,0-12,11,No,Yes,Yes,0,Yes,Electronic check,Yes,Yes,No,No,Yes,99.5,Fiber optic,99.5
83.75,3,Yes,1,1,1,Month-to-month,0923-PNFUB,No,No,Female,1,247.25,0-12,3,No,Yes,No,0,Yes,Electronic check,No,No,No,Yes,No,83.75,Fiber optic,83.75
75.25,3,Yes,1,1,1,Month-to-month,0925-VYDLG,No,No,Female,1,242,0-12,3,No,No,No,0,Yes,Electronic check,No,No,No,No,Yes,75.25,Fiber optic,75.25
74.65,7,Yes,1,1,1,Month-to-month,0927-LCSMG,No,Yes,Male,1,544.55,0-12,7,No,No,No,0,Yes,Mailed check,No,No,No,No,No,74.65,Fiber optic,74.65
100.25,35,Yes,1,1,1,Month-to-month,0939-YAPAF,No,Yes,Female,1,3527.6,25-36,35,No,Yes,Yes,0,Yes,Electronic check,No,Yes,No,No,Yes,100.25,Fiber optic,100.25
80.7,10,Yes,1,1,1,Month-to-month,0940-OUQEC,No,No,Male,1,788.8,0-12,10,No,No,No,0,Yes,Bank transfer (automatic),No,Yes,No,Yes,Yes,80.7,Fiber optic,80.7
98.7,58,Yes,1,1,1,Month-to-month,0946-CLJTI,No,Yes,Male,1,5812.6,49-60,58,No,Yes,Yes,1,Yes,Electronic check,Yes,Yes,No,No,Yes,98.7,Fiber optic,98.7
80.3,7,Yes,1,1,1,Month-to-month,0947-IDHRQ,No,No,Female,1,526.7,0-12,7,No,Yes,No,0,Yes,Mailed check,No,Yes,No,No,No,80.3,Fiber optic,80.3
73.65,20,Yes,1,1,1,Month-to-month,0947-MUGVO,No,No,Male,1,1463.5,13-24,20,No,No,No,1,Yes,Electronic check,Yes,Yes,No,Yes,No,73.65,Fiber optic,73.65
98.15,13,Yes,1,1,1,Month-to-month,0952-KMEEH,No,No,Male,1,1230.25,13-24,13,No,Yes,Yes,0,Yes,Mailed check,No,No,Yes,No,Yes,98.15,Fiber optic,98.15
96.2,32,Yes,1,1,1,Month-to-month,0963-ZBDRN,No,No,Male,1,3183.4,25-36,32,Yes,Yes,Yes,0,Yes,Electronic check,No,Yes,No,No,No,96.2,Fiber optic,96.2
70.8,1,Yes,1,1,1,Month-to-month,0968-GSIKN,No,No,Female,1,70.8,0-12,1,No,No,No,0,Yes,Mailed check,No,Yes,No,No,No,70.8,Fiber optic,70.8
89.55,1,Yes,1,1,1,Month-to-month,0970-ETWGE,No,No,Male,1,89.55,0-12,1,No,Yes,Yes,0,Yes,Electronic check,No,Yes,No,No,No,89.55,Fiber optic,89.55
99.45,69,Yes,1,1,1,Month-to-month,0979-PHULV,Yes,Yes,Male,1,7007.6,61+,69,No,Yes,Yes,0,Yes,Credit card (automatic),Yes,Yes,No,No,Yes,99.45,Fiber optic,99.45
49.4,18,Yes,1,1,1,Month-to-month,0991-BRRFB,No,No,Male,1,874.8,13-24,18,No,No,No,0,Yes,Electronic check,No,No,Yes,No,No,49.4,DSL,49.4
20.1,1,Yes,1,1,1,Month-to-month,1000-AJSLD,No,No,Male,1,20.1,0-12,1,No,No,No,0,Yes,Mailed check,No,Yes,No,No,No,20.1,No,20.1
20,7,Yes,1,1,1,Month-to-month,1009-IRMNA,No,No,Female,1,137.6,0-12,7,No,No,No,0,Yes,Bank transfer (automatic),No,No,No,No,No,20,No,20
96.5,5,Yes,1,1,1,Month-to-month,1010-DIAUQ,No,Yes,Male,1,492.55,0-12,5,No,Yes,Yes,0,Yes,Bank transfer (automatic),No,No,No,No,No,96.5,Fiber optic,96.5
24.8,1,Yes,1,1,1,Month-to-month,1024-GUALD,No,No,Female,1,24.8,0-12,1,No,No,No,0,No,Electronic check,Yes,Yes,No,No,No phone service,24.8,DSL,24.8
74.95,11,Yes,1,1,1,Month-to-month,1024-VRZHF,No,No,Male,1,825.7,0-12,11,No,No,No,0,Yes,Electronic check,Yes,Yes,No,No,Yes,74.95,Fiber optic,74.95
19.55,1,Yes,1,1,1,Month-to-month,1029-QFBEN,No,No,Male,1,19.55,0-12,1,No,No,No,0,Yes,Mailed check,No,No,No,No,No,19.55,No,19.55
70.85,1,Yes,1,1,1,Month-to-month,1031-IIDEO,No,No,Female,1,70.85,0-12,1,No,No,No,0,Yes,Electronic check,No,Yes,No,No,No,70.85,Fiber optic,70.85
70.25,41,Yes,1,1,1,Month-to-month,1041-RXHRA,No,No,Female,1,2868.05,37-48,41,No,No,No,0,Yes,Bank transfer (automatic),No,No,No,No,No,70.25,Fiber optic,70.25
69.9,1,Yes,1,1,1,Month-to-month,1062-LHZOD,Yes,No,Male,1,69.9,0-12,1,No,No,No,0,Yes,Mailed check,Yes,Yes,No,No,No,69.9,Fiber optic,69.9
20.15,1,Yes,1,1,1,Month-to-month,1066-JKSGK,No,No,Male,1,20.15,0-12,1,No,No,No,0,Yes,Mailed check,No,No,No,No,No,20.15,No,20.15
85.05,1,Yes,1,1,1,Month-to-month,1069-XAIEM,No,No,Female,1,85.05,0-12,1,No,No,Yes,1,Yes,Electronic check,No,Yes,No,No,Yes,85.05,Fiber optic,85.05
98.75,16,Yes,1,1,1,Month-to-month,1075-BGWOH,No,Yes,Male,1,1587.55,13-24,16,No,Yes,Yes,1,Yes,Electronic check,Yes,Yes,No,No,Yes,98.75,Fiber optic,98.75
69.75,1,Yes,1,1,1,Month-to-month,1084-UQCHV,Yes,No,Male,1,69.75,0-12,1,No,No,No,0,Yes,Bank transfer (automatic),No,No,No,No,No,69.75,Fiber optic,69.75
69.1,1,Yes,1,1,1,Month-to-month,1086-LXKFY,Yes,No,Female,1,69.1,0-12,1,No,No,No,0,Yes,Mailed check,Yes,Yes,No,No,No,69.1,Fiber optic,69.1
19.6,3,Yes,1,1,1,Month-to-month,1087-UDSIH,No,No,Female,1,59.75,0-12,3,No,No,No,0,Yes,Mailed check,No,Yes,No,No,No,19.6,No,19.6
76.65,17,Yes,1,1,1,Month-to-month,1092-GANHU,No,Yes,Male,1,1313.55,13-24,17,No,No,No,0,Yes,Electronic check,No,Yes,No,No,No,76.65,Fiber optic,76.65
95.05,47,Yes,1,1,1,Month-to-month,1095-JUDTC,No,No,Female,1,4504.55,37-48,47,Yes,Yes,No,1,Yes,Electronic check,No,Yes,No,Yes,Yes,95.05,Fiber optic,95.05
89.85,15,Yes,1,1,1,Month-to-month,1112-CUNAO,No,No,Female,1,1424.95,13-24,15,No,No,Yes,1,Yes,Electronic check,No,No,No,Yes,Yes,89.85,Fiber optic,89.85
55,54,Yes,1,1,1,Month-to-month,1114-CENIM,Yes,No,Male,1,3092.65,49-60,54,No,No,No,0,Yes,Credit card (automatic),No,Yes,No,Yes,Yes,55,DSL,55
53.9,16,Yes,1,1,1,Month-to-month,1120-BMWUB,No,No,Female,1,834.15,13-24,16,Yes,No,No,0,Yes,Mailed check,No,Yes,No,Yes,No,53.9,DSL,53.9
70.65,1,Yes,1,1,1,Month-to-month,1122-JWTJW,Yes,No,Male,1,70.65,0-12,1,No,No,No,0,Yes,Mailed check,Yes,Yes,No,No,No,70.65,Fiber optic,70.65
29.85,2,Yes,1,1,1,Month-to-month,1142-WACZW,No,No,Male,1,75.6,0-12,2,Yes,No,No,0,No,Bank transfer (automatic),No,No,No,No,No phone service,29.85,DSL,29.85
85.7,2,Yes,1,1,1,Month-to-month,1143-NMNQJ,No,No,Female,1,169.8,0-12,2,No,No,Yes,0,Yes,Electronic check,No,Yes,No,No,Yes,85.7,Fiber optic,85.7
74.95,1,Yes,1,1,1,Month-to-month,1157-BQCUW,No,No,Male,1,74.95,0-12,1,No,No,No,0,Yes,Electronic check,No,Yes,No,No,Yes,74.95,Fiber optic,74.95
79.95,10,Yes,1,1,1,Month-to-month,1184-PJVDB,No,No,Male,1,857.2,0-12,10,No,Yes,No,0,Yes,Electronic check,Yes,Yes,No,No,No,79.95,Fiber optic,79.95
83.9,38,Yes,1,1,1,Month-to-month,1193-RTSLK,No,Yes,Female,1,3233.6,37-48,38,No,No,No,0,Yes,Credit card (automatic),No,Yes,Yes,Yes,No,83.9,Fiber optic,83.9
91.1,13,Yes,1,1,1,Month-to-month,1195-OIYEJ,No,No,Male,1,1135.7,13-24,13,No,Yes,Yes,0,Yes,Electronic check,No,Yes,No,No,No,91.1,Fiber optic,91.1
73.6,7,Yes,1,1,1,Month-to-month,1196-AMORA,No,No,Male,1,520,0-12,7,No,No,No,0,Yes,Electronic check,No,No,No,No,Yes,73.6,Fiber optic,73.6
59.5,7,Yes,1,1,1,Month-to-month,1205-WNWPJ,No,No,Female,1,415.95,0-12,7,Yes,Yes,No,0,Yes,Mailed check,No,Yes,No,No,No,59.5,DSL,59.5
49.65,6,Yes,1,1,1,Month-to-month,1213-NGCUN,No,No,Female,1,267.35,0-12,6,Yes,No,No,0,Yes,Bank transfer (automatic),No,Yes,No,No,No,49.65,DSL,49.65
19,12,Yes,1,1,1,Month-to-month,1218-VKFPE,Yes,No,Female,1,233.55,0-12,12,No,No,No,0,Yes,Mailed check,Yes,No,No,No,No,19,No,19
49.6,2,Yes,1,1,1,Month-to-month,1226-UDFZR,No,No,Female,1,114.7,0-12,2,No,No,No,0,Yes,Mailed check,No,Yes,No,Yes,No,49.6,DSL,49.6
105.95,50,Yes,1,1,1,Month-to-month,1228-FZFRV,Yes,Yes,Male,1,5341.8,49-60,50,No,Yes,Yes,0,Yes,Credit card (automatic),Yes,No,Yes,No,Yes,105.95,Fiber optic,105.95
90.45,14,Yes,1,1,1,Month-to-month,1236-WFCDV,No,No,Male,1,1266.1,13-24,14,No,Yes,Yes,1,Yes,Credit card (automatic),No,No,No,No,No,90.45,Fiber optic,90.45
20.1,1,Yes,1,1,1,Month-to-month,1240-KNSEZ,No,No,Male,1,20.1,0-12,1,No,No,No,0,Yes,Mailed check,No,Yes,No,No,No,20.1,No,20.1
54.4,2,Yes,1,1,1,Month-to-month,1251-KRREG,No,No,Male,1,114.1,0-12,2,No,No,No,0,Yes,Mailed check,No,Yes,No,Yes,Yes,54.4,DSL,54.4
99.95,31,Yes,1,1,1,Month-to-month,1254-IZEYF,No,No,Female,1,3186.65,25-36,31,No,Yes,Yes,1,Yes,Electronic check,No,Yes,No,Yes,Yes,99.95,Fiber optic,99.95
54.3,4,Yes,1,1,1,Month-to-month,1260-TTRXI,No,No,Male,1,195.3,0-12,4,No,No,Yes,0,Yes,Electronic check,No,No,No,No,No,54.3,DSL,54.3
75.75,9,Yes,1,1,1,Month-to-month,1262-OPMFY,No,Yes,Female,1,655.9,0-12,9,No,No,No,0,Yes,Bank transfer (automatic),Yes,Yes,No,No,No,75.75,Fiber optic,75.75
96.8,55,Yes,1,1,1,Month-to-month,1264-BYWMS,No,No,Male,1,5283.95,49-60,55,No,Yes,Yes,0,Yes,Electronic check,No,Yes,No,No,Yes,96.8,Fiber optic,96.8
85.35,16,Yes,1,1,1,Month-to-month,1268-ASBGA,No,No,Female,1,1375.15,13-24,16,No,No,Yes,1,Yes,Credit card (automatic),Yes,Yes,No,No,Yes,85.35,Fiber optic,85.35
43.65,12,Yes,1,1,1,Month-to-month,1271-SJBGZ,No,Yes,Male,1,526.95,0-12,12,Yes,No,Yes,1,No,Electronic check,No,Yes,No,No,No phone service,43.65,DSL,43.65
88.85,4,Yes,1,1,1,Month-to-month,1273-MTETI,No,Yes,Female,1,372.45,0-12,4,No,No,Yes,1,Yes,Electronic check,No,Yes,No,No,Yes,88.85,Fiber optic,88.85
79.9,1,Yes,1,1,1,Month-to-month,1285-OKIPP,No,No,Male,1,79.9,0-12,1,No,No,Yes,0,Yes,Electronic check,No,No,No,No,No,79.9,Fiber optic,79.9
78.55,2,Yes,1,1,1,Month-to-month,1304-NECVQ,No,Yes,Female,1,149.55,0-12,2,No,No,No,1,Yes,Electronic check,No,Yes,No,No,Yes,78.55,Fiber optic,78.55
106.1,21,Yes,1,1,1,Month-to-month,1309-BXVOQ,No,Yes,Male,1,2249.95,13-24,21,Yes,Yes,Yes,0,Yes,Electronic check,Yes,Yes,No,No,Yes,106.1,Fiber optic,106.1
75.5,3,Yes,1,1,1,Month-to-month,1320-HTRDR,No,No,Female,1,220.6,0-12,3,No,No,No,0,Yes,Electronic check,No,Yes,No,No,Yes,75.5,Fiber optic,75.5
30.3,46,Yes,1,1,1,Month-to-month,1322-AGOQM,No,No,Male,1,1380.1,37-48,46,No,No,No,0,No,Bank transfer (automatic),No,No,No,Yes,No phone service,30.3,DSL,30.3
98.4,53,Yes,1,1,1,Month-to-month,1323-OOEPC,No,No,Female,1,5149.5,49-60,53,No,Yes,Yes,0,Yes,Credit card (automatic),Yes,Yes,No,Yes,Yes,98.4,Fiber optic,98.4
55,15,Yes,1,1,1,Month-to-month,1324-NLTJE,No,No,Female,1,757.1,13-24,15,Yes,No,No,1,Yes,Credit card (automatic),No,No,No,No,Yes,55,DSL,55
24.25,1,Yes,1,1,1,Month-to-month,1334-FJSVR,No,No,Male,1,24.25,0-12,1,No,No,No,0,No,Electronic check,No,Yes,No,No,No phone service,24.25,DSL,24.25
86.05,10,Yes,1,1,1,Month-to-month,1342-JPNKI,No,No,Male,1,834.1,0-12,10,No,Yes,No,0,Yes,Bank transfer (automatic),No,Yes,No,No,Yes,86.05,Fiber optic,86.05
103.4,63,Yes,1,1,1,Month-to-month,1343-EHPYB,No,Yes,Male,1,6603,61+,63,No,Yes,Yes,0,Yes,Electronic check,Yes,Yes,No,Yes,Yes,103.4,Fiber optic,103.4
20.05,1,Yes,1,1,1,Month-to-month,1349-WXNGG,No,No,Male,1,20.05,0-12,1,No,No,No,0,Yes,Bank transfer (automatic),No,No,No,No,No,20.05,No,20.05
70.3,1,Yes,1,1,1,Month-to-month,1363-TXLSL,No,No,Male,1,70.3,0-12,1,No,No,No,1,Yes,Electronic check,Yes,Yes,No,No,No,70.3,Fiber optic,70.3
66.35,11,Yes,1,1,1,Month-to-month,1373-ORVIZ,Yes,No,Female,1,740.8,0-12,11,Yes,No,Yes,0,Yes,Electronic check,Yes,Yes,No,No,Yes,66.35,DSL,66.35
94.3,4,Yes,1,1,1,Month-to-month,1374-DMZUI,No,No,Female,1,424.45,0-12,4,No,Yes,Yes,1,Yes,Electronic check,No,Yes,No,No,Yes,94.3,Fiber optic,94.3
20.05,7,Yes,1,1,1,Month-to-month,1383-EZRWL,No,No,Female,1,164.85,0-12,7,No,No,No,0,Yes,Mailed check,No,No,No,No,No,20.05,No,20.05
91.05,3,Yes,1,1,1,Month-to-month,1389-CXMLU,No,Yes,Male,1,289.1,0-12,3,No,Yes,No,1,Yes,Electronic check,No,No,No,No,Yes,91.05,Fiber optic,91.05
74.05,21,Yes,1,1,1,Month-to-month,1396-QWFBJ,Yes,No,Female,1,1565.7,13-24,21,No,No,No,0,Yes,Bank transfer (automatic),Yes,Yes,No,Yes,No,74.05,Fiber optic,74.05
105.9,3,Yes,1,1,1,Month-to-month,1400-MMYXY,No,Yes,Male,1,334.65,0-12,3,No,Yes,Yes,1,Yes,Electronic check,Yes,Yes,No,Yes,Yes,105.9,Fiber optic,105.9
89.3,1,Yes,1,1,1,Month-to-month,1415-YFWLT,No,No,Female,1,89.3,0-12,1,No,Yes,Yes,1,Yes,Electronic check,No,Yes,No,No,No,89.3,Fiber optic,89.3
74.55,11,Yes,1,1,1,Month-to-month,1428-GTBJJ,No,No,Male,1,824.75,0-12,11,No,No,No,0,Yes,Electronic check,No,Yes,No,Yes,No,74.55,Fiber optic,74.55
30.6,29,Yes,1,1,1,Month-to-month,1432-FPAXX,No,No,Female,1,856.35,25-36,29,No,No,No,0,No,Electronic check,No,Yes,No,Yes,No phone service,30.6,DSL,30.6
69.15,1,Yes,1,1,1,Month-to-month,1447-GIQMR,No,No,Male,1,69.15,0-12,1,No,No,No,0,Yes,Electronic check,Yes,Yes,No,No,No,69.15,Fiber optic,69.15
80,1,Yes,1,1,1,Month-to-month,1448-PWKYE,Yes,No,Male,1,80,0-12,1,No,No,Yes,0,Yes,Electronic check,Yes,No,No,No,No,80,Fiber optic,80
19.8,3,Yes,1,1,1,Month-to-month,1449-XQEMT,No,No,Male,1,58.15,0-12,3,No,No,No,0,Yes,Mailed check,No,Yes,No,No,No,19.8,No,19.8
98.5,10,Yes,1,1,1,Month-to-month,1450-GALXR,No,No,Female,1,1058.25,0-12,10,Yes,Yes,Yes,0,Yes,Electronic check,No,Yes,No,No,Yes,98.5,Fiber optic,98.5
73.85,56,Yes,1,1,1,Month-to-month,1450-SKCVI,No,No,Female,1,4092.85,49-60,56,No,No,No,0,Yes,Electronic check,No,Yes,No,Yes,No,73.85,Fiber optic,73.85
89.1,1,Yes,1,1,1,Month-to-month,1455-ESIQH,No,No,Male,1,89.1,0-12,1,No,Yes,Yes,0,Yes,Electronic check,No,Yes,No,No,No,89.1,Fiber optic,89.1
98.5,10,Yes,1,1,1,Month-to-month,1455-UGQVH,No,Yes,Male,1,1037.75,0-12,10,No,Yes,Yes,0,Yes,Electronic check,Yes,Yes,No,No,Yes,98.5,Fiber optic,98.5
102.1,10,Yes,1,1,1,Month-to-month,1465-VINDH,Yes,Yes,Female,1,1068.85,0-12,10,No,Yes,Yes,0,Yes,Credit card (automatic),Yes,Yes,No,Yes,Yes,102.1,Fiber optic,102.1
94.5,28,Yes,1,1,1,Month-to-month,1481-ZUWZA,No,No,Male,1,2659.4,25-36,28,No,No,Yes,0,Yes,Credit card (automatic),No,Yes,Yes,Yes,Yes,94.5,Fiber optic,94.5
20.2,1,Yes,1,1,1,Month-to-month,1493-AMTIE,No,No,Male,1,20.2,0-12,1,No,No,No,0,Yes,Bank transfer (automatic),No,Yes,No,No,No,20.2,No,20.2
25.7,1,Yes,1,1,1,Month-to-month,1496-GGSUK,No,No,Female,1,25.7,0-12,1,No,No,No,1,No,Mailed check,No,Yes,No,No,No phone service,25.7,DSL,25.7
45.85,2,Yes,1,1,1,Month-to-month,1501-SGHBW,No,No,Male,1,81,0-12,2,No,No,No,0,Yes,Mailed check,No,No,No,No,No,45.85,DSL,45.85
89.4,12,Yes,1,1,1,Month-to-month,1513-XNPPH,No,Yes,Female,1,1095.65,0-12,12,Yes,No,Yes,0,Yes,Electronic check,No,Yes,No,No,No,89.4,Fiber optic,89.4
74.65,9,Yes,1,1,1,Month-to-month,1518-VOWAV,No,No,Female,1,703.55,0-12,9,No,Yes,Yes,0,Yes,Electronic check,No,Yes,Yes,Yes,No,74.65,DSL,74.65
89.75,7,Yes,1,1,1,Month-to-month,1522-VVDMG,Yes,No,Male,1,608.8,0-12,7,Yes,Yes,No,0,Yes,Electronic check,Yes,Yes,No,Yes,No,89.75,Fiber optic,89.75
62.05,1,Yes,1,1,1,Month-to-month,1541-ETJZO,No,Yes,Male,1,62.05,0-12,1,Yes,No,No,0,Yes,Mailed check,No,No,No,No,Yes,62.05,DSL,62.05
84.15,32,Yes,1,1,1,Month-to-month,1550-LOAHA,No,No,Female,1,2585.95,25-36,32,No,No,Yes,0,Yes,Bank transfer (automatic),Yes,No,No,Yes,No,84.15,Fiber optic,84.15
82,13,Yes,1,1,1,Month-to-month,1564-NTYXF,No,No,Female,1,1127.2,13-24,13,No,No,Yes,1,Yes,Electronic check,No,Yes,No,No,Yes,82,Fiber optic,82
84.05,4,Yes,1,1,1,Month-to-month,1565-RHDJD,Yes,Yes,Female,1,333.55,0-12,4,No,No,No,0,Yes,Bank transfer (automatic),No,No,No,Yes,Yes,84.05,Fiber optic,84.05
94,8,Yes,1,1,1,Month-to-month,1567-DSCIC,No,Yes,Male,1,773.65,0-12,8,No,Yes,No,0,Yes,Electronic check,No,Yes,No,Yes,Yes,94,Fiber optic,94
78.75,5,Yes,1,1,1,Month-to-month,1569-TTNYJ,No,No,Male,1,412.1,0-12,5,No,No,No,0,Yes,Electronic check,Yes,Yes,No,Yes,Yes,78.75,Fiber optic,78.75
99.95,12,Yes,1,1,1,Month-to-month,1571-SAVHK,No,No,Male,1,1132.75,0-12,12,Yes,Yes,Yes,0,Yes,Mailed check,No,Yes,No,No,Yes,99.95,Fiber optic,99.95
19.65,30,Yes,1,1,1,Month-to-month,1577-HKTFG,No,No,Female,1,655.85,25-36,30,No,No,No,0,Yes,Bank transfer (automatic),Yes,No,No,No,No,19.65,No,19.65
90.45,7,Yes,1,1,1,Month-to-month,1579-KLYDT,No,Yes,Male,1,593.45,0-12,7,No,Yes,No,0,Yes,Electronic check,No,Yes,No,No,Yes,90.45,Fiber optic,90.45
60.1,1,Yes,1,1,1,Month-to-month,1582-RAFML,No,No,Male,1,60.1,0-12,1,Yes,No,No,0,Yes,Mailed check,No,No,No,Yes,Yes,60.1,DSL,60.1
112.95,12,Yes,1,1,1,Month-to-month,1583-IHQZE,No,Yes,Male,1,1384.75,0-12,12,Yes,Yes,Yes,0,Yes,Mailed check,No,Yes,No,Yes,Yes,112.95,Fiber optic,112.95
51.5,17,Yes,1,1,1,Month-to-month,1585-MQSSU,No,No,Male,1,900.5,13-24,17,Yes,No,No,0,Yes,Mailed check,No,No,No,No,No,51.5,DSL,51.5
99.5,66,Yes,1,1,1,Month-to-month,1587-FKLZB,Yes,Yes,Male,1,6822.15,61+,66,No,Yes,Yes,1,Yes,Credit card (automatic),Yes,Yes,No,No,Yes,99.5,Fiber optic,99.5
45.35,3,Yes,1,1,1,Month-to-month,1589-AGTLK,No,No,Male,1,141.5,0-12,3,No,No,No,0,Yes,Electronic check,No,Yes,No,No,No,45.35,DSL,45.35
80,51,Yes,1,1,1,Month-to-month,1591-NFNLQ,No,Yes,Male,1,4242.35,49-60,51,No,No,No,0,Yes,Credit card (automatic),No,No,No,No,Yes,80,Fiber optic,80
75.35,35,Yes,1,1,1,Month-to-month,1596-BBVTG,No,No,Male,1,2636.05,25-36,35,No,No,No,0,Yes,Credit card (automatic),No,No,No,No,Yes,75.35,Fiber optic,75.35
76.4,2,Yes,1,1,1,Month-to-month,1597-FZREH,No,Yes,Female,1,160.8,0-12,2,Yes,Yes,Yes,0,Yes,Electronic check,No,No,No,No,No,76.4,DSL,76.4
95,26,Yes,1,1,1,Month-to-month,1597-LHYNC,No,No,Female,1,2497.2,25-36,26,No,No,Yes,1,Yes,Electronic check,No,Yes,Yes,Yes,Yes,95,Fiber optic,95
75.35,4,Yes,1,1,1,Month-to-month,1602-IJQQE,No,No,Female,1,338.1,0-12,4,No,No,No,0,Yes,Electronic check,No,No,No,No,Yes,75.35,Fiber optic,75.35
45.15,1,Yes,1,1,1,Month-to-month,1612-EOHDH,No,No,Female,1,45.15,0-12,1,No,No,No,0,Yes,Electronic check,No,No,No,No,No,45.15,DSL,45.15
75.9,2,Yes,1,1,1,Month-to-month,1618-CFHME,No,No,Female,1,143.35,0-12,2,No,No,No,0,Yes,Electronic check,No,Yes,No,No,Yes,75.9,Fiber optic,75.9
89.8,5,Yes,1,1,1,Month-to-month,1624-NALOJ,No,No,Male,1,502.6,0-12,5,No,No,Yes,1,Yes,Electronic check,No,Yes,No,Yes,Yes,89.8,Fiber optic,89.8
84.7,10,Yes,1,1,1,Month-to-month,1624-WOIWJ,No,No,Female,1,832.05,0-12,10,No,Yes,No,0,Yes,Mailed check,No,Yes,Yes,No,No,84.7,Fiber optic,84.7
94.55,20,Yes,1,1,1,Month-to-month,1626-ERCMM,No,No,Male,1,1899.65,13-24,20,No,Yes,Yes,1,Yes,Electronic check,Yes,Yes,No,No,Yes,94.55,Fiber optic,94.55
95.45,18,Yes,1,1,1,Month-to-month,1658-BYGOY,No,No,Male,1,1752.55,13-24,18,No,Yes,Yes,1,Yes,Electronic check,No,Yes,No,No,Yes,95.45,Fiber optic,95.45
49.65,1,Yes,1,1,1,Month-to-month,1660-HSOOQ,No,Yes,Male,1,49.65,0-12,1,No,No,No,0,Yes,Mailed check,No,Yes,No,No,No,49.65,DSL,49.65
89.65,14,Yes,1,1,1,Month-to-month,1670-SVOWZ,Yes,No,Female,1,1208.35,13-24,14,Yes,No,Yes,0,Yes,Credit card (automatic),Yes,Yes,No,Yes,No,89.65,Fiber optic,89.65
79.4,3,Yes,1,1,1,Month-to-month,1678-FYZOW,No,No,Female,1,244.65,0-12,3,No,Yes,No,0,Yes,Electronic check,No,Yes,No,No,No,79.4,Fiber optic,79.4
78.3,34,Yes,1,1,1,Month-to-month,1689-MRZQR,Yes,No,Male,1,2564.3,25-36,34,No,Yes,No,0,Yes,Electronic check,Yes,No,No,No,No,78.3,Fiber optic,78.3
80.85,9,Yes,1,1,1,Month-to-month,1704-NRWYE,No,No,Female,1,751.65,0-12,9,No,Yes,No,1,Yes,Electronic check,No,Yes,No,No,No,80.85,Fiber optic,80.85
101.75,42,Yes,1,1,1,Month-to-month,1723-HKXJQ,No,No,Male,1,4273.45,37-48,42,No,Yes,Yes,0,Yes,Electronic check,No,Yes,No,Yes,Yes,101.75,Fiber optic,101.75
89.5,5,Yes,1,1,1,Month-to-month,1724-BQUHA,No,No,Male,1,477.7,0-12,5,No,Yes,Yes,1,Yes,Electronic check,No,Yes,No,No,No,89.5,Fiber optic,89.5
19.45,1,Yes,1,1,1,Month-to-month,1725-MIMXW,Yes,No,Male,1,19.45,0-12,1,No,No,No,0,Yes,Mailed check,No,Yes,No,No,No,19.45,No,19.45
93.5,4,Yes,1,1,1,Month-to-month,1731-TVIUK,No,No,Female,1,362.2,0-12,4,Yes,No,Yes,0,Yes,Electronic check,No,Yes,No,Yes,Yes,93.5,Fiber optic,93.5
70.55,47,Yes,1,1,1,Month-to-month,1732-VHUBQ,Yes,No,Female,1,3309.25,37-48,47,No,No,No,1,Yes,Bank transfer (automatic),Yes,No,No,No,No,70.55,Fiber optic,70.55
35.25,1,Yes,1,1,1,Month-to-month,1740-CSDJP,No,No,Male,1,35.25,0-12,1,No,No,Yes,0,No,Bank transfer (automatic),No,Yes,No,No,No phone service,35.25,DSL,35.25
55.35,9,Yes,1,1,1,Month-to-month,1750-CSKKM,Yes,No,Male,1,449.75,0-12,9,No,Yes,No,0,Yes,Electronic check,No,No,No,No,No,55.35,DSL,55.35
79.55,1,Yes,1,1,1,Month-to-month,1761-AEZZR,No,No,Male,1,79.55,0-12,1,No,Yes,No,0,Yes,Electronic check,No,Yes,No,No,No,79.55,Fiber optic,79.55
25.2,1,Yes,1,1,1,Month-to-month,1768-ZAIFU,No,No,Female,1,25.2,0-12,1,No,No,No,1,No,Electronic check,No,Yes,No,No,No phone service,25.2,DSL,25.2
95.9,29,Yes,1,1,1,Month-to-month,1771-OADNZ,No,Yes,Male,1,2745.2,25-36,29,No,No,Yes,1,Yes,Electronic check,Yes,Yes,No,Yes,Yes,95.9,Fiber optic,95.9
89.15,17,Yes,1,1,1,Month-to-month,1792-UXAFY,No,Yes,Female,1,1496.9,13-24,17,No,Yes,No,1,Yes,Electronic check,No,Yes,No,Yes,No,89.15,Fiber optic,89.15
48.6,1,Yes,1,1,1,Month-to-month,1794-HBQTJ,No,No,Female,1,48.6,0-12,1,No,No,No,0,Yes,Credit card (automatic),No,Yes,Yes,No,No,48.6,DSL,48.6
46,5,Yes,1,1,1,Month-to-month,1809-DMJHQ,Yes,No,Female,1,221.7,0-12,5,No,No,No,0,Yes,Mailed check,No,No,No,No,No,46,DSL,46
69.55,1,Yes,1,1,1,Month-to-month,1820-TQVEV,No,No,Male,1,69.55,0-12,1,No,No,No,0,Yes,Electronic check,No,Yes,No,No,No,69.55,Fiber optic,69.55
74.2,1,Yes,1,1,1,Month-to-month,1833-VGRUM,No,No,Female,1,74.2,0-12,1,No,No,No,1,Yes,Electronic check,No,Yes,No,No,Yes,74.2,Fiber optic,74.2
103.7,50,Yes,1,1,1,Month-to-month,1842-EZJMK,Yes,No,Male,1,5071.05,49-60,50,Yes,Yes,Yes,0,Yes,Electronic check,Yes,No,No,Yes,Yes,103.7,Fiber optic,103.7
70.15,1,Yes,1,1,1,Month-to-month,1846-XWOQN,No,No,Female,1,70.15,0-12,1,No,No,No,1,Yes,Electronic check,No,Yes,No,No,No,70.15,Fiber optic,70.15
70,1,Yes,1,1,1,Month-to-month,1853-UDXBW,Yes,No,Male,1,70,0-12,1,No,No,No,0,Yes,Electronic check,Yes,Yes,No,No,No,70,Fiber optic,70
39.3,40,Yes,1,1,1,Month-to-month,1862-SKORY,No,No,Female,1,1637.4,37-48,40,No,Yes,No,1,No,Electronic check,Yes,Yes,No,Yes,No phone service,39.3,DSL,39.3
98.4,41,Yes,1,1,1,Month-to-month,1866-RZZQS,No,Yes,Male,1,4187.75,37-48,41,No,Yes,Yes,1,Yes,Electronic check,No,Yes,No,No,Yes,98.4,Fiber optic,98.4
74.35,11,Yes,1,1,1,Month-to-month,1867-BDVFH,Yes,No,Male,1,834.2,0-12,11,No,No,No,0,Yes,Electronic check,Yes,Yes,No,No,Yes,74.35,Fiber optic,74.35
80.85,12,Yes,1,1,1,Month-to-month,1871-MOWRM,No,No,Male,1,866.45,0-12,12,Yes,No,No,0,Yes,Bank transfer (automatic),Yes,No,Yes,No,No,80.85,Fiber optic,80.85
104.4,2,Yes,1,1,1,Month-to-month,1875-QIVME,No,Yes,Female,1,242.8,0-12,2,Yes,Yes,Yes,0,Yes,Electronic check,Yes,Yes,No,No,Yes,104.4,Fiber optic,104.4
89.95,69,Yes,1,1,1,Month-to-month,1891-FZYSA,No,No,Male,1,6143.15,61+,69,No,Yes,No,1,Yes,Electronic check,Yes,Yes,No,Yes,Yes,89.95,Fiber optic,89.95
90.8,20,Yes,1,1,1,Month-to-month,1891-UAWWU,No,Yes,Female,1,1951,13-24,20,No,Yes,No,1,Yes,Electronic check,Yes,No,No,No,Yes,90.8,Fiber optic,90.8
89.25,22,Yes,1,1,1,Month-to-month,1894-IGFSG,No,No,Female,1,1907.85,13-24,22,No,Yes,Yes,0,Yes,Electronic check,No,No,No,No,No,89.25,Fiber optic,89.25
89.4,22,Yes,1,1,1,Month-to-month,1902-XBTFB,Yes,Yes,Male,1,2001.5,13-24,22,No,Yes,No,0,Yes,Electronic check,No,Yes,No,Yes,No,89.4,Fiber optic,89.4
72.85,10,Yes,1,1,1,Month-to-month,1907-UBQFC,No,No,Male,1,688.65,0-12,10,No,No,No,1,Yes,Electronic check,No,Yes,No,Yes,No,72.85,Fiber optic,72.85
70.5,1,Yes,1,1,1,Month-to-month,1915-IOFGU,No,No,Female,1,70.5,0-12,1,No,No,No,0,Yes,Electronic check,No,No,No,No,No,70.5,Fiber optic,70.5
79.25,13,Yes,1,1,1,Month-to-month,1918-ZBFQJ,No,Yes,Female,1,1111.65,13-24,13,No,No,No,0,Yes,Electronic check,No,Yes,No,Yes,No,79.25,Fiber optic,79.25
86.5,7,Yes,1,1,1,Month-to-month,1925-TIBLE,No,No,Female,1,582.5,0-12,7,No,Yes,No,0,Yes,Electronic check,Yes,Yes,No,No,Yes,86.5,Fiber optic,86.5
20.15,1,Yes,1,1,1,Month-to-month,1934-SJVJK,No,No,Male,1,20.15,0-12,1,No,No,No,0,Yes,Mailed check,No,No,No,No,No,20.15,No,20.15
45.3,1,Yes,1,1,1,Month-to-month,1963-SVUCV,No,No,Male,1,45.3,0-12,1,No,No,No,0,Yes,Electronic check,No,No,No,No,No,45.3,DSL,45.3
20.4,1,Yes,1,1,1,Month-to-month,1963-VAUKV,No,No,Female,1,20.4,0-12,1,No,No,No,0,Yes,Mailed check,No,No,No,No,No,20.4,No,20.4
78.95,14,Yes,1,1,1,Month-to-month,1965-AKTSX,No,No,Female,1,1101.85,13-24,14,No,No,No,1,Yes,Electronic check,No,Yes,No,Yes,Yes,78.95,Fiber optic,78.95
89.05,16,Yes,1,1,1,Month-to-month,1965-DDBWU,No,No,Male,1,1448.6,13-24,16,Yes,No,Yes,0,Yes,Credit card (automatic),No,Yes,No,No,Yes,89.05,Fiber optic,89.05
46,1,Yes,1,1,1,Month-to-month,1976-CFOCS,No,No,Female,1,46,0-12,1,No,No,No,1,Yes,Electronic check,Yes,No,No,No,No,46,DSL,46
73,1,Yes,1,1,1,Month-to-month,1977-STDKI,No,No,Female,1,73,0-12,1,No,No,No,1,Yes,Electronic check,No,Yes,No,Yes,No,73,Fiber optic,73
75.05,3,Yes,1,1,1,Month-to-month,1980-KXVPM,No,No,Female,1,256.25,0-12,3,No,No,No,1,Yes,Credit card (automatic),No,Yes,No,No,Yes,75.05,Fiber optic,75.05
79.75,2,Yes,1,1,1,Month-to-month,1981-INRFU,No,No,Female,1,164.5,0-12,2,No,Yes,No,0,Yes,Electronic check,No,Yes,No,No,No,79.75,Fiber optic,79.75
75.5,27,Yes,1,1,1,Month-to-month,1989-PRJHP,No,No,Male,1,1893.95,25-36,27,No,No,No,1,Yes,Electronic check,Yes,Yes,No,No,Yes,75.5,Fiber optic,75.5
20.5,1,Yes,1,1,1,Month-to-month,2002-MZHWP,No,No,Female,1,20.5,0-12,1,No,No,No,0,Yes,Mailed check,No,No,No,No,No,20.5,No,20.5
99.5,66,Yes,1,1,1,Month-to-month,2003-CKLOR,No,Yes,Male,1,6710.5,61+,66,No,Yes,Yes,0,Yes,Electronic check,No,No,No,Yes,No,99.5,Fiber optic,99.5
81.95,1,Yes,1,1,1,Month-to-month,2004-OCQXK,No,No,Female,1,81.95,0-12,1,No,No,Yes,0,Yes,Electronic check,No,Yes,No,No,No,81.95,Fiber optic,81.95
33.5,18,Yes,1,1,1,Month-to-month,2011-TRQYE,No,Yes,Male,1,600,13-24,18,No,No,No,0,No,Credit card (automatic),No,Yes,No,Yes,No phone service,33.5,DSL,33.5
99.55,11,Yes,1,1,1,Month-to-month,2012-NWRPA,No,Yes,Female,1,1131.2,0-12,11,No,Yes,Yes,1,Yes,Electronic check,Yes,Yes,No,No,Yes,99.55,Fiber optic,99.55
84.3,1,Yes,1,1,1,Month-to-month,2013-SGDXK,No,No,Female,1,84.3,0-12,1,No,Yes,No,0,Yes,Electronic check,No,No,No,Yes,No,84.3,Fiber optic,84.3
74.6,1,Yes,1,1,1,Month-to-month,2024-BASKD,No,Yes,Female,1,74.6,0-12,1,No,No,No,0,Yes,Mailed check,No,Yes,No,No,No,74.6,Fiber optic,74.6
99,13,Yes,1,1,1,Month-to-month,2025-JKFWI,No,No,Male,1,1301.7,13-24,13,Yes,Yes,Yes,0,Yes,Mailed check,No,Yes,No,No,Yes,99,Fiber optic,99
79.3,7,Yes,1,1,1,Month-to-month,2026-TGDHM,No,No,Female,1,523.15,0-12,7,No,No,Yes,0,Yes,Electronic check,No,Yes,No,No,No,79.3,Fiber optic,79.3
106.7,12,Yes,1,1,1,Month-to-month,2027-FECZV,No,Yes,Male,1,1253.9,0-12,12,No,Yes,Yes,0,Yes,Electronic check,No,Yes,No,Yes,Yes,106.7,Fiber optic,106.7
49.05,43,Yes,1,1,1,Month-to-month,2027-OAQQC,No,Yes,Female,1,2076.2,37-48,43,No,Yes,Yes,0,No,Bank transfer (automatic),No,Yes,No,No,No phone service,49.05,DSL,49.05
102.95,24,Yes,1,1,1,Month-to-month,2034-CGRHZ,No,Yes,Male,1,2496.7,13-24,24,No,Yes,Yes,1,Yes,Credit card (automatic),No,Yes,No,Yes,Yes,102.95,Fiber optic,102.95
90.4,2,Yes,1,1,1,Month-to-month,2034-GDRCN,No,No,Female,1,168.2,0-12,2,No,Yes,Yes,0,Yes,Electronic check,No,Yes,No,No,No,90.4,Fiber optic,90.4
94.65,38,Yes,1,1,1,Month-to-month,2037-SGXHH,Yes,Yes,Male,1,3624.3,37-48,38,No,Yes,No,0,Yes,Electronic check,Yes,Yes,No,Yes,Yes,94.65,Fiber optic,94.65
70.4,3,Yes,1,1,1,Month-to-month,2055-PDADH,No,No,Female,1,204.7,0-12,3,No,No,No,1,Yes,Electronic check,No,Yes,No,No,No,70.4,Fiber optic,70.4
86.5,21,Yes,1,1,1,Month-to-month,2057-ZBLPD,No,No,Female,1,1808.7,13-24,21,No,No,Yes,0,Yes,Electronic check,Yes,Yes,No,No,Yes,86.5,Fiber optic,86.5
69.75,5,Yes,1,1,1,Month-to-month,2058-DCJBE,No,No,Male,1,324.6,0-12,5,No,No,No,0,Yes,Electronic check,No,Yes,No,No,No,69.75,Fiber optic,69.75
76.45,7,Yes,1,1,1,Month-to-month,2070-FNEXE,No,No,Female,1,503.6,0-12,7,No,No,No,1,Yes,Bank transfer (automatic),No,No,Yes,No,No,76.45,Fiber optic,76.45
89.55,2,Yes,1,1,1,Month-to-month,2074-GKOWZ,Yes,No,Male,1,185.55,0-12,2,No,Yes,Yes,0,Yes,Bank transfer (automatic),Yes,Yes,No,No,No,89.55,Fiber optic,89.55
69.25,6,Yes,1,1,1,Month-to-month,2079-FBMZK,No,No,Female,1,418.4,0-12,6,No,No,No,0,Yes,Mailed check,No,Yes,No,No,No,69.25,Fiber optic,69.25
45.6,1,Yes,1,1,1,Month-to-month,2082-CEFLT,No,No,Male,1,45.6,0-12,1,No,No,No,0,Yes,Electronic check,No,Yes,No,No,No,45.6,DSL,45.6
89.2,29,Yes,1,1,1,Month-to-month,2082-OJVTK,Yes,Yes,Male,1,2698.35,25-36,29,No,No,Yes,0,Yes,Electronic check,Yes,Yes,No,No,Yes,89.2,Fiber optic,89.2
51.2,30,Yes,1,1,1,Month-to-month,2091-MJTFX,Yes,No,Female,1,1561.5,25-36,30,Yes,Yes,Yes,0,No,Credit card (automatic),Yes,No,No,No,No phone service,51.2,DSL,51.2
73.9,31,Yes,1,1,1,Month-to-month,2091-RFFBA,No,No,Female,1,2217.15,25-36,31,No,No,No,1,Yes,Electronic check,No,Yes,No,No,Yes,73.9,Fiber optic,73.9
67.95,5,Yes,1,1,1,Month-to-month,2100-BDNSN,No,Yes,Female,1,350.3,0-12,5,Yes,Yes,No,0,Yes,Bank transfer (automatic),Yes,No,No,No,Yes,67.95,DSL,67.95
35.45,3,Yes,1,1,1,Month-to-month,2108-XWMPY,No,No,Male,1,106.85,0-12,3,No,No,No,0,No,Mailed check,No,Yes,Yes,Yes,No phone service,35.45,DSL,35.45
50.7,4,Yes,1,1,1,Month-to-month,2108-YKQTY,No,No,Female,1,151.3,0-12,4,No,No,No,0,Yes,Credit card (automatic),No,No,No,Yes,No,50.7,DSL,50.7
89.8,14,Yes,1,1,1,Month-to-month,2114-MGINA,No,No,Female,1,1129.1,13-24,14,No,Yes,Yes,0,Yes,Mailed check,No,Yes,No,No,No,89.8,Fiber optic,89.8
70.95,25,Yes,1,1,1,Month-to-month,2115-BFTIW,No,No,Male,1,1767.35,25-36,25,No,No,No,0,Yes,Mailed check,No,No,No,No,No,70.95,Fiber optic,70.95
45.65,1,Yes,1,1,1,Month-to-month,2135-RXIHG,No,No,Male,1,45.65,0-12,1,No,No,No,0,Yes,Electronic check,No,Yes,No,No,No,45.65,DSL,45.65
68.65,4,Yes,1,1,1,Month-to-month,2141-RRYGO,No,No,Female,1,261.25,0-12,4,No,Yes,Yes,0,Yes,Bank transfer (automatic),No,Yes,No,Yes,No,68.65,DSL,68.65
61.15,22,Yes,1,1,1,Month-to-month,2150-UWTFY,Yes,Yes,Female,1,1422.05,13-24,22,No,No,No,0,Yes,Mailed check,Yes,No,Yes,Yes,No,61.15,DSL,61.15
79.75,15,Yes,1,1,1,Month-to-month,2154-KVJFF,No,No,Female,1,1111.85,13-24,15,No,No,No,0,Yes,Electronic check,No,Yes,No,Yes,Yes,79.75,Fiber optic,79.75
96,12,Yes,1,1,1,Month-to-month,2180-DXNEG,No,Yes,Female,1,1062.1,0-12,12,No,Yes,Yes,0,Yes,Electronic check,No,Yes,No,No,No,96,Fiber optic,96
40.1,7,Yes,1,1,1,Month-to-month,2187-LZGPL,No,No,Female,1,293.3,0-12,7,No,No,Yes,0,No,Credit card (automatic),No,Yes,No,Yes,No phone service,40.1,DSL,40.1
79.2,22,Yes,1,1,1,Month-to-month,2189-UXTKY,No,No,Female,1,1742.75,13-24,22,Yes,Yes,Yes,0,Yes,Electronic check,Yes,Yes,Yes,No,Yes,79.2,DSL,79.2
85.9,15,Yes,1,1,1,Month-to-month,2189-WWOEW,Yes,No,Female,1,1269.55,13-24,15,No,No,Yes,0,Yes,Bank transfer (automatic),No,Yes,No,Yes,No,85.9,Fiber optic,85.9
85.3,47,Yes,1,1,1,Month-to-month,2195-ZRVAX,No,Yes,Female,1,4045.65,37-48,47,No,No,Yes,0,Yes,Electronic check,Yes,Yes,No,No,No,85.3,Fiber optic,85.3
84.85,1,Yes,1,1,1,Month-to-month,2202-CUYXZ,No,Yes,Male,1,84.85,0-12,1,No,Yes,No,0,Yes,Electronic check,No,Yes,No,No,No,84.85,Fiber optic,84.85
84.8,7,Yes,1,1,1,Month-to-month,2205-YMZZJ,No,No,Male,1,546.95,0-12,7,No,Yes,No,1,Yes,Electronic check,No,Yes,No,No,Yes,84.8,Fiber optic,84.8
50.8,1,Yes,1,1,1,Month-to-month,2207-NHRJK,No,No,Male,1,50.8,0-12,1,No,No,No,0,Yes,Electronic check,No,No,No,Yes,No,50.8,DSL,50.8
51,7,Yes,1,1,1,Month-to-month,2207-OBZNX,No,No,Male,1,354.05,0-12,7,No,No,No,0,Yes,Mailed check,No,Yes,Yes,No,No,51,DSL,51
45.15,8,Yes,1,1,1,Month-to-month,2219-MVUSO,No,No,Male,1,438.4,0-12,8,No,No,No,0,Yes,Mailed check,No,Yes,No,No,No,45.15,DSL,45.15
19.4,15,Yes,1,1,1,Month-to-month,2223-KAGMX,No,No,Female,1,289.3,13-24,15,No,No,No,0,Yes,Bank transfer (automatic),No,No,No,No,No,19.4,No,19.4
55.2,1,Yes,1,1,1,Month-to-month,2232-DMLXU,No,No,Female,1,55.2,0-12,1,No,Yes,No,0,Yes,Mailed check,Yes,No,No,No,No,55.2,DSL,55.2
50.85,4,Yes,1,1,1,Month-to-month,2235-ZGKPT,Yes,No,Female,1,239.55,0-12,4,No,No,No,0,Yes,Mailed check,Yes,No,No,No,Yes,50.85,DSL,50.85
105.85,20,Yes,1,1,1,Month-to-month,2249-YPRNG,Yes,Yes,Female,1,2239.65,13-24,20,No,Yes,Yes,0,Yes,Bank transfer (automatic),Yes,Yes,No,Yes,Yes,105.85,Fiber optic,105.85
70.2,2,Yes,1,1,1,Month-to-month,2260-USTRB,No,No,Female,1,115.95,0-12,2,No,No,No,1,Yes,Bank transfer (automatic),No,Yes,No,No,No,70.2,Fiber optic,70.2
99.6,4,Yes,1,1,1,Month-to-month,2265-CYWIV,No,No,Female,1,347.65,0-12,4,No,Yes,Yes,1,Yes,Electronic check,Yes,Yes,Yes,No,Yes,99.6,Fiber optic,99.6
74.3,14,Yes,1,1,1,Month-to-month,2272-QAGFO,No,No,Female,1,1096.25,13-24,14,No,No,No,1,Yes,Electronic check,No,Yes,No,No,Yes,74.3,Fiber optic,74.3
75.1,3,Yes,1,1,1,Month-to-month,2276-YDAVZ,No,No,Female,1,270.7,0-12,3,No,No,No,0,Yes,Credit card (automatic),No,Yes,No,No,Yes,75.1,Fiber optic,75.1
117.45,48,Yes,1,1,1,Month-to-month,2302-ANTDP,No,Yes,Female,1,5438.9,37-48,48,Yes,Yes,Yes,1,Yes,Electronic check,Yes,No,Yes,Yes,Yes,117.45,Fiber optic,117.45
33.9,10,Yes,1,1,1,Month-to-month,2309-OSFEU,No,No,Male,1,298.45,0-12,10,No,No,Yes,0,No,Mailed check,No,Yes,No,No,No phone service,33.9,DSL,33.9
89.45,16,Yes,1,1,1,Month-to-month,2311-QYMUQ,Yes,Yes,Female,1,1430.25,13-24,16,No,Yes,No,0,Yes,Credit card (automatic),Yes,Yes,No,Yes,No,89.45,Fiber optic,89.45
19.9,1,Yes,1,1,1,Month-to-month,2320-JRSDE,Yes,No,Female,1,19.9,0-12,1,No,No,No,0,Yes,Electronic check,Yes,Yes,No,No,No,19.9,No,19.9
19.7,16,Yes,1,1,1,Month-to-month,2332-EFBJY,No,No,Male,1,342.4,13-24,16,No,No,No,0,Yes,Mailed check,No,Yes,No,No,No,19.7,No,19.7
94.85,9,Yes,1,1,1,Month-to-month,2344-JMOGN,No,Yes,Male,1,890.6,0-12,9,Yes,Yes,No,0,Yes,Mailed check,Yes,Yes,No,Yes,No,94.85,Fiber optic,94.85
103.3,28,Yes,1,1,1,Month-to-month,2357-COQEK,No,Yes,Female,1,2890.65,25-36,28,Yes,Yes,Yes,1,Yes,Electronic check,No,Yes,No,No,Yes,103.3,Fiber optic,103.3
80.25,24,Yes,1,1,1,Month-to-month,2359-KMGLI,No,No,Male,1,1861.5,13-24,24,No,No,No,0,Yes,Electronic check,No,Yes,No,Yes,Yes,80.25,Fiber optic,80.25
84.75,36,Yes,1,1,1,Month-to-month,2362-IBOOY,No,No,Male,1,3050.15,25-36,36,No,No,Yes,0,Yes,Electronic check,No,Yes,No,No,Yes,84.75,Fiber optic,84.75
104.1,5,Yes,1,1,1,Month-to-month,2369-UAPKZ,No,Yes,Male,1,541.9,0-12,5,No,Yes,Yes,0,Yes,Mailed check,No,No,No,Yes,Yes,104.1,Fiber optic,104.1
44.35,2,Yes,1,1,1,Month-to-month,2372-HWUHI,No,No,Male,1,81.25,0-12,2,No,No,No,0,Yes,Electronic check,No,No,No,No,No,44.35,DSL,44.35
84.85,6,Yes,1,1,1,Month-to-month,2379-ENZGV,No,No,Male,1,523.5,0-12,6,No,Yes,No,0,Yes,Electronic check,No,Yes,No,Yes,No,84.85,Fiber optic,84.85
53.5,1,Yes,1,1,1,Month-to-month,2386-LAHRK,No,No,Male,1,53.5,0-12,1,No,Yes,No,0,Yes,Mailed check,No,Yes,No,No,No,53.5,DSL,53.5
49.35,4,Yes,1,1,1,Month-to-month,2391-SOORI,Yes,No,Male,1,219.65,0-12,4,No,No,No,0,Yes,Electronic check,No,No,Yes,No,No,49.35,DSL,49.35
80.45,8,Yes,1,1,1,Month-to-month,2397-BRLOM,Yes,No,Male,1,583.45,0-12,8,No,Yes,No,1,Yes,Credit card (automatic),Yes,Yes,No,No,No,80.45,Fiber optic,80.45
70.15,13,Yes,1,1,1,Month-to-month,2398-YPMUR,No,No,Female,1,916.75,13-24,13,No,No,No,1,Yes,Electronic check,Yes,Yes,No,No,No,70.15,Fiber optic,70.15
34.7,10,Yes,1,1,1,Month-to-month,2408-WITXK,No,No,Female,1,329.8,0-12,10,No,No,Yes,1,No,Electronic check,No,Yes,No,No,No phone service,34.7,DSL,34.7
101.05,24,Yes,1,1,1,Month-to-month,2430-USGXP,No,Yes,Male,1,2391.8,13-24,24,No,Yes,Yes,0,Yes,Electronic check,Yes,Yes,No,No,Yes,101.05,Fiber optic,101.05
54.45,22,Yes,1,1,1,Month-to-month,2433-KMEAS,No,No,Male,1,1127.35,13-24,22,No,No,No,0,Yes,Electronic check,No,Yes,Yes,No,Yes,54.45,DSL,54.45
98.25,6,Yes,1,1,1,Month-to-month,2446-BEGGB,No,No,Female,1,560.6,0-12,6,No,Yes,Yes,1,Yes,Electronic check,No,Yes,No,Yes,Yes,98.25,Fiber optic,98.25
70.3,1,Yes,1,1,1,Month-to-month,2446-PLQVO,No,No,Male,1,70.3,0-12,1,No,No,No,0,Yes,Electronic check,No,Yes,No,No,No,70.3,Fiber optic,70.3
98.1,12,Yes,1,1,1,Month-to-month,2454-RPBRZ,No,Yes,Female,1,1060.2,0-12,12,No,Yes,No,1,Yes,Electronic check,Yes,Yes,No,Yes,Yes,98.1,Fiber optic,98.1
55.8,40,Yes,1,1,1,Month-to-month,2460-FPSYH,No,No,Female,1,2109.35,37-48,40,No,Yes,Yes,1,No,Electronic check,No,Yes,Yes,Yes,No phone service,55.8,DSL,55.8
92.5,5,Yes,1,1,1,Month-to-month,2462-XIIJB,No,Yes,Male,1,452.7,0-12,5,No,Yes,No,0,Yes,Electronic check,No,Yes,No,No,Yes,92.5,Fiber optic,92.5
91,6,Yes,1,1,1,Month-to-month,2472-OVKUP,No,Yes,Male,1,531,0-12,6,No,No,Yes,0,Yes,Electronic check,Yes,Yes,No,Yes,No,91,Fiber optic,91
101.85,40,Yes,1,1,1,Month-to-month,2474-BRUCM,No,No,Male,1,4086.3,37-48,40,No,Yes,Yes,1,Yes,Electronic check,Yes,No,Yes,No,Yes,101.85,Fiber optic,101.85
83.75,41,Yes,1,1,1,Month-to-month,2479-BRAMR,No,Yes,Male,1,3273.55,37-48,41,No,No,No,1,Yes,Bank transfer (automatic),Yes,Yes,Yes,No,Yes,83.75,Fiber optic,83.75
70,10,Yes,1,1,1,Month-to-month,2482-CZGBB,No,No,Male,1,740,0-12,10,No,No,No,0,Yes,Electronic check,No,Yes,No,No,No,70,Fiber optic,70
19.55,31,Yes,1,1,1,Month-to-month,2484-DGXPZ,Yes,No,Female,1,658.95,25-36,31,No,No,No,0,Yes,Mailed check,Yes,Yes,No,No,No,19.55,No,19.55
35.1,2,Yes,1,1,1,Month-to-month,2485-ITVKB,No,No,Female,1,68.75,0-12,2,No,No,Yes,0,No,Electronic check,Yes,Yes,No,No,No phone service,35.1,DSL,35.1
44.55,4,Yes,1,1,1,Month-to-month,2495-INZWQ,No,No,Male,1,174.3,0-12,4,No,Yes,Yes,0,No,Electronic check,No,Yes,No,No,No phone service,44.55,DSL,44.55
98.15,6,Yes,1,1,1,Month-to-month,2506-CLAKW,No,Yes,Female,1,567.45,0-12,6,Yes,No,Yes,0,Yes,Bank transfer (automatic),No,Yes,Yes,Yes,No,98.15,Fiber optic,98.15
69.55,1,Yes,1,1,1,Month-to-month,2506-TNFCO,No,No,Female,1,69.55,0-12,1,No,No,No,1,Yes,Electronic check,Yes,Yes,No,No,No,69.55,Fiber optic,69.55
79.5,1,Yes,1,1,1,Month-to-month,2514-GINMM,No,No,Male,1,79.5,0-12,1,No,Yes,No,0,Yes,Electronic check,No,Yes,No,No,No,79.5,Fiber optic,79.5
75.45,2,Yes,1,1,1,Month-to-month,2516-VQRRV,No,No,Female,1,158.4,0-12,2,No,No,No,1,Yes,Mailed check,No,Yes,No,No,Yes,75.45,Fiber optic,75.45
99.25,38,Yes,1,1,1,Month-to-month,2519-FAKOD,Yes,Yes,Male,1,3777.15,37-48,38,No,Yes,Yes,0,Yes,Bank transfer (automatic),No,Yes,No,No,Yes,99.25,Fiber optic,99.25
76.45,17,Yes,1,1,1,Month-to-month,2528-HFYZX,No,No,Male,1,1233.4,13-24,17,No,No,No,1,Yes,Electronic check,Yes,Yes,No,Yes,No,76.45,Fiber optic,76.45
24.05,1,Yes,1,1,1,Month-to-month,2565-JSLRY,No,No,Male,1,24.05,0-12,1,No,No,No,0,Yes,Mailed check,No,Yes,No,No,Yes,24.05,No,24.05
70.2,4,Yes,1,1,1,Month-to-month,2568-BRGYX,No,No,Male,1,237.95,0-12,4,No,No,No,0,Yes,Electronic check,No,Yes,No,No,No,70.2,Fiber optic,70.2
99.5,37,Yes,1,1,1,Month-to-month,2568-OIADY,No,Yes,Female,1,3762,37-48,37,No,Yes,Yes,0,Yes,Electronic check,Yes,Yes,No,No,Yes,99.5,Fiber optic,99.5
69,7,Yes,1,1,1,Month-to-month,2575-GFSOE,Yes,No,Female,1,506.9,0-12,7,No,No,No,0,Yes,Electronic check,Yes,Yes,No,No,No,69,Fiber optic,69
24.75,3,Yes,1,1,1,Month-to-month,2592-SEIFQ,No,No,Male,1,66.95,0-12,3,No,No,No,0,No,Electronic check,No,No,No,No,No phone service,24.75,DSL,24.75
30.5,6,Yes,1,1,1,Month-to-month,2606-RMDHZ,No,No,Male,1,208.7,0-12,6,No,No,No,0,No,Credit card (automatic),No,Yes,No,Yes,No phone service,30.5,DSL,30.5
70.05,4,Yes,1,1,1,Month-to-month,2608-BHKFN,No,No,Female,1,266.9,0-12,4,No,No,No,0,Yes,Credit card (automatic),No,Yes,No,No,No,70.05,Fiber optic,70.05
77.15,1,Yes,1,1,1,Month-to-month,2609-IAICY,No,No,Female,1,77.15,0-12,1,No,No,No,0,Yes,Electronic check,No,Yes,No,No,Yes,77.15,Fiber optic,77.15
100.15,12,Yes,1,1,1,Month-to-month,2612-RANWT,No,Yes,Female,1,1164.3,0-12,12,No,Yes,Yes,0,Yes,Bank transfer (automatic),No,Yes,No,No,Yes,100.15,Fiber optic,100.15
81,4,Yes,1,1,1,Month-to-month,2612-RRIDN,No,No,Male,1,340.85,0-12,4,No,Yes,No,0,Yes,Electronic check,No,Yes,No,No,No,81,Fiber optic,81
70.15,1,Yes,1,1,1,Month-to-month,2619-WFQWU,No,No,Female,1,70.15,0-12,1,No,No,No,0,Yes,Mailed check,No,Yes,No,No,No,70.15,Fiber optic,70.15
50.9,4,Yes,1,1,1,Month-to-month,2626-URJFX,Yes,No,Male,1,225.6,0-12,4,No,No,No,0,Yes,Electronic check,Yes,Yes,No,No,Yes,50.9,DSL,50.9
100.05,66,Yes,1,1,1,Month-to-month,2632-UCGVD,No,No,Male,1,6871.9,61+,66,Yes,Yes,Yes,1,Yes,Credit card (automatic),Yes,Yes,No,No,Yes,100.05,Fiber optic,100.05
69.6,1,Yes,1,1,1,Month-to-month,2636-ALXXZ,No,No,Female,1,69.6,0-12,1,No,No,No,1,Yes,Electronic check,No,Yes,No,No,No,69.6,Fiber optic,69.6
48.55,4,Yes,1,1,1,Month-to-month,2636-OHFMN,No,No,Male,1,201,0-12,4,No,Yes,Yes,0,No,Electronic check,Yes,Yes,No,Yes,No phone service,48.55,DSL,48.55
79.5,27,Yes,1,1,1,Month-to-month,2640-PMGFL,Yes,No,Male,1,2180.55,25-36,27,Yes,No,No,0,Yes,Electronic check,No,Yes,No,No,Yes,79.5,Fiber optic,79.5
85.05,9,Yes,1,1,1,Month-to-month,2642-DTVCO,No,No,Male,1,746.5,0-12,9,No,No,Yes,1,Yes,Electronic check,No,Yes,No,No,Yes,85.05,Fiber optic,85.05
94.25,7,Yes,1,1,1,Month-to-month,2645-QTLMB,No,No,Male,1,669,0-12,7,No,Yes,Yes,0,Yes,Electronic check,No,Yes,No,Yes,No,94.25,Fiber optic,94.25
74.45,15,Yes,1,1,1,Month-to-month,2656-FMOKZ,No,No,Female,1,1145.7,13-24,15,No,No,No,1,Yes,Mailed check,No,Yes,No,No,Yes,74.45,Fiber optic,74.45
100.2,4,Yes,1,1,1,Month-to-month,2656-TABEH,No,No,Male,1,420.2,0-12,4,No,Yes,Yes,0,Yes,Electronic check,Yes,Yes,No,Yes,Yes,100.2,Fiber optic,100.2
84.95,26,Yes,1,1,1,Month-to-month,2657-ALMWY,No,No,Female,1,2169.75,25-36,26,No,No,Yes,1,Yes,Electronic check,Yes,No,No,Yes,No,84.95,Fiber optic,84.95
95.35,10,Yes,1,1,1,Month-to-month,2660-EMUBI,No,No,Male,1,898.35,0-12,10,No,Yes,Yes,1,Yes,Electronic check,No,Yes,No,No,Yes,95.35,Fiber optic,95.35
25.15,1,Yes,1,1,1,Month-to-month,2672-DZUOY,No,No,Male,1,25.15,0-12,1,No,No,No,0,No,Electronic check,No,Yes,No,No,No phone service,25.15,DSL,25.15
91.1,6,Yes,1,1,1,Month-to-month,2672-HUYVI,No,No,Female,1,455.3,0-12,6,No,Yes,Yes,0,Yes,Electronic check,No,Yes,No,No,No,91.1,Fiber optic,91.1
84.45,29,Yes,1,1,1,Month-to-month,2683-BPJSO,No,No,Male,1,2467.1,25-36,29,No,No,No,0,Yes,Electronic check,Yes,Yes,Yes,Yes,Yes,84.45,Fiber optic,84.45
91.7,30,Yes,1,1,1,Month-to-month,2684-EIWEO,No,Yes,Female,1,2758.15,25-36,30,No,No,No,1,Yes,Credit card (automatic),No,No,Yes,Yes,Yes,91.7,Fiber optic,91.7
89.1,25,Yes,1,1,1,Month-to-month,2685-SREOM,Yes,Yes,Female,1,2368.4,25-36,25,No,No,Yes,0,Yes,Electronic check,Yes,Yes,No,No,Yes,89.1,Fiber optic,89.1
85.35,9,Yes,1,1,1,Month-to-month,2691-NZETQ,No,No,Male,1,758.6,0-12,9,No,Yes,No,0,Yes,Electronic check,No,Yes,No,No,Yes,85.35,Fiber optic,85.35
73.85,11,Yes,1,1,1,Month-to-month,2696-NARTR,No,No,Male,1,926.25,0-12,11,Yes,No,No,0,Yes,Electronic check,No,Yes,No,No,No,73.85,Fiber optic,73.85
46,4,Yes,1,1,1,Month-to-month,2718-GAXQD,Yes,No,Female,1,181.6,0-12,4,No,No,No,1,Yes,Electronic check,Yes,No,No,No,No,46,DSL,46
93.85,17,Yes,1,1,1,Month-to-month,2719-BDAQO,No,No,Male,1,1625.65,13-24,17,No,Yes,Yes,0,Yes,Electronic check,No,No,Yes,No,No,93.85,Fiber optic,93.85
94,2,Yes,1,1,1,Month-to-month,2720-WGKHP,No,No,Male,1,181.7,0-12,2,No,Yes,Yes,1,Yes,Electronic check,No,Yes,No,No,Yes,94,Fiber optic,94
49.55,1,Yes,1,1,1,Month-to-month,2722-JMONI,No,No,Female,1,49.55,0-12,1,No,No,No,1,Yes,Electronic check,Yes,Yes,Yes,No,No,49.55,DSL,49.55
90.75,1,Yes,1,1,1,Month-to-month,2725-KXXWT,No,No,Male,1,90.75,0-12,1,No,Yes,Yes,0,Yes,Electronic check,Yes,Yes,No,No,No,90.75,Fiber optic,90.75
45.25,2,Yes,1,1,1,Month-to-month,2737-WFVYW,No,No,Female,1,85.5,0-12,2,No,Yes,Yes,0,No,Electronic check,No,Yes,No,No,No phone service,45.25,DSL,45.25
80.55,2,Yes,1,1,1,Month-to-month,2737-YNGYW,No,No,Female,1,184.1,0-12,2,No,No,Yes,0,Yes,Electronic check,No,No,No,No,No,80.55,Fiber optic,80.55
95.2,10,Yes,1,1,1,Month-to-month,2754-VDLTR,Yes,No,Male,1,930.4,0-12,10,No,Yes,Yes,0,Yes,Electronic check,No,No,No,No,Yes,95.2,Fiber optic,95.2
77.65,9,Yes,1,1,1,Month-to-month,2754-XBHTB,No,No,Female,1,714.15,0-12,9,No,Yes,No,0,Yes,Bank transfer (automatic),No,Yes,No,No,No,77.65,Fiber optic,77.65
74.7,2,Yes,1,1,1,Month-to-month,2761-OCIAX,No,No,Male,1,165.4,0-12,2,No,No,No,1,Yes,Electronic check,No,Yes,No,Yes,No,74.7,Fiber optic,74.7
83.05,15,Yes,1,1,1,Month-to-month,2774-LVQUS,No,Yes,Female,1,1258.3,13-24,15,Yes,No,No,1,Yes,Electronic check,Yes,Yes,No,No,Yes,83.05,Fiber optic,83.05
78.05,1,Yes,1,1,1,Month-to-month,2777-PHDEI,No,No,Female,1,78.05,0-12,1,No,Yes,No,0,Yes,Electronic check,No,No,No,No,No,78.05,Fiber optic,78.05
39.1,24,Yes,1,1,1,Month-to-month,2778-OCLGR,No,No,Male,1,971.3,13-24,24,No,No,Yes,1,No,Bank transfer (automatic),Yes,No,Yes,No,No phone service,39.1,DSL,39.1
50.15,16,Yes,1,1,1,Month-to-month,2810-FTLEM,No,No,Female,1,762.25,13-24,16,No,No,No,0,Yes,Electronic check,No,Yes,Yes,No,No,50.15,DSL,50.15
70.25,5,Yes,1,1,1,Month-to-month,2815-CPTUL,No,No,Male,1,331.9,0-12,5,No,No,No,1,Yes,Mailed check,No,Yes,No,No,No,70.25,Fiber optic,70.25
45.55,13,Yes,1,1,1,Month-to-month,2817-NTQDO,No,No,Male,1,597,13-24,13,Yes,Yes,No,0,No,Credit card (automatic),No,Yes,Yes,No,No phone service,45.55,DSL,45.55
45.05,1,Yes,1,1,1,Month-to-month,2833-SLKDQ,No,No,Male,1,45.05,0-12,1,No,No,No,0,Yes,Mailed check,No,No,No,No,No,45.05,DSL,45.05
84.1,52,Yes,1,1,1,Month-to-month,2834-SPCJV,No,No,Male,1,4348.65,49-60,52,No,Yes,No,0,Yes,Electronic check,Yes,No,Yes,No,No,84.1,Fiber optic,84.1
20.65,2,Yes,1,1,1,Month-to-month,2839-RFSQE,No,No,Female,1,38.7,0-12,2,No,No,No,0,Yes,Mailed check,No,No,No,No,No,20.65,No,20.65
93.15,24,Yes,1,1,1,Month-to-month,2840-XANRC,No,Yes,Male,1,2231.05,13-24,24,No,Yes,Yes,1,Yes,Electronic check,Yes,Yes,No,No,No,93.15,Fiber optic,93.15
46.05,2,Yes,1,1,1,Month-to-month,2842-JTCCU,No,No,Male,1,80.35,0-12,2,No,No,No,0,Yes,Bank transfer (automatic),No,No,No,No,No,46.05,DSL,46.05
99.8,41,Yes,1,1,1,Month-to-month,2845-AFFTX,No,Yes,Male,1,4259.3,37-48,41,No,Yes,Yes,1,Yes,Electronic check,Yes,Yes,No,No,Yes,99.8,Fiber optic,99.8
87.25,14,Yes,1,1,1,Month-to-month,2845-HSJCY,Yes,Yes,Female,1,1258.6,13-24,14,No,No,Yes,0,Yes,Electronic check,Yes,Yes,No,No,Yes,87.25,Fiber optic,87.25
68.65,1,Yes,1,1,1,Month-to-month,2856-HYAPG,No,No,Female,1,68.65,0-12,1,No,No,No,0,Yes,Electronic check,No,No,No,No,No,68.65,Fiber optic,68.65
89.55,43,Yes,1,1,1,Month-to-month,2856-NNASM,No,No,Male,1,3856.75,37-48,43,No,Yes,Yes,1,Yes,Mailed check,No,Yes,No,No,No,89.55,Fiber optic,89.55
85.8,20,Yes,1,1,1,Month-to-month,2860-RANUS,No,No,Female,1,1727.5,13-24,20,No,No,Yes,1,Yes,Credit card (automatic),No,Yes,No,No,Yes,85.8,Fiber optic,85.8
89.2,4,Yes,1,1,1,Month-to-month,2865-TCHJW,No,Yes,Female,1,346.2,0-12,4,No,Yes,No,1,Yes,Electronic check,No,Yes,No,No,Yes,89.2,Fiber optic,89.2
80.5,1,Yes,1,1,1,Month-to-month,2867-UIMSS,No,No,Male,1,80.5,0-12,1,No,No,Yes,0,Yes,Electronic check,No,No,No,No,No,80.5,Fiber optic,80.5
79.25,1,Yes,1,1,1,Month-to-month,2868-MZAGQ,No,No,Male,1,79.25,0-12,1,No,No,Yes,0,Yes,Electronic check,No,Yes,No,No,No,79.25,Fiber optic,79.25
80.6,2,Yes,1,1,1,Month-to-month,2868-SNELZ,No,Yes,Female,1,155.8,0-12,2,No,No,No,0,Yes,Mailed check,No,No,No,No,Yes,80.6,Fiber optic,80.6
89.3,45,Yes,1,1,1,Month-to-month,2869-ADAWR,No,No,Female,1,4016.85,37-48,45,No,Yes,No,0,Yes,Credit card (automatic),No,Yes,No,Yes,Yes,89.3,Fiber optic,89.3
84.85,40,Yes,1,1,1,Month-to-month,2873-ZLIWT,Yes,Yes,Female,1,3303.05,37-48,40,Yes,No,No,0,Yes,Electronic check,Yes,Yes,No,No,Yes,84.85,Fiber optic,84.85
20.25,1,Yes,1,1,1,Month-to-month,2876-VBBBL,No,No,Female,1,20.25,0-12,1,No,No,No,0,Yes,Mailed check,No,Yes,No,No,No,20.25,No,20.25
70.3,35,Yes,1,1,1,Month-to-month,2884-GBPFB,No,No,Female,1,2416.55,25-36,35,No,No,No,0,Yes,Electronic check,Yes,Yes,No,No,No,70.3,Fiber optic,70.3
34,25,Yes,1,1,1,Month-to-month,2894-QOJRX,No,No,Female,1,853,25-36,25,No,Yes,No,0,No,Bank transfer (automatic),Yes,Yes,No,No,No phone service,34,DSL,34
55.9,39,Yes,1,1,1,Month-to-month,2911-UREFD,No,Yes,Female,1,2184.35,37-48,39,No,Yes,Yes,0,No,Electronic check,Yes,No,Yes,No,No phone service,55.9,DSL,55.9
76.65,4,Yes,1,1,1,Month-to-month,2919-HBCJO,No,No,Female,1,333.6,0-12,4,No,No,No,0,Yes,Bank transfer (automatic),No,Yes,No,Yes,No,76.65,Fiber optic,76.65
94.2,8,Yes,1,1,1,Month-to-month,2929-ERCFZ,Yes,Yes,Female,1,777.3,0-12,8,No,Yes,Yes,0,Yes,Electronic check,Yes,Yes,No,No,No,94.2,Fiber optic,94.2
65.25,31,Yes,1,1,1,Month-to-month,2930-UOTMB,No,Yes,Female,1,1994.3,25-36,31,Yes,No,No,0,Yes,Credit card (automatic),No,No,Yes,No,Yes,65.25,DSL,65.25
24.4,2,Yes,1,1,1,Month-to-month,2933-FILNV,Yes,No,Female,1,36.55,0-12,2,No,No,No,0,No,Mailed check,Yes,Yes,No,No,No phone service,24.4,DSL,24.4
50.6,1,Yes,1,1,1,Month-to-month,2947-DOMLJ,Yes,No,Male,1,50.6,0-12,1,No,No,No,0,Yes,Mailed check,No,No,Yes,No,No,50.6,DSL,50.6
80.8,4,Yes,1,1,1,Month-to-month,2951-QOQTK,Yes,No,Male,1,332.45,0-12,4,Yes,No,No,0,Yes,Credit card (automatic),No,No,No,No,Yes,80.8,Fiber optic,80.8
85.3,5,Yes,1,1,1,Month-to-month,2952-QAYZF,No,Yes,Male,1,424.15,0-12,5,No,No,No,0,Yes,Electronic check,No,Yes,No,Yes,Yes,85.3,Fiber optic,85.3
80.85,17,Yes,1,1,1,Month-to-month,2955-BJZHG,Yes,No,Male,1,1400.85,13-24,17,No,Yes,No,0,Yes,Electronic check,Yes,No,No,No,No,80.85,Fiber optic,80.85
20.2,1,Yes,1,1,1,Month-to-month,2955-PSXOE,No,No,Female,1,20.2,0-12,1,No,No,No,0,Yes,Bank transfer (automatic),No,Yes,No,No,No,20.2,No,20.2
78.85,24,Yes,1,1,1,Month-to-month,2956-GGUCQ,No,No,Male,1,1772.25,13-24,24,No,No,No,1,Yes,Electronic check,Yes,Yes,Yes,No,Yes,78.85,Fiber optic,78.85
45.4,12,Yes,1,1,1,Month-to-month,2957-LOLHO,No,No,Male,1,518.9,0-12,12,No,No,No,0,Yes,Bank transfer (automatic),No,Yes,No,No,No,45.4,DSL,45.4
80.35,4,Yes,1,1,1,Month-to-month,2959-MJHIC,No,No,Male,1,307.4,0-12,4,No,Yes,No,0,Yes,Electronic check,Yes,Yes,No,No,No,80.35,Fiber optic,80.35
45.15,2,Yes,1,1,1,Month-to-month,2962-XPMCQ,No,No,Male,1,98.5,0-12,2,No,No,No,0,Yes,Electronic check,No,Yes,No,No,No,45.15,DSL,45.15
100.6,10,Yes,1,1,1,Month-to-month,2968-SSGAA,No,Yes,Female,1,1060.2,0-12,10,No,Yes,Yes,0,Yes,Electronic check,No,Yes,No,No,Yes,100.6,Fiber optic,100.6
94.4,17,Yes,1,1,1,Month-to-month,2979-SXESE,Yes,Yes,Female,1,1607.2,13-24,17,No,Yes,No,0,Yes,Electronic check,Yes,No,Yes,No,Yes,94.4,Fiber optic,94.4
74.45,1,Yes,1,1,1,Month-to-month,2982-IHMFT,No,No,Female,1,74.45,0-12,1,No,No,No,1,Yes,Mailed check,No,Yes,No,No,Yes,74.45,Fiber optic,74.45
94,11,Yes,1,1,1,Month-to-month,2982-VPSGI,No,No,Female,1,1078.9,0-12,11,No,Yes,Yes,0,Yes,Electronic check,Yes,Yes,No,No,Yes,94,Fiber optic,94
73.55,2,Yes,1,1,1,Month-to-month,2983-ZANRP,Yes,No,Female,1,145.4,0-12,2,No,No,No,0,Yes,Bank transfer (automatic),Yes,Yes,No,Yes,No,73.55,Fiber optic,73.55
74.8,4,Yes,1,1,1,Month-to-month,2984-MIIZL,No,Yes,Male,1,321.9,0-12,4,No,No,No,0,Yes,Bank transfer (automatic),No,Yes,No,No,No,74.8,Fiber optic,74.8
89.5,6,Yes,1,1,1,Month-to-month,2990-HWIML,No,No,Female,1,573.3,0-12,6,No,Yes,Yes,0,Yes,Electronic check,No,Yes,No,No,No,89.5,Fiber optic,89.5
104.9,32,Yes,1,1,1,Month-to-month,3001-CBHLQ,No,Yes,Male,1,3351.55,25-36,32,Yes,Yes,Yes,1,Yes,Electronic check,Yes,Yes,No,No,Yes,104.9,Fiber optic,104.9
98.8,55,Yes,1,1,1,Month-to-month,3005-NFMTA,No,No,Male,1,5617.75,49-60,55,No,Yes,Yes,1,Yes,Electronic check,No,Yes,Yes,No,Yes,98.8,Fiber optic,98.8
94.2,2,Yes,1,1,1,Month-to-month,3006-XIMLN,Yes,No,Female,1,193.8,0-12,2,No,Yes,Yes,0,Yes,Bank transfer (automatic),No,Yes,No,No,Yes,94.2,Fiber optic,94.2
81.7,12,Yes,1,1,1,Month-to-month,3018-TFTSU,No,Yes,Male,1,858.6,0-12,12,No,No,No,0,Yes,Bank transfer (automatic),No,No,Yes,No,No,81.7,Fiber optic,81.7
86.15,33,Yes,1,1,1,Month-to-month,3023-GFLBR,Yes,No,Female,1,2745.7,25-36,33,No,No,Yes,0,Yes,Credit card (automatic),Yes,No,No,No,Yes,86.15,Fiber optic,86.15
89.9,1,Yes,1,1,1,Month-to-month,3027-ZTDHO,No,No,Male,1,89.9,0-12,1,No,Yes,Yes,0,Yes,Electronic check,No,Yes,No,No,No,89.9,Fiber optic,89.9
44.95,9,Yes,1,1,1,Month-to-month,3030-YZADT,No,No,Male,1,431,0-12,9,No,No,No,0,Yes,Mailed check,No,No,No,No,No,44.95,DSL,44.95
94.85,10,Yes,1,1,1,Month-to-month,3045-XETSH,No,Yes,Female,1,953.45,0-12,10,No,No,Yes,0,Yes,Electronic check,No,Yes,No,Yes,Yes,94.85,Fiber optic,94.85
85.8,1,Yes,1,1,1,Month-to-month,3049-NDXFL,No,No,Female,1,85.8,0-12,1,No,No,Yes,0,Yes,Mailed check,No,No,No,No,Yes,85.8,Fiber optic,85.8
95.2,3,Yes,1,1,1,Month-to-month,3049-SOLAY,No,No,Female,1,292.85,0-12,3,No,Yes,Yes,0,Yes,Electronic check,Yes,Yes,No,No,Yes,95.2,Fiber optic,95.2
55.4,1,Yes,1,1,1,Month-to-month,3063-QFSZL,No,No,Female,1,55.4,0-12,1,No,No,Yes,0,Yes,Electronic check,No,Yes,No,No,No,55.4,DSL,55.4
69.95,1,Yes,1,1,1,Month-to-month,3066-RRJIO,No,No,Female,1,69.95,0-12,1,No,No,No,0,Yes,Mailed check,No,Yes,No,No,No,69.95,Fiber optic,69.95
88.8,1,Yes,1,1,1,Month-to-month,3068-OMWZA,No,Yes,Male,1,88.8,0-12,1,No,Yes,No,1,Yes,Electronic check,No,Yes,No,No,Yes,88.8,Fiber optic,88.8
73.75,7,Yes,1,1,1,Month-to-month,3070-DVEYC,No,No,Male,1,545.15,0-12,7,No,No,No,1,Yes,Mailed check,No,No,No,No,Yes,73.75,Fiber optic,73.75
75.9,5,Yes,1,1,1,Month-to-month,3074-GQWYX,No,No,Male,1,357.75,0-12,5,No,No,No,0,Yes,Bank transfer (automatic),No,Yes,No,No,Yes,75.9,Fiber optic,75.9
43.95,1,Yes,1,1,1,Month-to-month,3085-QUOZK,No,No,Female,1,43.95,0-12,1,No,No,No,0,Yes,Mailed check,No,No,No,No,No,43.95,DSL,43.95
35.45,1,Yes,1,1,1,Month-to-month,3091-FYHKI,No,No,Male,1,35.45,0-12,1,No,No,Yes,0,No,Electronic check,No,Yes,No,No,No phone service,35.45,DSL,35.45
78.1,12,Yes,1,1,1,Month-to-month,3096-IZETN,No,No,Female,1,947.3,0-12,12,No,No,Yes,0,Yes,Bank transfer (automatic),No,No,No,No,No,78.1,Fiber optic,78.1
104.3,27,Yes,1,1,1,Month-to-month,3096-JRDSO,No,No,Female,1,2867.75,25-36,27,Yes,Yes,Yes,1,Yes,Bank transfer (automatic),Yes,Yes,Yes,No,Yes,104.3,Fiber optic,104.3
49.05,2,Yes,1,1,1,Month-to-month,3097-NNSPB,No,No,Female,1,91.1,0-12,2,No,No,No,0,Yes,Credit card (automatic),No,Yes,No,Yes,No,49.05,DSL,49.05
86.85,2,Yes,1,1,1,Month-to-month,3097-NQYSN,No,No,Male,1,156.35,0-12,2,No,Yes,No,1,Yes,Mailed check,Yes,Yes,No,No,Yes,86.85,Fiber optic,86.85
85.2,8,Yes,1,1,1,Month-to-month,3106-ULWFW,No,No,Female,1,627.4,0-12,8,No,No,Yes,0,Yes,Credit card (automatic),Yes,Yes,No,No,Yes,85.2,Fiber optic,85.2
44.85,57,Yes,1,1,1,Month-to-month,3132-TVFDZ,No,No,Male,1,2572.95,49-60,57,No,Yes,Yes,1,No,Electronic check,Yes,Yes,No,No,No phone service,44.85,DSL,44.85
85.35,6,Yes,1,1,1,Month-to-month,3138-BKYAV,No,No,Male,1,489.45,0-12,6,No,Yes,No,0,Yes,Electronic check,No,Yes,No,Yes,No,85.35,Fiber optic,85.35
94.45,56,Yes,1,1,1,Month-to-month,3143-ILDAL,No,No,Male,1,5124.6,49-60,56,Yes,No,Yes,0,Yes,Electronic check,No,Yes,No,Yes,Yes,94.45,Fiber optic,94.45
88.35,13,Yes,1,1,1,Month-to-month,3143-JQEGI,Yes,No,Female,1,1222.8,13-24,13,No,Yes,Yes,0,Yes,Electronic check,Yes,No,No,No,No,88.35,Fiber optic,88.35
49.15,6,Yes,1,1,1,Month-to-month,3144-AUDBS,No,No,Female,1,270.8,0-12,6,Yes,No,No,0,Yes,Electronic check,Yes,Yes,No,No,No,49.15,DSL,49.15
20.1,1,Yes,1,1,1,Month-to-month,3148-BLQJT,No,No,Male,1,20.1,0-12,1,No,No,No,0,Yes,Mailed check,No,No,No,No,No,20.1,No,20.1
96,2,Yes,1,1,1,Month-to-month,3158-MOERK,No,No,Female,1,174.8,0-12,2,No,Yes,Yes,0,Yes,Electronic check,No,Yes,No,No,Yes,96,Fiber optic,96
45.85,1,Yes,1,1,1,Month-to-month,3165-HDOEW,Yes,No,Male,1,45.85,0-12,1,No,No,No,0,Yes,Mailed check,Yes,Yes,No,No,No,45.85,DSL,45.85
71.35,1,Yes,1,1,1,Month-to-month,3177-LASXD,No,No,Female,1,71.35,0-12,1,No,No,No,0,Yes,Electronic check,No,No,No,No,No,71.35,Fiber optic,71.35
100.25,1,Yes,1,1,1,Month-to-month,3178-FESZO,No,No,Female,1,100.25,0-12,1,No,Yes,Yes,0,Yes,Credit card (automatic),No,Yes,No,Yes,Yes,100.25,Fiber optic,100.25
91.7,1,Yes,1,1,1,Month-to-month,3186-BAXNB,No,No,Female,1,91.7,0-12,1,Yes,Yes,No,0,Yes,Electronic check,No,No,No,Yes,No,91.7,Fiber optic,91.7
84.4,50,Yes,1,1,1,Month-to-month,3194-ORPIK,Yes,No,Female,1,4116.15,49-60,50,No,Yes,No,0,Yes,Bank transfer (automatic),Yes,Yes,No,No,Yes,84.4,Fiber optic,84.4
84.75,3,Yes,1,1,1,Month-to-month,3198-VELRD,Yes,No,Female,1,264.85,0-12,3,No,No,Yes,0,Yes,Bank transfer (automatic),Yes,Yes,No,No,Yes,84.75,Fiber optic,84.75
95.25,57,Yes,1,1,1,Month-to-month,3207-OYBWH,No,Yes,Male,1,5427.05,49-60,57,No,No,Yes,1,Yes,Bank transfer (automatic),Yes,Yes,No,Yes,Yes,95.25,Fiber optic,95.25
75.25,39,Yes,1,1,1,Month-to-month,3208-YPIOE,No,No,Male,1,3017.65,37-48,39,No,No,No,0,Yes,Electronic check,No,No,No,No,Yes,75.25,Fiber optic,75.25
70.4,17,Yes,1,1,1,Month-to-month,3211-ILJTT,No,No,Male,1,1214.05,13-24,17,No,No,No,0,Yes,Bank transfer (automatic),Yes,Yes,No,No,No,70.4,Fiber optic,70.4
94.45,8,Yes,1,1,1,Month-to-month,3217-FZDMN,No,Yes,Female,1,742.95,0-12,8,No,Yes,Yes,1,Yes,Credit card (automatic),No,Yes,No,No,No,94.45,Fiber optic,94.45
83.95,26,Yes,1,1,1,Month-to-month,3223-WZWJM,No,No,Male,1,2254.2,25-36,26,No,No,Yes,0,Yes,Electronic check,No,Yes,No,No,Yes,83.95,Fiber optic,83.95
74.5,8,Yes,1,1,1,Month-to-month,3235-ETOOB,No,No,Male,1,609.9,0-12,8,No,No,No,0,Yes,Electronic check,Yes,Yes,Yes,No,No,74.5,Fiber optic,74.5
31,3,Yes,1,1,1,Month-to-month,3237-AJGEH,Yes,No,Female,1,95.05,0-12,3,Yes,No,No,0,No,Mailed check,Yes,Yes,No,No,No phone service,31,DSL,31
70.25,1,Yes,1,1,1,Month-to-month,3244-DCJWY,No,No,Female,1,70.25,0-12,1,No,No,No,0,Yes,Electronic check,No,Yes,No,No,No,70.25,Fiber optic,70.25
85.55,10,Yes,1,1,1,Month-to-month,3247-ZVOUO,No,No,Male,1,851.75,0-12,10,No,No,Yes,1,Yes,Electronic check,Yes,No,No,No,Yes,85.55,Fiber optic,85.55
78.45,4,Yes,1,1,1,Month-to-month,3249-ZPQRG,No,No,Male,1,330.05,0-12,4,No,No,No,0,Yes,Electronic check,No,No,No,Yes,Yes,78.45,Fiber optic,78.45
88.2,19,Yes,1,1,1,Month-to-month,3254-YRILK,No,No,Male,1,1775.8,13-24,19,No,Yes,No,1,Yes,Electronic check,No,Yes,No,Yes,Yes,88.2,Fiber optic,88.2
95.65,39,Yes,1,1,1,Month-to-month,3269-ATYWD,No,No,Male,1,3759.05,37-48,39,No,Yes,Yes,1,Yes,Bank transfer (automatic),No,Yes,No,No,Yes,95.65,Fiber optic,95.65
75.05,1,Yes,1,1,1,Month-to-month,3276-HDUEG,No,No,Female,1,75.05,0-12,1,No,No,No,0,Yes,Mailed check,No,Yes,No,No,Yes,75.05,Fiber optic,75.05
28.6,37,Yes,1,1,1,Month-to-month,3285-UCQVC,No,No,Female,1,973.55,37-48,37,Yes,No,No,0,No,Credit card (automatic),No,No,No,No,No phone service,28.6,DSL,28.6
76.4,1,Yes,1,1,1,Month-to-month,3296-SILRA,No,No,Female,1,76.4,0-12,1,No,No,No,1,Yes,Mailed check,Yes,Yes,No,Yes,No,76.4,Fiber optic,76.4
76,15,Yes,1,1,1,Month-to-month,3315-TOTBP,No,No,Male,1,1130.85,13-24,15,No,No,No,0,Yes,Mailed check,No,Yes,No,No,Yes,76,Fiber optic,76
45.7,5,Yes,1,1,1,Month-to-month,3317-HRTNN,No,No,Female,1,198,0-12,5,No,Yes,Yes,1,No,Electronic check,No,No,No,No,No phone service,45.7,DSL,45.7
95.45,35,Yes,1,1,1,Month-to-month,3318-OSATS,No,No,Male,1,3474.05,25-36,35,No,Yes,Yes,1,Yes,Electronic check,No,Yes,No,No,Yes,95.45,Fiber optic,95.45
95.75,6,Yes,1,1,1,Month-to-month,3319-DWOEP,No,Yes,Male,1,573.75,0-12,6,No,Yes,Yes,1,Yes,Electronic check,Yes,Yes,No,No,No,95.75,Fiber optic,95.75
50.6,3,Yes,1,1,1,Month-to-month,3329-WDIOK,No,No,Female,1,155.35,0-12,3,No,Yes,Yes,0,No,Electronic check,No,Yes,No,Yes,No phone service,50.6,DSL,50.6
109.8,34,Yes,1,1,1,Month-to-month,3331-HQDTW,No,Yes,Female,1,3587.25,25-36,34,No,Yes,Yes,0,Yes,Mailed check,No,Yes,Yes,Yes,Yes,109.8,Fiber optic,109.8
49.95,1,Yes,1,1,1,Month-to-month,3334-CTHOL,No,No,Female,1,49.95,0-12,1,No,No,No,0,Yes,Bank transfer (automatic),No,Yes,No,No,Yes,49.95,DSL,49.95
110.45,33,Yes,1,1,1,Month-to-month,3336-JORSO,No,Yes,Female,1,3655.45,25-36,33,Yes,Yes,Yes,1,Yes,Electronic check,No,Yes,No,Yes,Yes,110.45,Fiber optic,110.45
48.35,18,Yes,1,1,1,Month-to-month,3346-BRMIS,No,Yes,Female,1,810.7,13-24,18,No,Yes,Yes,1,No,Electronic check,Yes,Yes,No,No,No phone service,48.35,DSL,48.35
92.35,28,Yes,1,1,1,Month-to-month,3348-CFRNX,No,No,Female,1,2602.9,25-36,28,No,Yes,Yes,0,Yes,Mailed check,Yes,Yes,Yes,No,No,92.35,Fiber optic,92.35
86.6,16,Yes,1,1,1,Month-to-month,3372-KWFBM,No,No,Male,1,1281,13-24,16,No,Yes,No,1,Yes,Electronic check,No,Yes,No,No,Yes,86.6,Fiber optic,86.6
89.4,13,Yes,1,1,1,Month-to-month,3374-LXDEV,No,Yes,Female,1,1132.35,13-24,13,Yes,No,No,0,Yes,Electronic check,No,No,No,Yes,Yes,89.4,Fiber optic,89.4
70.9,4,Yes,1,1,1,Month-to-month,3376-BMGFE,No,No,Female,1,273,0-12,4,No,No,No,0,Yes,Bank transfer (automatic),No,Yes,No,No,No,70.9,Fiber optic,70.9
94.85,5,Yes,1,1,1,Month-to-month,3387-VATUS,No,No,Male,1,462.8,0-12,5,No,Yes,Yes,0,Yes,Bank transfer (automatic),No,Yes,No,No,Yes,94.85,Fiber optic,94.85
105.5,8,Yes,1,1,1,Month-to-month,3389-YGYAI,No,Yes,Female,1,829.55,0-12,8,No,Yes,Yes,1,Yes,Electronic check,No,Yes,No,Yes,Yes,105.5,Fiber optic,105.5
100.25,25,Yes,1,1,1,Month-to-month,3393-FMZPV,No,No,Female,1,2387.75,25-36,25,No,Yes,Yes,0,Yes,Electronic check,No,Yes,No,Yes,Yes,100.25,Fiber optic,100.25
91.3,12,Yes,1,1,1,Month-to-month,3398-FSHON,No,No,Female,1,1094.5,0-12,12,No,Yes,No,1,Yes,Electronic check,No,Yes,No,Yes,Yes,91.3,Fiber optic,91.3
69.1,21,Yes,1,1,1,Month-to-month,3398-ZOUAA,No,No,Male,1,1474.75,13-24,21,No,No,No,1,Yes,Electronic check,Yes,Yes,No,No,No,69.1,Fiber optic,69.1
65.7,2,Yes,1,1,1,Month-to-month,3415-TAILE,Yes,No,Female,1,134.35,0-12,2,No,Yes,Yes,0,Yes,Mailed check,Yes,No,No,No,No,65.7,DSL,65.7
105.25,65,Yes,1,1,1,Month-to-month,3419-SNJJD,No,Yes,Female,1,6786.4,61+,65,No,Yes,Yes,1,Yes,Bank transfer (automatic),Yes,No,Yes,No,Yes,105.25,Fiber optic,105.25
71,1,Yes,1,1,1,Month-to-month,3422-LYEPQ,Yes,No,Male,1,71,0-12,1,No,No,No,0,Yes,Electronic check,Yes,Yes,No,No,No,71,Fiber optic,71
51.55,15,Yes,1,1,1,Month-to-month,3426-NIYYL,No,No,Male,1,765.5,13-24,15,No,No,No,0,Yes,Electronic check,No,No,No,No,Yes,51.55,DSL,51.55
69.35,1,Yes,1,1,1,Month-to-month,3428-XZMAZ,No,No,Male,1,69.35,0-12,1,No,No,No,0,Yes,Electronic check,No,Yes,No,No,No,69.35,Fiber optic,69.35
99.95,6,Yes,1,1,1,Month-to-month,3440-JPSCL,No,Yes,Female,1,547.65,0-12,6,Yes,Yes,Yes,0,Yes,Mailed check,No,Yes,No,No,No,99.95,Fiber optic,99.95
45.3,58,Yes,1,1,1,Month-to-month,3445-HXXGF,No,Yes,Male,1,2651.2,49-60,58,No,No,Yes,1,No,Electronic check,Yes,Yes,No,Yes,No phone service,45.3,DSL,45.3
100,16,Yes,1,1,1,Month-to-month,3473-XIIIT,No,No,Female,1,1534.75,13-24,16,No,Yes,Yes,0,Yes,Electronic check,Yes,Yes,No,Yes,Yes,100,Fiber optic,100
74.5,8,Yes,1,1,1,Month-to-month,3488-PGMQJ,No,No,Male,1,606.55,0-12,8,No,No,No,1,Yes,Electronic check,No,Yes,No,Yes,No,74.5,Fiber optic,74.5
70.05,1,Yes,1,1,1,Month-to-month,3494-JCHRQ,No,No,Male,1,70.05,0-12,1,No,No,No,0,Yes,Electronic check,No,Yes,No,No,No,70.05,Fiber optic,70.05
96.3,15,Yes,1,1,1,Month-to-month,3500-RMZLT,No,Yes,Female,1,1426.75,13-24,15,Yes,No,Yes,1,Yes,Mailed check,No,Yes,Yes,No,No,96.3,Fiber optic,96.3
19.95,1,Yes,1,1,1,Month-to-month,3506-LCJDC,Yes,No,Male,1,19.95,0-12,1,No,No,No,0,Yes,Bank transfer (automatic),Yes,No,No,No,No,19.95,No,19.95
75.85,3,Yes,1,1,1,Month-to-month,3519-ZKXGG,No,No,Female,1,256.6,0-12,3,No,No,No,0,Yes,Electronic check,Yes,Yes,No,No,Yes,75.85,Fiber optic,75.85
64.75,37,Yes,1,1,1,Month-to-month,3521-SYVOR,No,No,Female,1,2345.2,37-48,37,No,Yes,Yes,0,Yes,Electronic check,No,Yes,No,No,No,64.75,DSL,64.75
85.3,32,Yes,1,1,1,Month-to-month,3536-IQCTX,No,No,Male,1,2661.1,25-36,32,No,No,Yes,1,Yes,Electronic check,Yes,No,No,No,Yes,85.3,Fiber optic,85.3
29.6,3,Yes,1,1,1,Month-to-month,3538-WZPHD,No,No,Male,1,79.45,0-12,3,No,No,No,0,No,Electronic check,No,Yes,No,Yes,No phone service,29.6,DSL,29.6
86.2,15,Yes,1,1,1,Month-to-month,3540-RZJYU,No,No,Female,1,1270.2,13-24,15,No,Yes,No,0,Yes,Electronic check,No,No,Yes,No,No,86.2,Fiber optic,86.2
83.35,33,Yes,1,1,1,Month-to-month,3550-SAHFP,No,No,Female,1,2757.85,25-36,33,No,No,Yes,0,Yes,Electronic check,No,Yes,No,No,Yes,83.35,Fiber optic,83.35
74.4,1,Yes,1,1,1,Month-to-month,3551-HUAZH,No,No,Male,1,74.4,0-12,1,No,No,No,1,Yes,Electronic check,No,Yes,No,No,Yes,74.4,Fiber optic,74.4
99.05,29,Yes,1,1,1,Month-to-month,3565-UNOCC,No,Yes,Female,1,2952.85,25-36,29,No,Yes,Yes,1,Yes,Bank transfer (automatic),Yes,Yes,No,No,Yes,99.05,Fiber optic,99.05
109.15,65,Yes,1,1,1,Month-to-month,3571-RFHAR,No,Yes,Male,1,6941.2,61+,65,Yes,Yes,Yes,0,Yes,Electronic check,No,Yes,No,Yes,Yes,109.15,Fiber optic,109.15
44.85,10,Yes,1,1,1,Month-to-month,3580-REOAC,No,No,Male,1,435.4,0-12,10,No,No,No,0,Yes,Credit card (automatic),No,Yes,No,No,No,44.85,DSL,44.85
55,1,Yes,1,1,1,Month-to-month,3583-EKAPL,No,No,Male,1,55,0-12,1,No,No,Yes,0,Yes,Electronic check,No,Yes,No,No,No,55,DSL,55
95.65,8,Yes,1,1,1,Month-to-month,3585-ISXZP,No,No,Female,1,778.1,0-12,8,No,Yes,Yes,0,Yes,Bank transfer (automatic),No,No,No,No,Yes,95.65,Fiber optic,95.65
106.9,13,Yes,1,1,1,Month-to-month,3606-TWKGI,No,Yes,Male,1,1364.3,13-24,13,No,Yes,Yes,1,Yes,Electronic check,No,Yes,No,Yes,Yes,106.9,Fiber optic,106.9
100.2,14,Yes,1,1,1,Month-to-month,3621-CEOVK,No,No,Female,1,1369.8,13-24,14,No,Yes,Yes,1,Yes,Electronic check,Yes,Yes,No,Yes,Yes,100.2,Fiber optic,100.2
71,9,Yes,1,1,1,Month-to-month,3627-FCRDW,No,No,Female,1,672.55,0-12,9,No,No,No,0,Yes,Electronic check,No,No,No,No,No,71,Fiber optic,71
75.3,1,Yes,1,1,1,Month-to-month,3627-FHKBK,No,No,Female,1,75.3,0-12,1,No,No,No,0,Yes,Mailed check,No,No,Yes,No,No,75.3,Fiber optic,75.3
89.9,31,Yes,1,1,1,Month-to-month,3640-PHQXK,No,Yes,Female,1,2806.9,25-36,31,No,No,Yes,0,Yes,Electronic check,No,Yes,No,No,Yes,89.9,Fiber optic,89.9
95.6,7,Yes,1,1,1,Month-to-month,3643-AHCFP,No,No,Male,1,644.35,0-12,7,No,Yes,Yes,1,Yes,Bank transfer (automatic),Yes,Yes,No,No,Yes,95.6,Fiber optic,95.6
94.7,22,Yes,1,1,1,Month-to-month,3647-GMGDH,No,Yes,Male,1,1914.9,13-24,22,No,Yes,Yes,0,Yes,Credit card (automatic),Yes,Yes,No,No,No,94.7,Fiber optic,94.7
55.35,3,Yes,1,1,1,Month-to-month,3656-TKRVZ,No,No,Female,1,165.2,0-12,3,No,No,No,0,Yes,Electronic check,No,No,Yes,Yes,No,55.35,DSL,55.35
54.9,1,Yes,1,1,1,Month-to-month,3658-KIBGF,No,No,Female,1,54.9,0-12,1,No,No,No,0,Yes,Electronic check,No,Yes,Yes,Yes,No,54.9,DSL,54.9
101.25,15,Yes,1,1,1,Month-to-month,3663-MITLP,No,Yes,Female,1,1457.25,13-24,15,No,Yes,Yes,0,Yes,Electronic check,No,Yes,No,Yes,No,101.25,Fiber optic,101.25
53.85,2,Yes,1,1,1,Month-to-month,3668-QPYBK,No,No,Male,1,108.15,0-12,2,No,No,No,0,Yes,Mailed check,No,Yes,Yes,Yes,No,53.85,DSL,53.85
51,5,Yes,1,1,1,Month-to-month,3669-LVWZB,No,No,Male,1,305.95,0-12,5,No,Yes,Yes,0,No,Mailed check,No,Yes,No,Yes,No phone service,51,DSL,51
46.2,1,Yes,1,1,1,Month-to-month,3669-OYSJI,No,No,Male,1,46.2,0-12,1,No,No,No,0,Yes,Credit card (automatic),No,No,No,No,No,46.2,DSL,46.2
80.6,4,Yes,1,1,1,Month-to-month,3671-SHRSP,No,Yes,Male,1,319.15,0-12,4,Yes,No,No,0,Yes,Mailed check,Yes,Yes,No,No,No,80.6,Fiber optic,80.6
84.1,36,Yes,1,1,1,Month-to-month,3672-YITQD,No,No,Male,1,3021.6,25-36,36,No,No,Yes,1,Yes,Electronic check,Yes,Yes,No,No,Yes,84.1,Fiber optic,84.1
30.4,2,Yes,1,1,1,Month-to-month,3677-IYRBF,No,Yes,Female,1,78.65,0-12,2,No,No,No,1,No,Electronic check,No,Yes,No,No,No phone service,30.4,DSL,30.4
71,14,Yes,1,1,1,Month-to-month,3677-TNKIO,No,No,Female,1,914,13-24,14,No,No,No,0,Yes,Credit card (automatic),No,Yes,No,No,No,71,Fiber optic,71
50.8,6,Yes,1,1,1,Month-to-month,3683-QKIUE,No,No,Female,1,288.05,0-12,6,Yes,No,No,0,Yes,Bank transfer (automatic),No,Yes,No,No,No,50.8,DSL,50.8
90,2,Yes,1,1,1,Month-to-month,3703-VAVCL,Yes,Yes,Male,1,190.05,0-12,2,Yes,No,Yes,0,Yes,Credit card (automatic),Yes,No,No,No,No,90,Fiber optic,90
74.25,1,Yes,1,1,1,Month-to-month,3707-GNWHM,No,No,Male,1,74.25,0-12,1,No,No,No,0,Yes,Mailed check,No,Yes,No,No,Yes,74.25,Fiber optic,74.25
74.15,42,Yes,1,1,1,Month-to-month,3714-JTVOV,No,No,Female,1,3229.4,37-48,42,No,No,No,1,Yes,Credit card (automatic),Yes,Yes,Yes,No,No,74.15,Fiber optic,74.15
69.1,1,Yes,1,1,1,Month-to-month,3716-BDVDB,No,No,Male,1,69.1,0-12,1,No,No,No,0,Yes,Electronic check,No,Yes,No,No,No,69.1,Fiber optic,69.1
70.95,2,Yes,1,1,1,Month-to-month,3721-CNEYS,No,No,Female,1,137.95,0-12,2,No,No,No,0,Yes,Electronic check,No,Yes,No,No,No,70.95,Fiber optic,70.95
88.35,1,Yes,1,1,1,Month-to-month,3722-WPXTK,No,No,Male,1,88.35,0-12,1,No,Yes,Yes,0,Yes,Electronic check,No,Yes,No,No,No,88.35,Fiber optic,88.35
82.85,6,Yes,1,1,1,Month-to-month,3727-RJMEO,No,No,Male,1,460.25,0-12,6,No,Yes,No,0,Yes,Electronic check,Yes,Yes,No,No,Yes,82.85,Fiber optic,82.85
96.2,11,Yes,1,1,1,Month-to-month,3737-GCSPV,No,No,Female,1,1222.05,0-12,11,Yes,Yes,No,0,Yes,Credit card (automatic),Yes,Yes,Yes,No,Yes,96.2,Fiber optic,96.2
82.35,21,Yes,1,1,1,Month-to-month,3744-ZRRDZ,No,No,Male,1,1852.85,13-24,21,No,No,No,0,Yes,Electronic check,No,Yes,No,Yes,Yes,82.35,Fiber optic,82.35
74.6,1,Yes,1,1,1,Month-to-month,3746-EUBYR,No,No,Male,1,74.6,0-12,1,No,No,No,0,Yes,Bank transfer (automatic),Yes,Yes,No,No,Yes,74.6,Fiber optic,74.6
67.75,2,Yes,1,1,1,Month-to-month,3750-CKVKH,No,No,Male,1,116.65,0-12,2,No,No,No,0,Yes,Electronic check,No,Yes,No,No,No,67.75,Fiber optic,67.75
35.05,1,Yes,1,1,1,Month-to-month,3751-KTZEL,No,No,Female,1,35.05,0-12,1,No,No,Yes,0,No,Mailed check,No,No,No,No,No phone service,35.05,DSL,35.05
88.15,15,Yes,1,1,1,Month-to-month,3753-TSEMP,No,No,Female,1,1390.6,13-24,15,No,Yes,Yes,0,Yes,Electronic check,Yes,No,No,No,No,88.15,Fiber optic,88.15
44.15,2,Yes,1,1,1,Month-to-month,3754-DXMRT,No,No,Male,1,92.65,0-12,2,No,No,No,1,Yes,Electronic check,No,Yes,No,No,No,44.15,DSL,44.15
71.8,16,Yes,1,1,1,Month-to-month,3755-JBMNH,No,No,Male,1,1167.8,13-24,16,No,No,No,1,Yes,Bank transfer (automatic),Yes,Yes,No,No,No,71.8,Fiber optic,71.8
106.35,32,Yes,1,1,1,Month-to-month,3757-NJYBX,No,Yes,Male,1,3520.75,25-36,32,No,Yes,Yes,1,Yes,Bank transfer (automatic),Yes,No,No,Yes,Yes,106.35,Fiber optic,106.35
74.7,1,Yes,1,1,1,Month-to-month,3765-JXVKY,No,No,Female,1,74.7,0-12,1,No,No,No,0,Yes,Electronic check,No,Yes,No,Yes,No,74.7,Fiber optic,74.7
100.6,57,Yes,1,1,1,Month-to-month,3768-NLUBH,No,Yes,Male,1,5746.15,49-60,57,No,Yes,Yes,1,Yes,Electronic check,Yes,No,No,No,Yes,100.6,Fiber optic,100.6
36.45,1,Yes,1,1,1,Month-to-month,3776-EKTKM,No,No,Female,1,36.45,0-12,1,No,Yes,No,1,No,Electronic check,No,Yes,No,No,No phone service,36.45,DSL,36.45
100.65,56,Yes,1,1,1,Month-to-month,3791-LGQCY,No,Yes,Female,1,5688.05,49-60,56,No,Yes,Yes,1,Yes,Bank transfer (automatic),Yes,Yes,No,No,Yes,100.65,Fiber optic,100.65
95.05,13,Yes,1,1,1,Month-to-month,3793-MMFUH,No,No,Female,1,1290,13-24,13,No,Yes,Yes,1,Yes,Electronic check,No,Yes,No,No,Yes,95.05,Fiber optic,95.05
23.45,1,Yes,1,1,1,Month-to-month,3797-VTIDR,No,No,Male,1,23.45,0-12,1,No,No,No,0,No,Electronic check,Yes,Yes,No,No,No phone service,23.45,DSL,23.45
69.95,7,Yes,1,1,1,Month-to-month,3799-ISUZQ,Yes,No,Male,1,529.5,0-12,7,No,No,No,0,Yes,Bank transfer (automatic),Yes,Yes,No,No,No,69.95,Fiber optic,69.95
89.15,1,Yes,1,1,1,Month-to-month,3801-HMYNL,Yes,No,Male,1,89.15,0-12,1,No,Yes,Yes,0,Yes,Mailed check,Yes,No,No,No,No,89.15,Fiber optic,89.15
20.55,1,Yes,1,1,1,Month-to-month,3803-KMQFW,Yes,No,Female,1,20.55,0-12,1,No,No,No,0,Yes,Mailed check,Yes,No,No,No,No,20.55,No,20.55
103.85,50,Yes,1,1,1,Month-to-month,3804-RVTGV,Yes,Yes,Male,1,5017.9,49-60,50,No,Yes,Yes,0,Yes,Bank transfer (automatic),Yes,Yes,No,Yes,Yes,103.85,Fiber optic,103.85
33.65,4,Yes,1,1,1,Month-to-month,3806-DXQOM,No,No,Female,1,137.85,0-12,4,No,No,No,0,No,Electronic check,No,Yes,Yes,Yes,No phone service,33.65,DSL,33.65
99.8,7,Yes,1,1,1,Month-to-month,3811-VBYBZ,No,No,Male,1,673.25,0-12,7,No,Yes,Yes,0,Yes,Electronic check,No,Yes,No,Yes,Yes,99.8,Fiber optic,99.8
79.85,31,Yes,1,1,1,Month-to-month,3814-MLAXC,No,No,Female,1,2404.15,25-36,31,Yes,No,No,0,Yes,Credit card (automatic),No,Yes,No,No,Yes,79.85,Fiber optic,79.85
34.25,3,Yes,1,1,1,Month-to-month,3815-SLMEF,No,No,Female,1,139.35,0-12,3,Yes,No,No,0,No,Mailed check,No,No,Yes,No,No phone service,34.25,DSL,34.25
85.2,7,Yes,1,1,1,Month-to-month,3834-XUIFC,No,No,Male,1,602.55,0-12,7,No,No,Yes,0,Yes,Mailed check,No,Yes,No,No,Yes,85.2,Fiber optic,85.2
105,66,Yes,1,1,1,Month-to-month,3838-OZURD,No,Yes,Male,1,7133.25,61+,66,No,Yes,Yes,0,Yes,Credit card (automatic),Yes,Yes,No,Yes,Yes,105,Fiber optic,105
85.3,35,Yes,1,1,1,Month-to-month,3842-IYKUE,No,No,Female,1,2917.5,25-36,35,Yes,No,No,0,Yes,Credit card (automatic),No,No,No,Yes,Yes,85.3,Fiber optic,85.3
74.95,23,Yes,1,1,1,Month-to-month,3858-VOBET,No,No,Male,1,1710.45,13-24,23,No,No,No,0,Yes,Electronic check,No,Yes,No,No,Yes,74.95,Fiber optic,74.95
45.65,4,Yes,1,1,1,Month-to-month,3859-CVCET,No,No,Female,1,191.05,0-12,4,No,No,No,0,Yes,Mailed check,No,No,No,No,No,45.65,DSL,45.65
70.75,2,Yes,1,1,1,Month-to-month,3866-MDTUB,No,No,Female,1,146.9,0-12,2,No,Yes,Yes,0,Yes,Electronic check,No,Yes,Yes,No,No,70.75,DSL,70.75
69.1,1,Yes,1,1,1,Month-to-month,3871-IKPYH,No,No,Male,1,69.1,0-12,1,No,No,No,1,Yes,Electronic check,No,No,No,No,No,69.1,Fiber optic,69.1
95,7,Yes,1,1,1,Month-to-month,3874-EQOEP,No,No,Male,1,655.5,0-12,7,No,Yes,Yes,0,Yes,Mailed check,No,No,No,No,Yes,95,Fiber optic,95
59.85,1,Yes,1,1,1,Month-to-month,3877-JRJIP,No,No,Male,1,59.85,0-12,1,No,Yes,No,0,Yes,Electronic check,No,Yes,No,No,Yes,59.85,DSL,59.85
70,17,Yes,1,1,1,Month-to-month,3884-HCSWG,No,No,Female,1,1144.5,13-24,17,No,No,No,0,Yes,Electronic check,No,Yes,No,No,No,70,Fiber optic,70
59.2,1,Yes,1,1,1,Month-to-month,3891-PUQOD,Yes,Yes,Female,1,59.2,0-12,1,No,No,Yes,0,Yes,Electronic check,No,No,No,No,No,59.2,DSL,59.2
19.9,1,Yes,1,1,1,Month-to-month,3900-AQPHZ,No,No,Female,1,19.9,0-12,1,No,No,No,0,Yes,Mailed check,No,No,No,No,No,19.9,No,19.9
101.35,12,Yes,1,1,1,Month-to-month,3902-FOIGH,No,No,Male,1,1218.55,0-12,12,No,Yes,Yes,1,Yes,Electronic check,Yes,Yes,No,Yes,Yes,101.35,Fiber optic,101.35
83.9,6,Yes,1,1,1,Month-to-month,3908-BLSYF,No,Yes,Female,1,497.55,0-12,6,No,No,Yes,0,Yes,Electronic check,No,No,No,No,No,83.9,Fiber optic,83.9
71.05,50,Yes,1,1,1,Month-to-month,3923-CSIHK,No,No,Female,1,3444.85,49-60,50,No,No,No,1,Yes,Electronic check,Yes,Yes,No,No,No,71.05,Fiber optic,71.05
45.1,1,Yes,1,1,1,Month-to-month,3926-CUQZX,No,No,Male,1,45.1,0-12,1,No,No,No,0,Yes,Bank transfer (automatic),No,Yes,No,No,No,45.1,DSL,45.1
99.25,23,Yes,1,1,1,Month-to-month,3934-HXCFZ,No,Yes,Male,1,2186.4,13-24,23,No,Yes,No,0,Yes,Electronic check,Yes,Yes,Yes,Yes,Yes,99.25,Fiber optic,99.25
74.95,26,Yes,1,1,1,Month-to-month,3943-KDREE,No,No,Female,1,1834.95,25-36,26,No,No,No,0,Yes,Bank transfer (automatic),No,Yes,No,No,Yes,74.95,Fiber optic,74.95
44.55,12,Yes,1,1,1,Month-to-month,3945-GFWQL,Yes,No,Female,1,480.6,0-12,12,No,No,No,0,Yes,Electronic check,No,Yes,No,No,No,44.55,DSL,44.55
50.9,1,Yes,1,1,1,Month-to-month,3946-MHCZW,No,Yes,Male,1,50.9,0-12,1,No,No,No,0,Yes,Mailed check,No,No,No,No,No,50.9,DSL,50.9
49.55,24,Yes,1,1,1,Month-to-month,3948-XHGNA,No,No,Male,1,1210.4,13-24,24,No,No,No,0,Yes,Bank transfer (automatic),No,Yes,Yes,No,No,49.55,DSL,49.55
106.15,28,Yes,1,1,1,Month-to-month,3957-LXOLK,No,Yes,Female,1,3152.5,25-36,28,No,Yes,Yes,1,Yes,Electronic check,No,Yes,No,Yes,Yes,106.15,Fiber optic,106.15
94.1,30,Yes,1,1,1,Month-to-month,3976-BWUCK,No,No,Female,1,2804.45,25-36,30,Yes,Yes,No,0,Yes,Credit card (automatic),Yes,Yes,No,Yes,Yes,94.1,Fiber optic,94.1
50.25,42,Yes,1,1,1,Month-to-month,3982-XWFZQ,No,No,Female,1,2203.65,37-48,42,No,No,No,0,Yes,Electronic check,Yes,Yes,No,No,Yes,50.25,DSL,50.25
91.3,1,Yes,1,1,1,Month-to-month,3988-RQIXO,No,No,Female,1,91.3,0-12,1,No,Yes,Yes,1,Yes,Electronic check,No,Yes,No,No,No,91.3,Fiber optic,91.3
92.5,37,Yes,1,1,1,Month-to-month,3990-QYKBE,No,No,Male,1,3473.4,37-48,37,No,Yes,Yes,1,Yes,Electronic check,Yes,Yes,No,No,Yes,92.5,Fiber optic,92.5
109.9,6,Yes,1,1,1,Month-to-month,3992-YWPKO,No,Yes,Female,1,669.45,0-12,6,Yes,Yes,Yes,0,Yes,Credit card (automatic),No,Yes,No,Yes,Yes,109.9,Fiber optic,109.9
69.7,8,Yes,1,1,1,Month-to-month,3999-QGRJH,No,No,Male,1,560.85,0-12,8,No,No,No,1,Yes,Electronic check,No,Yes,No,No,No,69.7,Fiber optic,69.7
99.5,25,Yes,1,1,1,Month-to-month,4009-ALQFH,No,Yes,Female,1,2369.05,25-36,25,No,Yes,Yes,0,Yes,Electronic check,No,Yes,No,Yes,No,99.5,Fiber optic,99.5
78.25,19,Yes,1,1,1,Month-to-month,4013-TLDHQ,No,Yes,Male,1,1490.95,13-24,19,No,No,No,0,Yes,Electronic check,No,Yes,No,Yes,No,78.25,Fiber optic,78.25
74.65,7,Yes,1,1,1,Month-to-month,4013-UBXWQ,No,No,Female,1,521.1,0-12,7,Yes,Yes,Yes,0,Yes,Electronic check,No,Yes,No,No,Yes,74.65,DSL,74.65
98.5,29,Yes,1,1,1,Month-to-month,4021-RQSNY,No,Yes,Male,1,3004.15,25-36,29,No,Yes,Yes,1,Yes,Electronic check,Yes,Yes,No,No,Yes,98.5,Fiber optic,98.5
30.9,2,Yes,1,1,1,Month-to-month,4030-VPZBD,No,No,Female,1,59.05,0-12,2,Yes,No,No,0,No,Electronic check,No,Yes,No,No,No phone service,30.9,DSL,30.9
96.5,36,Yes,1,1,1,Month-to-month,4039-HEUNW,No,No,Male,1,3436.1,25-36,36,No,Yes,Yes,1,Yes,Electronic check,Yes,Yes,No,Yes,Yes,96.5,Fiber optic,96.5
54.75,1,Yes,1,1,1,Month-to-month,4074-SJFFA,No,No,Female,1,54.75,0-12,1,No,No,Yes,0,Yes,Mailed check,No,Yes,No,No,No,54.75,DSL,54.75
104.2,31,Yes,1,1,1,Month-to-month,4077-CROMM,Yes,Yes,Female,1,3243.45,25-36,31,Yes,Yes,Yes,0,Yes,Electronic check,Yes,Yes,No,No,Yes,104.2,Fiber optic,104.2
100.75,11,Yes,1,1,1,Month-to-month,4078-SAYYN,No,Yes,Female,1,1129.75,0-12,11,No,Yes,Yes,0,Yes,Electronic check,No,Yes,No,No,Yes,100.75,Fiber optic,100.75
71.15,8,Yes,1,1,1,Month-to-month,4080-OGPJL,No,No,Female,1,563.65,0-12,8,Yes,No,Yes,0,Yes,Electronic check,No,No,Yes,No,Yes,71.15,DSL,71.15
20.25,9,Yes,1,1,1,Month-to-month,4083-EUGRJ,No,No,Male,1,178.5,0-12,9,No,No,No,0,Yes,Mailed check,No,No,No,No,No,20.25,No,20.25
80.4,3,Yes,1,1,1,Month-to-month,4086-YQSNZ,No,No,Female,1,224.05,0-12,3,No,Yes,No,1,Yes,Electronic check,Yes,Yes,No,No,No,80.4,Fiber optic,80.4
94.25,21,Yes,1,1,1,Month-to-month,4094-NSEDU,No,No,Female,1,1973.75,13-24,21,No,Yes,Yes,1,Yes,Electronic check,No,Yes,No,No,Yes,94.25,Fiber optic,94.25
74.4,1,Yes,1,1,1,Month-to-month,4102-OQUPX,No,No,Male,1,74.4,0-12,1,No,No,No,1,Yes,Electronic check,Yes,Yes,No,No,Yes,74.4,Fiber optic,74.4
69.55,1,Yes,1,1,1,Month-to-month,4110-PFEUZ,No,No,Female,1,69.55,0-12,1,No,No,No,0,Yes,Mailed check,No,No,No,No,No,69.55,Fiber optic,69.55
89.5,10,Yes,1,1,1,Month-to-month,4112-LUEIZ,No,No,Male,1,863.1,0-12,10,No,Yes,Yes,0,Yes,Electronic check,No,Yes,No,No,No,89.5,Fiber optic,89.5
74.25,9,Yes,1,1,1,Month-to-month,4116-TZAQJ,No,No,Female,1,639.65,0-12,9,No,No,No,0,Yes,Credit card (automatic),No,Yes,Yes,No,No,74.25,Fiber optic,74.25
94.65,22,Yes,1,1,1,Month-to-month,4124-MMETB,No,No,Male,1,2104.55,13-24,22,No,Yes,Yes,0,Yes,Credit card (automatic),No,Yes,No,No,Yes,94.65,Fiber optic,94.65
35.4,31,Yes,1,1,1,Month-to-month,4139-SUGLD,Yes,No,Male,1,1077.5,25-36,31,Yes,No,No,0,No,Bank transfer (automatic),Yes,No,Yes,No,No phone service,35.4,DSL,35.4
86.85,3,Yes,1,1,1,Month-to-month,4140-MUHUG,No,Yes,Female,1,220.95,0-12,3,No,Yes,No,1,Yes,Electronic check,No,Yes,No,No,No,86.85,Fiber optic,86.85
19.85,5,Yes,1,1,1,Month-to-month,4140-WJAWW,No,No,Female,1,108.05,0-12,5,No,No,No,0,Yes,Credit card (automatic),No,No,No,No,No,19.85,No,19.85
85.35,52,Yes,1,1,1,Month-to-month,4143-HHPMK,No,No,Male,1,4338.6,49-60,52,No,No,Yes,0,Yes,Electronic check,No,Yes,No,Yes,No,85.35,Fiber optic,85.35
81.3,5,Yes,1,1,1,Month-to-month,4143-OOBWZ,No,No,Male,1,416.3,0-12,5,No,No,No,0,Yes,Electronic check,Yes,Yes,No,Yes,Yes,81.3,Fiber optic,81.3
92.1,8,Yes,1,1,1,Month-to-month,4145-UQXUQ,No,Yes,Female,1,729.95,0-12,8,No,Yes,Yes,1,Yes,Electronic check,No,Yes,No,No,No,92.1,Fiber optic,92.1
89.05,13,Yes,1,1,1,Month-to-month,4154-AQUGT,No,No,Male,1,1169.35,13-24,13,Yes,No,Yes,1,Yes,Bank transfer (automatic),Yes,Yes,No,Yes,No,89.05,Fiber optic,89.05
19.65,8,Yes,1,1,1,Month-to-month,4160-AMJTL,No,No,Female,1,164.3,0-12,8,No,No,No,1,Yes,Electronic check,No,No,No,No,No,19.65,No,19.65
78.45,31,Yes,1,1,1,Month-to-month,4183-WCSEP,No,No,Male,1,2435.15,25-36,31,Yes,No,No,0,Yes,Electronic check,No,Yes,No,Yes,No,78.45,Fiber optic,78.45
88.3,3,Yes,1,1,1,Month-to-month,4184-TJFAN,Yes,No,Female,1,273.75,0-12,3,Yes,Yes,No,1,Yes,Mailed check,Yes,Yes,Yes,No,No,88.3,Fiber optic,88.3
55.2,10,Yes,1,1,1,Month-to-month,4190-MFLUW,Yes,Yes,Female,1,528.35,0-12,10,Yes,No,No,0,Yes,Credit card (automatic),Yes,No,No,No,No,55.2,DSL,55.2
94.45,5,Yes,1,1,1,Month-to-month,4192-GORJT,No,Yes,Male,1,498.1,0-12,5,No,Yes,Yes,0,Yes,Electronic check,Yes,Yes,No,No,No,94.45,Fiber optic,94.45
45.1,1,Yes,1,1,1,Month-to-month,4193-ORFCL,No,No,Female,1,45.1,0-12,1,No,No,No,1,Yes,Mailed check,No,No,No,No,No,45.1,DSL,45.1
20.35,2,Yes,1,1,1,Month-to-month,4195-SMMNX,No,No,Male,1,33.2,0-12,2,No,No,No,0,Yes,Mailed check,No,No,No,No,No,20.35,No,20.35
55.8,1,Yes,1,1,1,Month-to-month,4201-JMNGR,No,Yes,Female,1,55.8,0-12,1,No,No,No,1,Yes,Electronic check,No,Yes,Yes,No,No,55.8,DSL,55.8
44.95,2,Yes,1,1,1,Month-to-month,4208-UFFGW,No,No,Male,1,85.15,0-12,2,No,No,No,1,Yes,Mailed check,No,No,No,No,No,44.95,DSL,44.95
79.15,4,Yes,1,1,1,Month-to-month,4210-QFJMF,No,No,Female,1,317.25,0-12,4,No,No,Yes,0,Yes,Electronic check,No,Yes,No,No,No,79.15,Fiber optic,79.15
20.25,1,Yes,1,1,1,Month-to-month,4211-MMAZN,No,No,Male,1,20.25,0-12,1,No,No,No,0,Yes,Mailed check,No,No,No,No,No,20.25,No,20.25
90.05,4,Yes,1,1,1,Month-to-month,4228-ZGYUW,No,No,Male,1,368.1,0-12,4,No,No,Yes,0,Yes,Electronic check,No,Yes,No,Yes,Yes,90.05,Fiber optic,90.05
74.9,6,Yes,1,1,1,Month-to-month,4229-CZMLL,No,No,Male,1,469.8,0-12,6,No,No,No,0,Yes,Electronic check,No,Yes,No,No,Yes,74.9,Fiber optic,74.9
99.15,5,Yes,1,1,1,Month-to-month,4236-XPXAV,Yes,No,Female,1,465.05,0-12,5,Yes,Yes,Yes,0,Yes,Mailed check,Yes,Yes,No,Yes,No,99.15,Fiber optic,99.15
45.85,1,Yes,1,1,1,Month-to-month,4237-RLAQD,No,No,Male,1,45.85,0-12,1,No,No,No,0,Yes,Mailed check,No,Yes,No,No,No,45.85,DSL,45.85
79.65,30,Yes,1,1,1,Month-to-month,4248-HCETZ,No,Yes,Male,1,2365.15,25-36,30,No,No,No,1,Yes,Mailed check,Yes,Yes,No,Yes,No,79.65,Fiber optic,79.65
85.35,17,Yes,1,1,1,Month-to-month,4248-QPAVC,No,Yes,Female,1,1463.45,13-24,17,No,No,No,1,Yes,Bank transfer (automatic),Yes,Yes,Yes,No,Yes,85.35,Fiber optic,85.35
56.25,6,Yes,1,1,1,Month-to-month,4250-FDVOU,No,No,Female,1,389.1,0-12,6,No,No,No,0,Yes,Electronic check,No,No,Yes,Yes,No,56.25,DSL,56.25
20.5,1,Yes,1,1,1,Month-to-month,4255-DDUOU,Yes,No,Female,1,20.5,0-12,1,No,No,No,0,Yes,Mailed check,Yes,Yes,No,No,No,20.5,No,20.5
74.35,1,Yes,1,1,1,Month-to-month,4274-OWWYO,No,No,Male,1,74.35,0-12,1,No,No,No,0,Yes,Electronic check,No,Yes,No,Yes,No,74.35,Fiber optic,74.35
80.1,8,Yes,1,1,1,Month-to-month,4277-PVRAN,No,No,Female,1,679.3,0-12,8,No,Yes,No,0,Yes,Bank transfer (automatic),No,Yes,No,No,No,80.1,Fiber optic,80.1
74.75,9,Yes,1,1,1,Month-to-month,4282-YMKNA,No,No,Female,1,706.6,0-12,9,No,No,No,0,Yes,Electronic check,No,Yes,No,No,Yes,74.75,Fiber optic,74.75
79.85,19,Yes,1,1,1,Month-to-month,4283-FUTGF,No,Yes,Male,1,1471.75,13-24,19,No,No,No,1,Yes,Electronic check,No,Yes,No,No,Yes,79.85,Fiber optic,79.85
86.25,7,Yes,1,1,1,Month-to-month,4285-GYRQC,No,Yes,Female,1,587.1,0-12,7,No,Yes,No,0,Yes,Electronic check,Yes,Yes,No,No,No,86.25,Fiber optic,86.25
101.3,40,Yes,1,1,1,Month-to-month,4289-DTDKW,No,No,Male,1,4113.1,37-48,40,No,Yes,Yes,0,Yes,Electronic check,Yes,Yes,No,Yes,Yes,101.3,Fiber optic,101.3
79.65,3,Yes,1,1,1,Month-to-month,4290-BSXUX,No,No,Male,1,251.75,0-12,3,Yes,No,No,0,Yes,Bank transfer (automatic),Yes,Yes,No,No,Yes,79.65,Fiber optic,79.65
93.9,53,Yes,1,1,1,Month-to-month,4307-KTUMW,No,Yes,Male,1,5029.2,49-60,53,No,No,Yes,0,Yes,Electronic check,Yes,No,Yes,No,Yes,93.9,Fiber optic,93.9
98.9,12,Yes,1,1,1,Month-to-month,4315-MURBD,No,No,Female,1,1120.95,0-12,12,Yes,Yes,Yes,0,Yes,Bank transfer (automatic),No,Yes,Yes,No,No,98.9,Fiber optic,98.9
50.75,1,Yes,1,1,1,Month-to-month,4317-VTEOA,No,No,Male,1,50.75,0-12,1,No,No,No,0,Yes,Electronic check,No,Yes,No,Yes,No,50.75,DSL,50.75
34.5,7,Yes,1,1,1,Month-to-month,4323-SADQS,Yes,No,Male,1,279.25,0-12,7,Yes,No,No,0,No,Electronic check,Yes,Yes,Yes,No,No phone service,34.5,DSL,34.5
90.6,19,Yes,1,1,1,Month-to-month,4325-NFSKC,No,No,Male,1,1660,13-24,19,No,Yes,No,1,Yes,Electronic check,No,Yes,Yes,No,Yes,90.6,Fiber optic,90.6
70.65,2,Yes,1,1,1,Month-to-month,4342-HENTK,No,No,Female,1,142.35,0-12,2,No,No,No,1,Yes,Electronic check,No,Yes,No,No,No,70.65,Fiber optic,70.65
54.35,1,Yes,1,1,1,Month-to-month,4349-GFQHK,No,Yes,Male,1,54.35,0-12,1,No,No,No,0,Yes,Electronic check,No,No,No,No,Yes,54.35,DSL,54.35
55,1,Yes,1,1,1,Month-to-month,4351-QLCSU,No,No,Female,1,55,0-12,1,No,Yes,No,0,Yes,Credit card (automatic),No,Yes,No,No,No,55,DSL,55
114.5,41,Yes,1,1,1,Month-to-month,4361-BKAXE,No,Yes,Female,1,4527.45,37-48,41,Yes,Yes,Yes,0,Yes,Bank transfer (automatic),No,Yes,Yes,Yes,Yes,114.5,Fiber optic,114.5
44.4,1,Yes,1,1,1,Month-to-month,4361-JEIVL,Yes,No,Male,1,44.4,0-12,1,No,No,No,0,Yes,Electronic check,No,Yes,No,No,No,44.4,DSL,44.4
85.15,6,Yes,1,1,1,Month-to-month,4369-HTUIF,No,No,Male,1,503.6,0-12,6,No,Yes,No,1,Yes,Bank transfer (automatic),No,Yes,Yes,No,No,85.15,Fiber optic,85.15
90.9,14,Yes,1,1,1,Month-to-month,4373-MAVJG,Yes,No,Female,1,1259,13-24,14,No,No,Yes,0,Yes,Bank transfer (automatic),Yes,Yes,No,Yes,Yes,90.9,Fiber optic,90.9
94.45,16,Yes,1,1,1,Month-to-month,4385-GZQXV,No,No,Female,1,1511.2,13-24,16,Yes,Yes,Yes,1,Yes,Electronic check,No,Yes,No,No,No,94.45,Fiber optic,94.45
20.55,3,Yes,1,1,1,Month-to-month,4390-KYULV,No,No,Male,1,51.15,0-12,3,No,No,No,0,Yes,Credit card (automatic),Yes,Yes,No,No,No,20.55,No,20.55
104.05,23,Yes,1,1,1,Month-to-month,4391-RESHN,No,Yes,Male,1,2470.1,13-24,23,Yes,Yes,Yes,0,Yes,Mailed check,No,Yes,No,No,Yes,104.05,Fiber optic,104.05
63.6,3,Yes,1,1,1,Month-to-month,4398-HSCJH,No,No,Female,1,155.65,0-12,3,Yes,Yes,No,0,Yes,Electronic check,No,Yes,No,No,Yes,63.6,DSL,63.6
78.05,27,Yes,1,1,1,Month-to-month,4412-YLTKF,No,Yes,Female,1,2135.5,25-36,27,No,No,No,1,Yes,Electronic check,No,Yes,No,No,Yes,78.05,Fiber optic,78.05
74.5,1,Yes,1,1,1,Month-to-month,4415-IJZTP,No,No,Female,1,74.5,0-12,1,No,No,No,0,Yes,Electronic check,No,Yes,No,No,Yes,74.5,Fiber optic,74.5
104.4,21,Yes,1,1,1,Month-to-month,4423-YLHDV,No,Yes,Female,1,2200.25,13-24,21,No,Yes,Yes,0,Yes,Bank transfer (automatic),Yes,Yes,Yes,No,Yes,104.4,Fiber optic,104.4
93.85,2,Yes,1,1,1,Month-to-month,4424-TKOPW,No,No,Male,1,196.75,0-12,2,No,Yes,Yes,1,Yes,Electronic check,No,Yes,No,No,Yes,93.85,Fiber optic,93.85
36.85,3,Yes,1,1,1,Month-to-month,4430-UZIPO,No,No,Male,1,108.7,0-12,3,Yes,No,No,0,No,Mailed check,No,Yes,No,Yes,No phone service,36.85,DSL,36.85
44.65,2,Yes,1,1,1,Month-to-month,4432-ADRLB,No,No,Male,1,74.9,0-12,2,No,No,No,0,Yes,Mailed check,No,No,No,No,No,44.65,DSL,44.65
101,46,Yes,1,1,1,Month-to-month,4433-JCGCG,No,Yes,Male,1,4680.05,37-48,46,No,Yes,Yes,1,Yes,Electronic check,Yes,Yes,No,No,Yes,101,Fiber optic,101
85.75,5,Yes,1,1,1,Month-to-month,4439-JMPMT,Yes,No,Female,1,470.95,0-12,5,Yes,Yes,No,0,Yes,Electronic check,Yes,Yes,No,No,No,85.75,Fiber optic,85.75
74.3,13,Yes,1,1,1,Month-to-month,4441-NIHPT,No,Yes,Female,1,940.35,13-24,13,No,No,No,1,Yes,Electronic check,No,Yes,No,No,No,74.3,Fiber optic,74.3
105.55,61,Yes,1,1,1,Month-to-month,4446-BZKHU,No,Yes,Male,1,6281.45,61+,61,No,Yes,Yes,0,Yes,Electronic check,Yes,Yes,No,Yes,Yes,105.55,Fiber optic,105.55
84.3,42,Yes,1,1,1,Month-to-month,4471-KXAUH,No,Yes,Female,1,3588.4,37-48,42,Yes,No,No,0,Yes,Electronic check,Yes,Yes,No,No,Yes,84.3,Fiber optic,84.3
55.3,3,Yes,1,1,1,Month-to-month,4484-CGXFK,No,No,Female,1,196.15,0-12,3,No,No,Yes,0,Yes,Electronic check,No,Yes,No,No,No,55.3,DSL,55.3
105.05,52,Yes,1,1,1,Month-to-month,4484-GLZOU,No,Yes,Female,1,5624.85,49-60,52,No,Yes,Yes,0,Yes,Electronic check,Yes,Yes,No,Yes,Yes,105.05,Fiber optic,105.05
20.25,16,Yes,1,1,1,Month-to-month,4488-PSYCG,No,No,Male,1,327.45,13-24,16,No,No,No,0,Yes,Bank transfer (automatic),No,No,No,No,No,20.25,No,20.25
72.25,35,Yes,1,1,1,Month-to-month,4489-SNOJF,Yes,Yes,Female,1,2568.55,25-36,35,Yes,Yes,No,0,Yes,Electronic check,Yes,No,Yes,No,Yes,72.25,DSL,72.25
69.7,1,Yes,1,1,1,Month-to-month,4501-EQDRN,No,No,Female,1,69.7,0-12,1,No,No,No,0,Yes,Bank transfer (automatic),No,No,No,No,No,69.7,Fiber optic,69.7
74.95,11,Yes,1,1,1,Month-to-month,4503-BDXBD,No,No,Male,1,815.5,0-12,11,No,No,No,0,Yes,Electronic check,No,No,No,Yes,No,74.95,Fiber optic,74.95
74.4,6,Yes,1,1,1,Month-to-month,4505-EXZHB,No,Yes,Female,1,434.1,0-12,6,No,No,No,1,Yes,Electronic check,No,No,No,No,No,74.4,Fiber optic,74.4
69.8,1,Yes,1,1,1,Month-to-month,4510-HIMLV,No,No,Male,1,69.8,0-12,1,No,No,No,0,Yes,Electronic check,No,Yes,No,No,No,69.8,Fiber optic,69.8
57.15,38,Yes,1,1,1,Month-to-month,4510-PYUSH,No,No,Female,1,2250.65,37-48,38,No,No,No,1,Yes,Credit card (automatic),No,Yes,Yes,Yes,No,57.15,DSL,57.15
70,2,Yes,1,1,1,Month-to-month,4512-ZUIYL,No,No,Female,1,153.05,0-12,2,No,No,No,0,Yes,Bank transfer (automatic),No,No,No,No,No,70,Fiber optic,70
84.75,16,Yes,1,1,1,Month-to-month,4514-GFCFI,No,No,Female,1,1350.15,13-24,16,No,Yes,No,1,Yes,Electronic check,No,Yes,No,No,Yes,84.75,Fiber optic,84.75
101.1,59,Yes,1,1,1,Month-to-month,4523-WXCEF,No,No,Female,1,6039.9,49-60,59,No,Yes,Yes,0,Yes,Electronic check,Yes,No,No,Yes,Yes,101.1,Fiber optic,101.1
80.2,2,Yes,1,1,1,Month-to-month,4529-CKBCL,No,No,Female,1,146.05,0-12,2,No,Yes,No,0,Yes,Electronic check,No,Yes,No,No,No,80.2,Fiber optic,80.2
19.25,7,Yes,1,1,1,Month-to-month,4541-RMRLG,No,No,Male,1,112.3,0-12,7,No,No,No,0,Yes,Electronic check,No,No,No,No,No,19.25,No,19.25
80.05,10,Yes,1,1,1,Month-to-month,4547-KQRTM,No,No,Female,1,830.7,0-12,10,No,No,No,0,Yes,Bank transfer (automatic),No,Yes,No,Yes,Yes,80.05,Fiber optic,80.05
72.65,16,Yes,1,1,1,Month-to-month,4547-LYTDD,No,No,Female,1,1194.3,13-24,16,No,No,No,0,Yes,Electronic check,No,No,No,No,Yes,72.65,Fiber optic,72.65
85.2,5,Yes,1,1,1,Month-to-month,4548-SDBKE,No,No,Female,1,474.8,0-12,5,No,Yes,No,0,Yes,Electronic check,No,Yes,No,No,Yes,85.2,Fiber optic,85.2
69.65,1,Yes,1,1,1,Month-to-month,4550-EVXNY,Yes,No,Female,1,69.65,0-12,1,No,No,No,0,Yes,Electronic check,No,Yes,No,No,No,69.65,Fiber optic,69.65
102.95,70,Yes,1,1,1,Month-to-month,4550-VBOFE,No,Yes,Male,1,7101.5,61+,70,No,Yes,Yes,1,Yes,Electronic check,Yes,Yes,No,Yes,Yes,102.95,Fiber optic,102.95
90.05,49,Yes,1,1,1,Month-to-month,4554-YGZIH,No,No,Male,1,4547.25,49-60,49,No,No,Yes,1,Yes,Credit card (automatic),Yes,No,No,Yes,Yes,90.05,Fiber optic,90.05
91.85,17,Yes,1,1,1,Month-to-month,4558-FANTW,Yes,No,Female,1,1574.45,13-24,17,Yes,Yes,No,0,Yes,Electronic check,Yes,No,Yes,No,No,91.85,Fiber optic,91.85
107.35,47,Yes,1,1,1,Month-to-month,4566-GOLUK,Yes,Yes,Male,1,5118.95,37-48,47,Yes,Yes,Yes,0,Yes,Bank transfer (automatic),Yes,Yes,No,No,Yes,107.35,Fiber optic,107.35
44.05,11,Yes,1,1,1,Month-to-month,4566-QVRRW,No,No,Female,1,483.7,0-12,11,No,No,No,0,Yes,Electronic check,Yes,Yes,No,No,No,44.05,DSL,44.05
80.25,10,Yes,1,1,1,Month-to-month,4572-DVCGN,No,No,Female,1,846,0-12,10,No,No,Yes,0,Yes,Bank transfer (automatic),No,Yes,No,No,No,80.25,Fiber optic,80.25
56.15,43,Yes,1,1,1,Month-to-month,4580-TMHJU,Yes,No,Female,1,2499.3,37-48,43,No,Yes,No,0,Yes,Electronic check,Yes,No,No,No,No,56.15,DSL,56.15
75.8,3,Yes,1,1,1,Month-to-month,4581-SSPWD,No,No,Female,1,246.3,0-12,3,No,No,No,0,Yes,Electronic check,No,Yes,No,No,Yes,75.8,Fiber optic,75.8
73.75,4,Yes,1,1,1,Month-to-month,4585-HETAI,Yes,Yes,Female,1,325.45,0-12,4,No,No,No,0,Yes,Electronic check,Yes,Yes,No,No,No,73.75,Fiber optic,73.75
79.1,3,Yes,1,1,1,Month-to-month,4587-NUKOX,No,No,Female,1,246.5,0-12,3,No,No,No,0,Yes,Electronic check,No,Yes,Yes,Yes,No,79.1,Fiber optic,79.1
105.3,6,Yes,1,1,1,Month-to-month,4587-VVTOX,No,Yes,Female,1,545.2,0-12,6,No,Yes,Yes,0,Yes,Electronic check,Yes,Yes,No,Yes,Yes,105.3,Fiber optic,105.3
19.6,1,Yes,1,1,1,Month-to-month,4588-YBNIB,No,No,Female,1,19.6,0-12,1,No,No,No,0,Yes,Mailed check,No,Yes,No,No,No,19.6,No,19.6
29.7,3,Yes,1,1,1,Month-to-month,4592-IWTJI,Yes,No,Female,1,91.7,0-12,3,No,No,No,0,No,Credit card (automatic),Yes,No,Yes,No,No phone service,29.7,DSL,29.7
101.25,24,Yes,1,1,1,Month-to-month,4597-NUCQV,No,No,Male,1,2440.15,13-24,24,No,Yes,Yes,1,Yes,Electronic check,No,Yes,No,Yes,Yes,101.25,Fiber optic,101.25
98.5,25,Yes,1,1,1,Month-to-month,4598-XLKNJ,No,Yes,Female,1,2514.5,25-36,25,No,Yes,Yes,1,Yes,Electronic check,Yes,Yes,No,Yes,No,98.5,Fiber optic,98.5
69.85,1,Yes,1,1,1,Month-to-month,4603-JANFB,No,No,Male,1,69.85,0-12,1,No,No,No,0,Yes,Electronic check,No,Yes,No,No,No,69.85,Fiber optic,69.85
81.1,1,Yes,1,1,1,Month-to-month,4614-NUVZD,No,No,Female,1,81.1,0-12,1,No,No,Yes,0,Yes,Electronic check,No,Yes,No,No,No,81.1,Fiber optic,81.1
30.45,8,Yes,1,1,1,Month-to-month,4625-EWPTF,No,No,Male,1,226.45,0-12,8,No,No,No,0,No,Electronic check,No,Yes,Yes,No,No phone service,30.45,DSL,30.45
93.85,7,Yes,1,1,1,Month-to-month,4626-GYCZP,No,No,Male,1,635.6,0-12,7,No,Yes,Yes,0,Yes,Electronic check,No,Yes,No,No,Yes,93.85,Fiber optic,93.85
39.3,57,Yes,1,1,1,Month-to-month,4628-CTTLA,No,No,Male,1,2111.45,49-60,57,No,Yes,No,0,No,Electronic check,No,Yes,No,Yes,No phone service,39.3,DSL,39.3
70.4,2,Yes,1,1,1,Month-to-month,4629-NRXKX,Yes,No,Female,1,147.15,0-12,2,No,No,No,0,Yes,Electronic check,Yes,No,No,No,No,70.4,Fiber optic,70.4
79.4,15,Yes,1,1,1,Month-to-month,4631-OACRM,No,No,Male,1,1156.1,13-24,15,No,No,Yes,1,Yes,Electronic check,No,Yes,No,No,No,79.4,Fiber optic,79.4
80.5,6,Yes,1,1,1,Month-to-month,4636-QRJKY,Yes,No,Female,1,502.85,0-12,6,Yes,No,No,0,Yes,Electronic check,Yes,Yes,No,No,Yes,80.5,Fiber optic,80.5
55.95,13,Yes,1,1,1,Month-to-month,4640-UHDOS,Yes,No,Female,1,734.35,13-24,13,No,No,Yes,0,Yes,Electronic check,Yes,No,No,No,No,55.95,DSL,55.95
73.85,16,Yes,1,1,1,Month-to-month,4652-NNHNY,No,No,Male,1,1284.2,13-24,16,No,No,No,0,Yes,Bank transfer (automatic),Yes,Yes,No,No,Yes,73.85,Fiber optic,73.85
102.8,21,Yes,1,1,1,Month-to-month,4658-HCOHW,Yes,Yes,Female,1,2110.15,13-24,21,Yes,Yes,Yes,0,Yes,Electronic check,Yes,Yes,No,Yes,No,102.8,Fiber optic,102.8
95.15,19,Yes,1,1,1,Month-to-month,4659-NZRUF,No,No,Female,1,1789.25,13-24,19,No,No,Yes,0,Yes,Electronic check,No,Yes,Yes,Yes,Yes,95.15,Fiber optic,95.15
62.05,2,Yes,1,1,1,Month-to-month,4662-EKDPQ,No,No,Male,1,118.3,0-12,2,No,No,Yes,0,Yes,Bank transfer (automatic),No,No,No,No,Yes,62.05,DSL,62.05
19.3,1,Yes,1,1,1,Month-to-month,4667-OHGKG,No,No,Male,1,19.3,0-12,1,No,No,No,0,Yes,Mailed check,No,Yes,No,No,No,19.3,No,19.3
45,2,Yes,1,1,1,Month-to-month,4671-LXRDQ,No,No,Male,1,96.45,0-12,2,No,No,No,0,Yes,Mailed check,No,Yes,No,No,No,45,DSL,45
52.2,1,Yes,1,1,1,Month-to-month,4678-DVQEO,No,No,Female,1,52.2,0-12,1,Yes,No,No,0,Yes,Electronic check,No,Yes,No,No,No,52.2,DSL,52.2
45.05,17,Yes,1,1,1,Month-to-month,4690-LLKUA,No,No,Male,1,770.6,13-24,17,No,No,No,1,Yes,Electronic check,No,Yes,No,No,No,45.05,DSL,45.05
57.45,18,Yes,1,1,1,Month-to-month,4695-VADHF,Yes,Yes,Male,1,990.85,13-24,18,No,No,Yes,0,Yes,Electronic check,Yes,No,No,No,No,57.45,DSL,57.45
88.55,2,Yes,1,1,1,Month-to-month,4695-WJZUE,No,Yes,Female,1,179.25,0-12,2,No,No,Yes,1,Yes,Electronic check,No,Yes,No,No,Yes,88.55,Fiber optic,88.55
54.55,55,Yes,1,1,1,Month-to-month,4701-AHWMW,No,Yes,Male,1,2978.3,49-60,55,Yes,Yes,Yes,0,No,Bank transfer (automatic),Yes,Yes,No,No,No phone service,54.55,DSL,54.55
55.25,31,Yes,1,1,1,Month-to-month,4701-MLJPN,No,Yes,Male,1,1715.65,25-36,31,Yes,No,No,0,Yes,Electronic check,No,Yes,No,No,No,55.25,DSL,55.25
70.1,1,Yes,1,1,1,Month-to-month,4702-IOQDC,No,No,Female,1,70.1,0-12,1,No,No,No,0,Yes,Electronic check,No,Yes,No,No,No,70.1,Fiber optic,70.1
69.25,22,Yes,1,1,1,Month-to-month,4704-ERYFC,No,No,Female,1,1554,13-24,22,No,No,No,0,Yes,Electronic check,Yes,Yes,No,No,No,69.25,Fiber optic,69.25
84.8,11,Yes,1,1,1,Month-to-month,4706-AXVKM,No,No,Female,1,906.85,0-12,11,No,No,Yes,1,Yes,Credit card (automatic),No,Yes,No,No,Yes,84.8,Fiber optic,84.8
79.6,2,Yes,1,1,1,Month-to-month,4713-LZDRV,No,No,Female,1,195.05,0-12,2,No,No,Yes,1,Yes,Electronic check,No,Yes,No,No,No,79.6,Fiber optic,79.6
84.8,44,Yes,1,1,1,Month-to-month,4720-VSTSI,No,Yes,Female,1,3862.55,37-48,44,No,No,No,0,Yes,Bank transfer (automatic),No,Yes,No,Yes,Yes,84.8,Fiber optic,84.8
24.75,1,Yes,1,1,1,Month-to-month,4729-XKASR,Yes,No,Male,1,24.75,0-12,1,No,No,No,0,No,Electronic check,No,No,No,No,No phone service,24.75,DSL,24.75
98.35,26,Yes,1,1,1,Month-to-month,4735-ASGMA,No,Yes,Male,1,2515.3,25-36,26,No,Yes,Yes,0,Yes,Electronic check,No,Yes,No,No,Yes,98.35,Fiber optic,98.35
20.5,1,Yes,1,1,1,Month-to-month,4745-LSPLO,No,No,Male,1,20.5,0-12,1,No,No,No,0,Yes,Mailed check,No,No,No,No,No,20.5,No,20.5
50.1,1,Yes,1,1,1,Month-to-month,4749-VFKVB,No,No,Female,1,50.1,0-12,1,No,No,No,0,Yes,Mailed check,No,Yes,No,No,Yes,50.1,DSL,50.1
84.6,4,Yes,1,1,1,Month-to-month,4750-ZRXIU,No,No,Female,1,360.1,0-12,4,No,No,Yes,1,Yes,Electronic check,No,Yes,No,No,Yes,84.6,Fiber optic,84.6
70.4,1,Yes,1,1,1,Month-to-month,4759-TRPLW,No,No,Male,1,70.4,0-12,1,No,No,No,0,Yes,Electronic check,No,No,No,No,No,70.4,Fiber optic,70.4
19.45,1,Yes,1,1,1,Month-to-month,4760-XOHVN,Yes,No,Female,1,19.45,0-12,1,No,No,No,0,Yes,Mailed check,Yes,No,No,No,No,19.45,No,19.45
70.4,4,Yes,1,1,1,Month-to-month,4763-PGDPO,No,No,Female,1,281,0-12,4,No,No,No,0,Yes,Electronic check,No,No,No,No,No,70.4,Fiber optic,70.4
65,9,Yes,1,1,1,Month-to-month,4765-OXPPD,Yes,Yes,Female,1,663.05,0-12,9,Yes,No,No,0,Yes,Mailed check,Yes,No,Yes,Yes,No,65,DSL,65
20.2,1,Yes,1,1,1,Month-to-month,4786-UKSNZ,No,No,Male,1,20.2,0-12,1,No,No,No,0,Yes,Mailed check,No,No,No,No,No,20.2,No,20.2
81,5,Yes,1,1,1,Month-to-month,4795-KTRTH,No,No,Female,1,371.65,0-12,5,No,No,No,1,Yes,Electronic check,Yes,Yes,No,Yes,Yes,81,Fiber optic,81
60,1,Yes,1,1,1,Month-to-month,4797-AXPXK,Yes,No,Female,1,60,0-12,1,Yes,No,No,0,Yes,Electronic check,No,Yes,Yes,Yes,No,60,DSL,60
19.9,1,Yes,1,1,1,Month-to-month,4800-VHZKI,No,No,Female,1,19.9,0-12,1,No,No,No,0,Yes,Mailed check,No,Yes,No,No,No,19.9,No,19.9
99.55,38,Yes,1,1,1,Month-to-month,4803-AXVYP,No,No,Female,1,3734.25,37-48,38,Yes,Yes,Yes,1,Yes,Electronic check,No,Yes,No,No,Yes,99.55,Fiber optic,99.55
68.95,1,Yes,1,1,1,Month-to-month,4806-HIPDW,No,No,Female,1,68.95,0-12,1,No,No,No,0,Yes,Electronic check,Yes,Yes,No,No,No,68.95,Fiber optic,68.95
79.9,4,Yes,1,1,1,Month-to-month,4806-KEXQR,No,No,Male,1,324.3,0-12,4,No,No,Yes,0,Yes,Electronic check,No,Yes,No,No,No,79.9,Fiber optic,79.9
44.7,2,Yes,1,1,1,Month-to-month,4816-JBHOV,No,No,Male,1,93.7,0-12,2,No,No,No,1,Yes,Electronic check,No,Yes,No,No,No,44.7,DSL,44.7
79.15,23,Yes,1,1,1,Month-to-month,4816-LXZYW,No,No,Female,1,1676.95,13-24,23,No,No,No,0,Yes,Electronic check,No,Yes,No,Yes,Yes,79.15,Fiber optic,79.15
81,10,Yes,1,1,1,Month-to-month,4817-QRJSX,No,No,Female,1,818.05,0-12,10,No,No,No,0,Yes,Credit card (automatic),No,Yes,No,Yes,Yes,81,Fiber optic,81
100.2,30,Yes,1,1,1,Month-to-month,4817-VYYWS,No,No,Female,1,2983.8,25-36,30,No,Yes,Yes,0,Yes,Electronic check,No,Yes,No,Yes,Yes,100.2,Fiber optic,100.2
80.15,29,Yes,1,1,1,Month-to-month,4818-DRBQT,No,No,Male,1,2265.25,25-36,29,No,No,No,0,Yes,Bank transfer (automatic),Yes,Yes,No,Yes,Yes,80.15,Fiber optic,80.15
79.15,20,Yes,1,1,1,Month-to-month,4818-QIUFN,No,No,Female,1,1520.9,13-24,20,No,No,No,1,Yes,Electronic check,No,Yes,Yes,No,Yes,79.15,Fiber optic,79.15
84.45,13,Yes,1,1,1,Month-to-month,4822-NGOCH,No,Yes,Female,1,1058.6,13-24,13,No,No,No,0,Yes,Electronic check,No,Yes,No,Yes,Yes,84.45,Fiber optic,84.45
100.6,8,Yes,1,1,1,Month-to-month,4822-RVYBB,No,Yes,Male,1,819.4,0-12,8,No,Yes,Yes,1,Yes,Electronic check,No,Yes,No,No,Yes,100.6,Fiber optic,100.6
84.8,25,Yes,1,1,1,Month-to-month,4822-YCXMX,No,No,Male,1,2043.45,25-36,25,No,No,Yes,0,Yes,Electronic check,No,Yes,No,No,Yes,84.8,Fiber optic,84.8
86.05,1,Yes,1,1,1,Month-to-month,4826-XTSOH,No,No,Male,1,86.05,0-12,1,No,Yes,No,1,Yes,Electronic check,Yes,Yes,No,No,Yes,86.05,Fiber optic,86.05
96.05,46,Yes,1,1,1,Month-to-month,4829-AUOAX,No,No,Female,1,4399.5,37-48,46,No,Yes,Yes,0,Yes,Bank transfer (automatic),No,No,No,No,Yes,96.05,Fiber optic,96.05
94.65,29,Yes,1,1,1,Month-to-month,4831-EOBFE,Yes,No,Male,1,2649.15,25-36,29,No,Yes,Yes,0,Yes,Credit card (automatic),Yes,No,Yes,No,No,94.65,Fiber optic,94.65
86,1,Yes,1,1,1,Month-to-month,4844-JJWUY,No,No,Female,1,86,0-12,1,No,No,Yes,1,Yes,Electronic check,No,Yes,No,Yes,No,86,Fiber optic,86
76.5,37,Yes,1,1,1,Month-to-month,4846-WHAFZ,No,No,Female,1,2868.15,37-48,37,No,No,No,1,Yes,Electronic check,Yes,Yes,No,No,Yes,76.5,Fiber optic,76.5
44.9,1,Yes,1,1,1,Month-to-month,4847-QNOKA,No,No,Female,1,44.9,0-12,1,No,No,No,0,Yes,Bank transfer (automatic),No,Yes,No,No,No,44.9,DSL,44.9
44.1,1,Yes,1,1,1,Month-to-month,4855-SNKMY,No,No,Female,1,44.1,0-12,1,No,No,No,0,Yes,Electronic check,No,Yes,No,No,No,44.1,DSL,44.1
69.65,1,Yes,1,1,1,Month-to-month,4871-JTKJF,No,No,Female,1,69.65,0-12,1,No,No,No,1,Yes,Electronic check,No,Yes,No,No,No,69.65,Fiber optic,69.65
90.35,24,Yes,1,1,1,Month-to-month,4873-ILOLJ,No,No,Male,1,2238.5,13-24,24,No,Yes,Yes,0,Yes,Electronic check,No,Yes,No,No,No,90.35,Fiber optic,90.35
20,1,Yes,1,1,1,Month-to-month,4877-EVATK,No,No,Male,1,20,0-12,1,No,No,No,0,Yes,Mailed check,No,No,No,No,No,20,No,20
69.75,32,Yes,1,1,1,Month-to-month,4883-QICIH,Yes,No,Male,1,2347.9,25-36,32,No,No,No,0,Yes,Bank transfer (automatic),Yes,Yes,No,No,No,69.75,Fiber optic,69.75
19.8,1,Yes,1,1,1,Month-to-month,4892-VLANZ,No,No,Male,1,19.8,0-12,1,No,No,No,0,Yes,Mailed check,No,No,No,No,No,19.8,No,19.8
19.95,11,Yes,1,1,1,Month-to-month,4895-TMWIR,No,No,Male,1,214.75,0-12,11,No,No,No,1,Yes,Mailed check,Yes,No,No,No,No,19.95,No,19.95
20.15,1,Yes,1,1,1,Month-to-month,4897-QSUYC,No,No,Female,1,20.15,0-12,1,No,No,No,0,Yes,Mailed check,No,Yes,No,No,No,20.15,No,20.15
98.65,29,Yes,1,1,1,Month-to-month,4902-OHLSK,No,No,Female,1,2862.75,25-36,29,Yes,Yes,Yes,1,Yes,Electronic check,No,No,No,No,Yes,98.65,Fiber optic,98.65
19.35,5,Yes,1,1,1,Month-to-month,4903-UYAVB,No,No,Male,1,126.05,0-12,5,No,No,No,0,Yes,Mailed check,Yes,No,No,No,No,19.35,No,19.35
79.35,9,Yes,1,1,1,Month-to-month,4910-AQFFX,Yes,Yes,Male,1,661.25,0-12,9,No,No,No,0,Yes,Bank transfer (automatic),Yes,Yes,No,No,Yes,79.35,Fiber optic,79.35
94.6,1,Yes,1,1,1,Month-to-month,4910-GMJOT,No,No,Female,1,94.6,0-12,1,No,Yes,Yes,0,Yes,Electronic check,No,Yes,No,No,Yes,94.6,Fiber optic,94.6
86.55,31,Yes,1,1,1,Month-to-month,4911-BANWH,Yes,No,Female,1,2697.4,25-36,31,No,Yes,No,0,Yes,Credit card (automatic),No,Yes,No,No,Yes,86.55,Fiber optic,86.55
53.4,3,Yes,1,1,1,Month-to-month,4918-QLLIW,No,No,Male,1,188.7,0-12,3,No,Yes,No,0,Yes,Credit card (automatic),No,No,No,No,No,53.4,DSL,53.4
84.5,5,Yes,1,1,1,Month-to-month,4919-IKATY,Yes,Yes,Male,1,453.75,0-12,5,No,No,No,0,Yes,Electronic check,Yes,Yes,Yes,No,Yes,84.5,Fiber optic,84.5
69.65,3,Yes,1,1,1,Month-to-month,4919-MOAVT,Yes,No,Male,1,220.1,0-12,3,No,No,No,0,Yes,Electronic check,No,No,No,No,No,69.65,Fiber optic,69.65
58.6,15,Yes,1,1,1,Month-to-month,4925-LMHOK,No,No,Male,1,939.7,13-24,15,Yes,No,No,0,Yes,Credit card (automatic),No,Yes,No,Yes,Yes,58.6,DSL,58.6
53.55,1,Yes,1,1,1,Month-to-month,4929-BSTRX,No,No,Female,1,53.55,0-12,1,No,Yes,No,0,Yes,Mailed check,No,Yes,No,No,No,53.55,DSL,53.55
19.25,11,Yes,1,1,1,Month-to-month,4946-EDSEW,Yes,No,Female,1,180.3,0-12,11,No,No,No,0,Yes,Mailed check,Yes,Yes,No,No,No,19.25,No,19.25
88.95,4,Yes,1,1,1,Month-to-month,4951-UKAAQ,No,No,Female,1,355.2,0-12,4,No,No,Yes,0,Yes,Electronic check,No,Yes,No,Yes,Yes,88.95,Fiber optic,88.95
85.95,4,Yes,1,1,1,Month-to-month,4952-YSOGZ,Yes,No,Female,1,381.3,0-12,4,No,No,Yes,0,Yes,Electronic check,Yes,Yes,No,No,Yes,85.95,Fiber optic,85.95
48.7,7,Yes,1,1,1,Month-to-month,4958-GZWIY,Yes,Yes,Male,1,340.25,0-12,7,No,No,No,0,Yes,Electronic check,Yes,No,No,No,No,48.7,DSL,48.7
101.4,35,Yes,1,1,1,Month-to-month,4958-XCBDQ,No,Yes,Male,1,3496.3,25-36,35,No,Yes,Yes,1,Yes,Electronic check,No,Yes,No,No,Yes,101.4,Fiber optic,101.4
44.6,2,Yes,1,1,1,Month-to-month,4959-JOSRX,No,No,Female,1,80.55,0-12,2,No,No,No,0,Yes,Credit card (automatic),Yes,Yes,No,No,No,44.6,DSL,44.6
94.55,27,Yes,1,1,1,Month-to-month,4971-PUYQO,No,No,Female,1,2724.6,25-36,27,No,Yes,Yes,0,Yes,Mailed check,No,Yes,No,No,Yes,94.55,Fiber optic,94.55
75.35,1,Yes,1,1,1,Month-to-month,4988-IQIGL,No,No,Male,1,75.35,0-12,1,No,No,No,1,Yes,Electronic check,No,Yes,No,No,Yes,75.35,Fiber optic,75.35
29.5,10,Yes,1,1,1,Month-to-month,5016-ETTFF,No,Yes,Male,1,255.25,0-12,10,No,No,No,0,No,Mailed check,No,No,No,No,No phone service,29.5,DSL,29.5
69.35,7,Yes,1,1,1,Month-to-month,5027-QPKTE,No,No,Male,1,451.1,0-12,7,No,No,No,0,Yes,Electronic check,Yes,Yes,No,No,No,69.35,Fiber optic,69.35
44.75,6,Yes,1,1,1,Month-to-month,5027-XWQHA,No,No,Male,1,270.95,0-12,6,No,No,No,0,Yes,Electronic check,No,No,No,No,No,44.75,DSL,44.75
70.7,2,Yes,1,1,1,Month-to-month,5028-GZLDO,No,No,Male,1,140.7,0-12,2,No,No,No,0,Yes,Credit card (automatic),No,No,No,No,No,70.7,Fiber optic,70.7
20.05,1,Yes,1,1,1,Month-to-month,5028-HTLJB,No,No,Male,1,20.05,0-12,1,No,No,No,1,Yes,Mailed check,No,No,No,No,No,20.05,No,20.05
50.15,1,Yes,1,1,1,Month-to-month,5047-LHVLY,Yes,Yes,Male,1,50.15,0-12,1,No,No,No,1,Yes,Mailed check,No,Yes,No,No,No,50.15,DSL,50.15
20.6,1,Yes,1,1,1,Month-to-month,5049-GLYVG,No,No,Male,1,20.6,0-12,1,No,No,No,0,Yes,Mailed check,No,No,No,No,No,20.6,No,20.6
105.35,3,Yes,1,1,1,Month-to-month,5052-PNLOS,No,Yes,Male,1,323.25,0-12,3,No,Yes,Yes,0,Yes,Bank transfer (automatic),No,Yes,No,Yes,Yes,105.35,Fiber optic,105.35
75.35,1,Yes,1,1,1,Month-to-month,5054-IEXZT,Yes,No,Male,1,75.35,0-12,1,No,No,No,0,Yes,Electronic check,No,Yes,No,Yes,No,75.35,Fiber optic,75.35
50.75,39,Yes,1,1,1,Month-to-month,5057-LCOUI,No,Yes,Female,1,2011.4,37-48,39,No,Yes,Yes,0,No,Electronic check,No,Yes,No,No,No phone service,50.75,DSL,50.75
50.8,60,Yes,1,1,1,Month-to-month,5073-WXOYN,No,No,Female,1,3027.4,49-60,60,No,Yes,Yes,0,No,Electronic check,No,Yes,No,Yes,No phone service,50.8,DSL,50.8
45.3,1,Yes,1,1,1,Month-to-month,5077-DXTCG,No,No,Female,1,45.3,0-12,1,No,No,No,0,Yes,Electronic check,No,Yes,No,No,No,45.3,DSL,45.3
39.05,18,Yes,1,1,1,Month-to-month,5087-SUURX,No,Yes,Female,1,669.85,13-24,18,No,Yes,No,0,No,Electronic check,Yes,Yes,No,No,No phone service,39.05,DSL,39.05
91.5,3,Yes,1,1,1,Month-to-month,5095-AESKG,No,No,Female,1,242.95,0-12,3,No,No,Yes,0,Yes,Credit card (automatic),Yes,Yes,No,Yes,Yes,91.5,Fiber optic,91.5
110.75,43,Yes,1,1,1,Month-to-month,5099-BAILX,Yes,Yes,Male,1,4687.9,37-48,43,Yes,Yes,Yes,1,Yes,Bank transfer (automatic),Yes,Yes,No,Yes,Yes,110.75,Fiber optic,110.75
45.95,1,Yes,1,1,1,Month-to-month,5103-MHMHY,Yes,No,Female,1,45.95,0-12,1,No,No,No,0,Yes,Mailed check,No,No,No,No,No,45.95,DSL,45.95
73.5,11,Yes,1,1,1,Month-to-month,5108-ADXWO,No,No,Male,1,791.75,0-12,11,No,No,No,0,Yes,Electronic check,No,Yes,Yes,No,No,73.5,Fiber optic,73.5
105.95,25,Yes,1,1,1,Month-to-month,5130-IEKQT,No,Yes,Male,1,2655.25,25-36,25,No,Yes,Yes,1,Yes,Mailed check,No,No,No,Yes,Yes,105.95,Fiber optic,105.95
69.8,1,Yes,1,1,1,Month-to-month,5134-IKDAY,Yes,No,Female,1,69.8,0-12,1,No,No,No,0,Yes,Electronic check,Yes,Yes,No,No,No,69.8,Fiber optic,69.8
98.55,10,Yes,1,1,1,Month-to-month,5138-WVKYJ,No,No,Male,1,1008.55,0-12,10,No,Yes,Yes,0,Yes,Electronic check,No,No,Yes,No,Yes,98.55,Fiber optic,98.55
29.65,10,Yes,1,1,1,Month-to-month,5143-EGQFK,No,No,Female,1,291.4,0-12,10,Yes,No,No,1,No,Electronic check,No,Yes,No,No,No phone service,29.65,DSL,29.65
19.95,1,Yes,1,1,1,Month-to-month,5143-WMWOG,No,No,Male,1,19.95,0-12,1,No,No,No,0,Yes,Electronic check,No,No,No,No,No,19.95,No,19.95
58.5,9,Yes,1,1,1,Month-to-month,5154-VEKBL,No,Yes,Female,1,539.85,0-12,9,Yes,Yes,Yes,0,No,Mailed check,No,No,Yes,No,No phone service,58.5,DSL,58.5
75.8,2,Yes,1,1,1,Month-to-month,5159-YFPKQ,No,Yes,Female,1,160.75,0-12,2,No,No,No,0,Yes,Electronic check,No,Yes,No,No,No,75.8,Fiber optic,75.8
25.2,4,Yes,1,1,1,Month-to-month,5167-GBFRE,No,No,Male,1,102.5,0-12,4,No,No,No,1,No,Bank transfer (automatic),No,Yes,No,No,No phone service,25.2,DSL,25.2
90.85,1,Yes,1,1,1,Month-to-month,5167-ZFFMM,No,No,Male,1,90.85,0-12,1,No,No,Yes,0,Yes,Credit card (automatic),No,Yes,No,Yes,Yes,90.85,Fiber optic,90.85
66.25,9,Yes,1,1,1,Month-to-month,5174-RNGBH,No,No,Female,1,620.55,0-12,9,Yes,Yes,No,0,Yes,Mailed check,No,No,No,Yes,No,66.25,DSL,66.25
46,4,Yes,1,1,1,Month-to-month,5175-AOBHI,No,No,Female,1,193.6,0-12,4,No,No,No,0,Yes,Mailed check,No,Yes,No,No,No,46,DSL,46
95.1,1,Yes,1,1,1,Month-to-month,5178-LMXOP,No,No,Male,1,95.1,0-12,1,No,Yes,Yes,1,Yes,Electronic check,Yes,Yes,No,No,Yes,95.1,Fiber optic,95.1
40.05,22,Yes,1,1,1,Month-to-month,5180-UCIIQ,Yes,No,Male,1,880.2,13-24,22,No,No,Yes,1,No,Mailed check,Yes,No,Yes,No,No phone service,40.05,DSL,40.05
69.5,1,Yes,1,1,1,Month-to-month,5186-SAMNZ,No,No,Male,1,69.5,0-12,1,No,No,No,1,Yes,Bank transfer (automatic),No,Yes,No,No,No,69.5,Fiber optic,69.5
85.7,1,Yes,1,1,1,Month-to-month,5192-EBGOV,No,No,Female,1,85.7,0-12,1,No,Yes,No,1,Yes,Electronic check,No,Yes,No,No,Yes,85.7,Fiber optic,85.7
75.7,1,Yes,1,1,1,Month-to-month,5196-SGOAK,No,No,Female,1,75.7,0-12,1,No,No,No,0,Yes,Electronic check,No,Yes,No,Yes,No,75.7,Fiber optic,75.7
30.1,39,Yes,1,1,1,Month-to-month,5202-IVJNU,Yes,Yes,Female,1,1131.3,37-48,39,No,No,No,0,No,Credit card (automatic),No,No,No,No,No phone service,30.1,DSL,30.1
39.65,19,Yes,1,1,1,Month-to-month,5204-QZXPU,No,Yes,Male,1,733.35,13-24,19,No,Yes,No,0,No,Electronic check,No,Yes,No,No,No phone service,39.65,DSL,39.65
55.05,2,Yes,1,1,1,Month-to-month,5208-HFSBT,No,No,Female,1,102.75,0-12,2,Yes,No,No,0,Yes,Credit card (automatic),No,Yes,No,Yes,No,55.05,DSL,55.05
104.4,33,Yes,1,1,1,Month-to-month,5219-YIPTK,No,Yes,Female,1,3409.6,25-36,33,No,Yes,Yes,0,Yes,Electronic check,Yes,Yes,No,Yes,Yes,104.4,Fiber optic,104.4
80.85,13,Yes,1,1,1,Month-to-month,5228-EXCET,No,No,Male,1,1008.7,13-24,13,No,No,Yes,0,Yes,Electronic check,No,Yes,No,No,No,80.85,Fiber optic,80.85
86.55,8,Yes,1,1,1,Month-to-month,5229-PRWKT,No,No,Male,1,649.65,0-12,8,No,No,Yes,0,Yes,Electronic check,No,Yes,No,No,Yes,86.55,Fiber optic,86.55
29.4,8,Yes,1,1,1,Month-to-month,5233-GEEAX,No,Yes,Male,1,221.9,0-12,8,No,No,No,1,No,Electronic check,No,Yes,No,No,No phone service,29.4,DSL,29.4
74.7,1,Yes,1,1,1,Month-to-month,5240-IJOQT,No,No,Male,1,74.7,0-12,1,No,No,No,1,Yes,Electronic check,No,Yes,No,No,Yes,74.7,Fiber optic,74.7
94.5,33,Yes,1,1,1,Month-to-month,5244-IRFIH,No,No,Male,1,3105.55,25-36,33,No,Yes,Yes,1,Yes,Electronic check,Yes,Yes,No,No,Yes,94.5,Fiber optic,94.5
24.45,4,Yes,1,1,1,Month-to-month,5261-QSHQM,No,No,Female,1,86.6,0-12,4,No,No,No,0,No,Electronic check,No,Yes,No,No,No phone service,24.45,DSL,24.45
80.85,1,Yes,1,1,1,Month-to-month,5275-SQEIZ,No,No,Male,1,80.85,0-12,1,No,No,Yes,0,Yes,Mailed check,No,Yes,No,No,No,80.85,Fiber optic,80.85
69.6,2,Yes,1,1,1,Month-to-month,5276-KQWHG,No,No,Female,1,131.65,0-12,2,No,No,No,1,Yes,Electronic check,No,Yes,No,No,No,69.6,Fiber optic,69.6
85.55,2,Yes,1,1,1,Month-to-month,5277-ZLOOR,No,No,Female,1,187.45,0-12,2,No,Yes,No,1,Yes,Electronic check,No,Yes,No,No,Yes,85.55,Fiber optic,85.55
90.85,36,Yes,1,1,1,Month-to-month,5281-BUZGT,No,No,Male,1,3186.7,25-36,36,No,Yes,No,1,Yes,Electronic check,No,Yes,Yes,No,Yes,90.85,Fiber optic,90.85
105.1,71,Yes,1,1,1,Month-to-month,5287-QWLKY,Yes,No,Male,1,7548.1,61+,71,No,Yes,Yes,1,Yes,Credit card (automatic),Yes,Yes,Yes,Yes,Yes,105.1,Fiber optic,105.1
104.05,11,Yes,1,1,1,Month-to-month,5293-WXJAK,No,Yes,Female,1,1133.65,0-12,11,Yes,Yes,Yes,1,Yes,Bank transfer (automatic),Yes,Yes,No,No,Yes,104.05,Fiber optic,104.05
49.4,4,Yes,1,1,1,Month-to-month,5295-PCJOO,Yes,No,Male,1,184.4,0-12,4,No,No,No,0,Yes,Electronic check,No,Yes,Yes,No,No,49.4,DSL,49.4
100.25,10,Yes,1,1,1,Month-to-month,5299-RULOA,Yes,No,Female,1,1064.65,0-12,10,No,Yes,Yes,0,Yes,Electronic check,Yes,Yes,Yes,No,Yes,100.25,Fiber optic,100.25
101.55,3,Yes,1,1,1,Month-to-month,5299-SJCZT,No,Yes,Male,1,298.35,0-12,3,No,Yes,Yes,0,Yes,Bank transfer (automatic),No,Yes,No,No,Yes,101.55,Fiber optic,101.55
80.35,32,Yes,1,1,1,Month-to-month,5301-GAUUY,No,No,Male,1,2596.15,25-36,32,No,No,No,0,Yes,Bank transfer (automatic),No,Yes,No,Yes,Yes,80.35,Fiber optic,80.35
85.95,32,Yes,1,1,1,Month-to-month,5307-DZCVC,No,No,Female,1,2628.6,25-36,32,No,Yes,No,1,Yes,Credit card (automatic),Yes,Yes,No,No,Yes,85.95,Fiber optic,85.95
87.15,2,Yes,1,1,1,Month-to-month,5318-IXUZF,No,No,Female,1,183.75,0-12,2,No,Yes,No,0,Yes,Bank transfer (automatic),No,Yes,No,Yes,No,87.15,Fiber optic,87.15
94.95,2,Yes,1,1,1,Month-to-month,5349-IECLD,No,Yes,Male,1,178.1,0-12,2,No,Yes,Yes,0,Yes,Electronic check,No,No,No,No,No,94.95,Fiber optic,94.95
20.2,1,Yes,1,1,1,Month-to-month,5356-RHIPP,No,No,Male,1,20.2,0-12,1,No,No,No,0,Yes,Mailed check,No,Yes,No,No,No,20.2,No,20.2
84.4,9,Yes,1,1,1,Month-to-month,5357-TZHPP,No,No,Male,1,732.5,0-12,9,No,No,Yes,1,Yes,Credit card (automatic),No,Yes,No,No,Yes,84.4,Fiber optic,84.4
79.8,13,Yes,1,1,1,Month-to-month,5364-EVNIB,No,Yes,Male,1,973.45,13-24,13,No,No,No,0,Yes,Electronic check,No,Yes,No,Yes,No,79.8,Fiber optic,79.8
94.65,51,Yes,1,1,1,Month-to-month,5364-XYIRR,No,No,Male,1,4812.75,49-60,51,No,Yes,Yes,0,Yes,Electronic check,Yes,Yes,No,No,Yes,94.65,Fiber optic,94.65
88.7,20,Yes,1,1,1,Month-to-month,5366-IJEQJ,No,Yes,Male,1,1761.45,13-24,20,No,Yes,No,0,Yes,Electronic check,No,Yes,No,No,Yes,88.7,Fiber optic,88.7
85.25,36,Yes,1,1,1,Month-to-month,5373-SFODM,No,No,Male,1,3132.75,25-36,36,No,No,Yes,1,Yes,Credit card (automatic),Yes,Yes,No,No,Yes,85.25,Fiber optic,85.25
70.6,1,Yes,1,1,1,Month-to-month,5376-DEQCP,No,No,Female,1,70.6,0-12,1,No,No,No,0,Yes,Electronic check,No,Yes,No,No,No,70.6,Fiber optic,70.6
35.75,1,Yes,1,1,1,Month-to-month,5378-IKEEG,No,No,Female,1,35.75,0-12,1,No,Yes,No,0,No,Electronic check,No,Yes,No,No,No phone service,35.75,DSL,35.75
93.9,5,Yes,1,1,1,Month-to-month,5380-AFSSK,No,No,Female,1,486.85,0-12,5,No,Yes,Yes,0,Yes,Mailed check,No,Yes,No,No,Yes,93.9,Fiber optic,93.9
106.35,34,Yes,1,1,1,Month-to-month,5380-WJKOV,No,Yes,Male,1,3549.25,25-36,34,No,Yes,Yes,0,Yes,Electronic check,No,Yes,No,Yes,Yes,106.35,Fiber optic,106.35
84,8,Yes,1,1,1,Month-to-month,5383-MMTWC,No,No,Female,1,613.4,0-12,8,No,No,Yes,1,Yes,Electronic check,Yes,Yes,No,No,Yes,84,Fiber optic,84
104.2,52,Yes,1,1,1,Month-to-month,5385-SUIRI,No,Yes,Male,1,5568.35,49-60,52,No,Yes,Yes,1,Yes,Electronic check,Yes,Yes,Yes,No,Yes,104.2,Fiber optic,104.2
80.3,32,Yes,1,1,1,Month-to-month,5389-FFVKB,No,No,Male,1,2483.05,25-36,32,No,No,Yes,1,Yes,Credit card (automatic),Yes,Yes,No,No,No,80.3,Fiber optic,80.3
79.6,1,Yes,1,1,1,Month-to-month,5393-RXQSZ,No,No,Male,1,79.6,0-12,1,No,No,Yes,0,Yes,Electronic check,No,No,No,No,No,79.6,Fiber optic,79.6
98.8,37,Yes,1,1,1,Month-to-month,5394-SVGJV,No,No,Male,1,3475.55,37-48,37,Yes,Yes,Yes,0,Yes,Bank transfer (automatic),No,No,No,No,Yes,98.8,Fiber optic,98.8
99.8,4,Yes,1,1,1,Month-to-month,5419-CONWX,No,Yes,Female,1,442.85,0-12,4,No,Yes,Yes,1,Yes,Credit card (automatic),No,Yes,No,Yes,No,99.8,Fiber optic,99.8
101.45,1,Yes,1,1,1,Month-to-month,5419-JPRRN,No,Yes,Male,1,101.45,0-12,1,No,Yes,Yes,0,Yes,Electronic check,No,Yes,No,No,Yes,101.45,Fiber optic,101.45
89.15,25,Yes,1,1,1,Month-to-month,5419-KLXBN,Yes,Yes,Female,1,2257.75,25-36,25,No,Yes,No,0,Yes,Bank transfer (automatic),Yes,Yes,No,Yes,No,89.15,Fiber optic,89.15
91.85,3,Yes,1,1,1,Month-to-month,5442-UTCVD,Yes,Yes,Male,1,257.05,0-12,3,No,No,Yes,0,Yes,Electronic check,No,No,No,No,Yes,91.85,Fiber optic,91.85
79.5,11,Yes,1,1,1,Month-to-month,5442-XSDCW,Yes,No,Male,1,868.5,0-12,11,No,Yes,No,0,Yes,Bank transfer (automatic),Yes,Yes,No,No,No,79.5,Fiber optic,79.5
81.1,7,Yes,1,1,1,Month-to-month,5445-UTODQ,No,No,Female,1,576.65,0-12,7,No,Yes,No,0,Yes,Electronic check,Yes,Yes,No,No,No,81.1,Fiber optic,81.1
103.3,19,Yes,1,1,1,Month-to-month,5449-FIBXJ,Yes,Yes,Male,1,2012.7,13-24,19,Yes,Yes,Yes,0,Yes,Electronic check,Yes,No,No,No,Yes,103.3,Fiber optic,103.3
25.3,3,Yes,1,1,1,Month-to-month,5480-HPRRX,No,No,Female,1,77.75,0-12,3,No,No,No,1,No,Electronic check,No,No,No,No,No phone service,25.3,DSL,25.3
99.3,24,Yes,1,1,1,Month-to-month,5480-TBGPH,No,Yes,Female,1,2431.35,13-24,24,No,Yes,Yes,0,Yes,Credit card (automatic),Yes,Yes,No,Yes,No,99.3,Fiber optic,99.3
60.4,4,Yes,1,1,1,Month-to-month,5482-NUPNA,No,No,Female,1,272.15,0-12,4,Yes,No,No,0,Yes,Mailed check,No,Yes,Yes,Yes,No,60.4,DSL,60.4
24.35,2,Yes,1,1,1,Month-to-month,5482-PLVPE,No,No,Female,1,41.85,0-12,2,No,No,No,1,No,Electronic check,No,No,No,No,No phone service,24.35,DSL,24.35
66.4,2,Yes,1,1,1,Month-to-month,5485-WUYWF,No,Yes,Male,1,94.55,0-12,2,No,Yes,No,1,Yes,Bank transfer (automatic),No,No,Yes,No,No,66.4,DSL,66.4
55.1,2,Yes,1,1,1,Month-to-month,5493-SDRDQ,No,Yes,Male,1,113.35,0-12,2,No,No,No,0,Yes,Mailed check,No,Yes,Yes,No,No,55.1,DSL,55.1
80.25,1,Yes,1,1,1,Month-to-month,5494-HECPR,No,No,Female,1,80.25,0-12,1,No,Yes,No,0,Yes,Electronic check,No,Yes,No,No,No,80.25,Fiber optic,80.25
87.45,34,Yes,1,1,1,Month-to-month,5498-TXHLF,Yes,Yes,Female,1,2874.15,25-36,34,No,Yes,No,0,Yes,Electronic check,Yes,No,No,No,Yes,87.45,Fiber optic,87.45
103.95,69,Yes,1,1,1,Month-to-month,5502-RLUYV,Yes,Yes,Female,1,7446.9,61+,69,No,Yes,Yes,0,Yes,Electronic check,Yes,Yes,No,Yes,Yes,103.95,Fiber optic,103.95
19.25,1,Yes,1,1,1,Month-to-month,5510-BOIUJ,Yes,No,Male,1,19.25,0-12,1,No,No,No,0,Yes,Mailed check,No,No,No,No,No,19.25,No,19.25
100.1,54,Yes,1,1,1,Month-to-month,5515-AKOAJ,No,No,Female,1,5440.9,49-60,54,Yes,Yes,Yes,0,Yes,Electronic check,No,Yes,No,No,Yes,100.1,Fiber optic,100.1
19.9,1,Yes,1,1,1,Month-to-month,5515-IDEJJ,Yes,No,Male,1,19.9,0-12,1,No,No,No,0,Yes,Mailed check,Yes,No,No,No,No,19.9,No,19.9
94.2,12,Yes,1,1,1,Month-to-month,5519-NPHVG,No,No,Female,1,1046.1,0-12,12,No,Yes,Yes,0,Yes,Electronic check,No,Yes,No,No,Yes,94.2,Fiber optic,94.2
103.9,21,Yes,1,1,1,Month-to-month,5519-YLDGW,No,Yes,Female,1,2254.2,13-24,21,No,Yes,Yes,0,Yes,Electronic check,Yes,Yes,Yes,No,Yes,103.9,Fiber optic,103.9
84.5,12,Yes,1,1,1,Month-to-month,5520-FVEWJ,Yes,Yes,Female,1,916.9,0-12,12,No,No,No,0,Yes,Electronic check,Yes,Yes,No,Yes,Yes,84.5,Fiber optic,84.5
99.05,49,Yes,1,1,1,Month-to-month,5536-RTPWK,No,No,Male,1,4853.75,49-60,49,No,Yes,Yes,0,Yes,Bank transfer (automatic),Yes,Yes,No,Yes,Yes,99.05,Fiber optic,99.05
77.75,55,Yes,1,1,1,Month-to-month,5536-SLHPM,No,Yes,Female,1,4458.15,49-60,55,No,No,No,0,Yes,Electronic check,Yes,Yes,No,No,Yes,77.75,Fiber optic,77.75
69.75,1,Yes,1,1,1,Month-to-month,5539-TMZLF,No,No,Male,1,69.75,0-12,1,No,No,No,1,Yes,Electronic check,No,Yes,No,No,No,69.75,Fiber optic,69.75
69.85,1,Yes,1,1,1,Month-to-month,5550-VFRLC,No,No,Female,1,69.85,0-12,1,No,No,No,1,Yes,Electronic check,No,Yes,No,No,No,69.85,Fiber optic,69.85
45.3,1,Yes,1,1,1,Month-to-month,5552-ZNFSJ,No,No,Male,1,45.3,0-12,1,No,No,No,0,Yes,Electronic check,No,No,No,No,No,45.3,DSL,45.3
79.2,2,Yes,1,1,1,Month-to-month,5561-NWEVX,No,Yes,Female,1,172.85,0-12,2,No,No,No,1,Yes,Electronic check,Yes,No,No,No,Yes,79.2,Fiber optic,79.2
75.3,1,Yes,1,1,1,Month-to-month,5564-NEMQO,No,Yes,Female,1,75.3,0-12,1,No,No,No,1,Yes,Bank transfer (automatic),No,Yes,No,No,No,75.3,Fiber optic,75.3
96.15,16,Yes,1,1,1,Month-to-month,5565-FILXA,No,No,Female,1,1529.2,13-24,16,No,Yes,Yes,1,Yes,Electronic check,No,Yes,No,No,Yes,96.15,Fiber optic,96.15
94.6,3,Yes,1,1,1,Month-to-month,5567-WSELE,No,No,Male,1,279.55,0-12,3,No,Yes,Yes,1,Yes,Electronic check,Yes,Yes,No,No,Yes,94.6,Fiber optic,94.6
85.35,9,Yes,1,1,1,Month-to-month,5569-KGJHX,Yes,No,Female,1,754.65,0-12,9,No,Yes,No,0,Yes,Bank transfer (automatic),Yes,Yes,No,No,Yes,85.35,Fiber optic,85.35
101.3,28,Yes,1,1,1,Month-to-month,5569-OUICF,No,No,Female,1,2812.2,25-36,28,Yes,Yes,Yes,1,Yes,Credit card (automatic),Yes,Yes,No,No,Yes,101.3,Fiber optic,101.3
75.15,3,Yes,1,1,1,Month-to-month,5570-PTWEH,No,No,Female,1,216.75,0-12,3,No,No,No,0,Yes,Credit card (automatic),Yes,Yes,No,No,Yes,75.15,Fiber optic,75.15
84.3,22,Yes,1,1,1,Month-to-month,5572-ZDXHY,No,No,Female,1,1855.65,13-24,22,No,No,Yes,0,Yes,Mailed check,No,Yes,No,Yes,No,84.3,Fiber optic,84.3
19.75,15,Yes,1,1,1,Month-to-month,5577-OTWWW,No,No,Female,1,297.3,13-24,15,No,No,No,0,Yes,Bank transfer (automatic),No,No,No,No,No,19.75,No,19.75
70,1,Yes,1,1,1,Month-to-month,5583-SXDAG,No,No,Male,1,70,0-12,1,No,No,No,0,Yes,Electronic check,Yes,No,No,No,No,70,Fiber optic,70
100.75,22,Yes,1,1,1,Month-to-month,5590-BYNII,No,No,Male,1,2095,13-24,22,No,Yes,Yes,0,Yes,Electronic check,No,Yes,Yes,No,Yes,100.75,Fiber optic,100.75
24.45,20,Yes,1,1,1,Month-to-month,5590-YRFJT,No,No,Female,1,482.8,13-24,20,No,No,No,0,No,Electronic check,Yes,Yes,No,No,No phone service,24.45,DSL,24.45
85.45,1,Yes,1,1,1,Month-to-month,5597-GLBUC,No,Yes,Female,1,85.45,0-12,1,No,Yes,No,0,Yes,Electronic check,No,Yes,No,No,No,85.45,Fiber optic,85.45
94.1,20,Yes,1,1,1,Month-to-month,5609-CEBID,No,Yes,Female,1,1782.4,13-24,20,No,No,Yes,1,Yes,Electronic check,No,Yes,No,Yes,Yes,94.1,Fiber optic,94.1
19.4,20,Yes,1,1,1,Month-to-month,5616-PRTNT,Yes,No,Male,1,374.5,13-24,20,No,No,No,0,Yes,Electronic check,No,Yes,No,No,No,19.4,No,19.4
20.95,1,Yes,1,1,1,Month-to-month,5624-BQSSA,No,No,Female,1,20.95,0-12,1,No,No,No,0,Yes,Mailed check,No,No,No,No,No,20.95,No,20.95
89.5,2,Yes,1,1,1,Month-to-month,5644-PDMZC,No,No,Female,1,161.5,0-12,2,No,No,Yes,1,Yes,Electronic check,No,No,No,Yes,Yes,89.5,Fiber optic,89.5
95.1,2,Yes,1,1,1,Month-to-month,5649-ANRML,No,Yes,Male,1,180.25,0-12,2,Yes,No,Yes,1,Yes,Credit card (automatic),No,Yes,No,Yes,No,95.1,Fiber optic,95.1
36.5,27,Yes,1,1,1,Month-to-month,5649-TJHOV,No,No,Male,1,1032,25-36,27,No,No,Yes,1,No,Bank transfer (automatic),Yes,No,No,No,No phone service,36.5,DSL,36.5
24.25,4,Yes,1,1,1,Month-to-month,5650-VDUDS,No,No,Female,1,96.05,0-12,4,No,No,No,0,No,Mailed check,No,Yes,No,No,No phone service,24.25,DSL,24.25
96.2,49,Yes,1,1,1,Month-to-month,5655-JSMZM,No,No,Male,1,4718.25,49-60,49,No,Yes,Yes,1,Yes,Electronic check,No,Yes,No,No,Yes,96.2,Fiber optic,96.2
39.5,5,Yes,1,1,1,Month-to-month,5669-SRAIP,No,Yes,Female,1,210.75,0-12,5,No,No,Yes,0,No,Electronic check,No,No,No,No,No phone service,39.5,DSL,39.5
60.15,1,Yes,1,1,1,Month-to-month,5673-FSSMF,No,No,Female,1,60.15,0-12,1,No,No,Yes,0,Yes,Electronic check,No,Yes,No,No,Yes,60.15,DSL,60.15
40.4,2,Yes,1,1,1,Month-to-month,5673-TIYIB,No,Yes,Male,1,77.15,0-12,2,Yes,No,No,0,No,Credit card (automatic),No,Yes,No,Yes,No phone service,40.4,DSL,40.4
83.6,5,Yes,1,1,1,Month-to-month,5685-IIXLY,Yes,No,Female,1,404.2,0-12,5,No,No,Yes,0,Yes,Electronic check,Yes,Yes,No,Yes,No,83.6,Fiber optic,83.6
20.35,4,Yes,1,1,1,Month-to-month,5687-DKDTV,No,No,Female,1,77.5,0-12,4,No,No,No,0,Yes,Mailed check,No,No,No,No,No,20.35,No,20.35
20,15,Yes,1,1,1,Month-to-month,5688-KZTSN,Yes,No,Male,1,288.05,13-24,15,No,No,No,0,Yes,Electronic check,Yes,Yes,No,No,No,20,No,20
45.4,1,Yes,1,1,1,Month-to-month,5692-FPTAH,No,No,Female,1,45.4,0-12,1,No,No,No,0,Yes,Mailed check,No,Yes,No,No,No,45.4,DSL,45.4
45.05,1,Yes,1,1,1,Month-to-month,5696-QURRL,No,No,Male,1,45.05,0-12,1,No,No,No,0,Yes,Mailed check,No,Yes,No,No,No,45.05,DSL,45.05
94.4,9,Yes,1,1,1,Month-to-month,5698-BQJOH,No,No,Female,1,857.25,0-12,9,No,Yes,Yes,0,Yes,Electronic check,No,No,No,No,Yes,94.4,Fiber optic,94.4
54.55,9,Yes,1,1,1,Month-to-month,5707-ORNDZ,No,No,Male,1,494.05,0-12,9,No,No,No,1,Yes,Electronic check,No,No,Yes,No,Yes,54.55,DSL,54.55
93.4,58,Yes,1,1,1,Month-to-month,5708-EVONK,Yes,No,Female,1,5435.6,49-60,58,No,No,Yes,0,Yes,Bank transfer (automatic),Yes,Yes,Yes,Yes,Yes,93.4,Fiber optic,93.4
79.85,2,Yes,1,1,1,Month-to-month,5712-PTIWW,No,Yes,Male,1,152.45,0-12,2,Yes,No,No,0,Yes,Electronic check,No,Yes,No,No,No,79.85,Fiber optic,79.85
80.85,4,Yes,1,1,1,Month-to-month,5729-KLZAR,Yes,No,Female,1,302.75,0-12,4,No,No,Yes,0,Yes,Electronic check,Yes,No,No,No,No,80.85,Fiber optic,80.85
92.5,10,Yes,1,1,1,Month-to-month,5747-PMBSQ,No,Yes,Male,1,934.1,0-12,10,Yes,Yes,No,1,Yes,Mailed check,Yes,Yes,No,Yes,No,92.5,Fiber optic,92.5
35.2,3,Yes,1,1,1,Month-to-month,5759-RCVCB,No,No,Female,1,108.95,0-12,3,No,Yes,No,0,No,Credit card (automatic),No,No,No,No,No phone service,35.2,DSL,35.2
68.85,29,Yes,1,1,1,Month-to-month,5766-XQXMQ,No,Yes,Female,1,1970.5,25-36,29,No,No,Yes,0,Yes,Bank transfer (automatic),No,Yes,Yes,Yes,No,68.85,DSL,68.85
19.4,1,Yes,1,1,1,Month-to-month,5766-ZJYBB,No,No,Male,1,19.4,0-12,1,No,No,No,0,Yes,Mailed check,No,No,No,No,No,19.4,No,19.4
90.6,1,Yes,1,1,1,Month-to-month,5797-APWZC,No,No,Female,1,90.6,0-12,1,No,Yes,Yes,0,Yes,Electronic check,No,No,No,No,No,90.6,Fiber optic,90.6
70.35,2,Yes,1,1,1,Month-to-month,5804-LEPIM,No,No,Female,1,139.05,0-12,2,No,No,No,1,Yes,Electronic check,No,Yes,No,No,No,70.35,Fiber optic,70.35
83.85,33,Yes,1,1,1,Month-to-month,5813-UECBU,No,Yes,Male,1,2716.3,25-36,33,No,No,No,1,Yes,Credit card (automatic),No,Yes,No,Yes,Yes,83.85,Fiber optic,83.85
69.8,2,Yes,1,1,1,Month-to-month,5832-XKAES,No,No,Male,1,134.7,0-12,2,No,No,No,0,Yes,Credit card (automatic),No,Yes,No,No,No,69.8,Fiber optic,69.8
75.45,1,Yes,1,1,1,Month-to-month,5834-ASPWA,No,No,Male,1,75.45,0-12,1,No,No,No,0,Yes,Electronic check,No,Yes,No,No,Yes,75.45,Fiber optic,75.45
76.95,3,Yes,1,1,1,Month-to-month,5835-BEQEU,No,No,Male,1,228.4,0-12,3,No,No,No,0,Yes,Electronic check,No,Yes,No,No,Yes,76.95,Fiber optic,76.95
88.9,5,Yes,1,1,1,Month-to-month,5842-POCOP,No,Yes,Female,1,454.15,0-12,5,No,No,Yes,0,Yes,Mailed check,Yes,Yes,Yes,No,No,88.9,Fiber optic,88.9
31.35,1,Yes,1,1,1,Month-to-month,5868-CZJDR,Yes,No,Male,1,31.35,0-12,1,No,No,No,0,No,Mailed check,No,Yes,No,Yes,No phone service,31.35,DSL,31.35
84.2,6,Yes,1,1,1,Month-to-month,5868-YWPDW,No,No,Male,1,519.15,0-12,6,No,No,Yes,1,Yes,Electronic check,Yes,Yes,No,Yes,No,84.2,Fiber optic,84.2
69.9,1,Yes,1,1,1,Month-to-month,5875-YPQFJ,No,No,Male,1,69.9,0-12,1,No,No,No,0,Yes,Electronic check,No,Yes,No,No,No,69.9,Fiber optic,69.9
55.9,6,Yes,1,1,1,Month-to-month,5876-HZVZM,Yes,No,Female,1,365.35,0-12,6,No,No,No,0,Yes,Credit card (automatic),Yes,No,Yes,Yes,No,55.9,DSL,55.9
99.95,19,Yes,1,1,1,Month-to-month,5883-GTGVD,No,No,Male,1,1931.75,13-24,19,No,Yes,Yes,0,Yes,Electronic check,No,Yes,No,Yes,Yes,99.95,Fiber optic,99.95
69.4,1,Yes,1,1,1,Month-to-month,5884-GCYMI,No,No,Male,1,69.4,0-12,1,No,No,No,0,Yes,Mailed check,No,No,No,No,No,69.4,Fiber optic,69.4
95.05,50,Yes,1,1,1,Month-to-month,5889-JTMUL,No,Yes,Female,1,4888.7,49-60,50,No,Yes,No,1,Yes,Electronic check,Yes,Yes,No,Yes,Yes,95.05,Fiber optic,95.05
84.6,13,Yes,1,1,1,Month-to-month,5889-LFOLL,No,No,Female,1,1115.2,13-24,13,No,No,Yes,0,Yes,Electronic check,No,Yes,No,No,Yes,84.6,Fiber optic,84.6
50.15,3,Yes,1,1,1,Month-to-month,5896-NPFWW,Yes,Yes,Male,1,168.15,0-12,3,No,No,No,0,Yes,Electronic check,Yes,Yes,No,No,No,50.15,DSL,50.15
75,13,Yes,1,1,1,Month-to-month,5899-MQZZL,No,No,Female,1,999.45,13-24,13,No,No,No,0,Yes,Mailed check,No,Yes,No,No,Yes,75,Fiber optic,75
74.2,15,Yes,1,1,1,Month-to-month,5908-QMGOE,No,No,Male,1,1133.9,13-24,15,No,No,No,1,Yes,Credit card (automatic),No,Yes,No,No,Yes,74.2,Fiber optic,74.2
56.25,1,Yes,1,1,1,Month-to-month,5909-ECHUI,No,No,Female,1,56.25,0-12,1,No,No,Yes,0,Yes,Electronic check,No,Yes,No,No,No,56.25,DSL,56.25
85.45,18,Yes,1,1,1,Month-to-month,5914-DVBWJ,No,No,Female,1,1505.85,13-24,18,Yes,No,No,1,Yes,Electronic check,No,Yes,No,Yes,Yes,85.45,Fiber optic,85.45
79.35,1,Yes,1,1,1,Month-to-month,5919-TMRGD,Yes,No,Female,1,79.35,0-12,1,No,Yes,No,0,Yes,Electronic check,No,Yes,No,No,No,79.35,Fiber optic,79.35
89.65,19,Yes,1,1,1,Month-to-month,5922-ABDVO,No,Yes,Female,1,1761.05,13-24,19,No,No,Yes,0,Yes,Mailed check,Yes,No,No,No,Yes,89.65,Fiber optic,89.65
104.4,10,Yes,1,1,1,Month-to-month,5923-GXUOC,No,Yes,Male,1,1081.45,0-12,10,No,Yes,Yes,0,Yes,Electronic check,No,Yes,Yes,Yes,No,104.4,Fiber optic,104.4
70.1,7,Yes,1,1,1,Month-to-month,5931-FLJJF,No,No,Male,1,467.55,0-12,7,No,No,No,1,Yes,Mailed check,Yes,Yes,No,No,No,70.1,Fiber optic,70.1
70.6,1,Yes,1,1,1,Month-to-month,5940-AHUHD,No,No,Male,1,70.6,0-12,1,No,No,No,0,Yes,Mailed check,No,No,No,No,No,70.6,Fiber optic,70.6
83.65,19,Yes,1,1,1,Month-to-month,5940-NFXKV,Yes,No,Male,1,1465.75,13-24,19,No,No,Yes,0,Yes,Electronic check,Yes,Yes,No,No,Yes,83.65,Fiber optic,83.65
61.45,4,Yes,1,1,1,Month-to-month,5949-EBSQK,Yes,No,Male,1,229.55,0-12,4,Yes,No,Yes,0,Yes,Credit card (automatic),Yes,No,No,No,No,61.45,DSL,61.45
83.55,8,Yes,1,1,1,Month-to-month,5949-XIKAE,Yes,No,Female,1,680.05,0-12,8,No,Yes,No,0,Yes,Electronic check,Yes,Yes,No,Yes,No,83.55,Fiber optic,83.55
94.7,18,Yes,1,1,1,Month-to-month,5955-ERIHD,No,No,Male,1,1687.95,13-24,18,No,Yes,Yes,0,Yes,Electronic check,Yes,Yes,No,No,Yes,94.7,Fiber optic,94.7
74.35,5,Yes,1,1,1,Month-to-month,5956-VKDTT,No,No,Female,1,334.8,0-12,5,No,No,No,1,Yes,Electronic check,Yes,Yes,No,No,Yes,74.35,Fiber optic,74.35
96.15,32,Yes,1,1,1,Month-to-month,5959-BELXA,No,No,Male,1,3019.25,25-36,32,No,Yes,Yes,1,Yes,Credit card (automatic),No,Yes,No,No,Yes,96.15,Fiber optic,96.15
79.05,1,Yes,1,1,1,Month-to-month,5960-WPXQM,No,No,Male,1,79.05,0-12,1,No,Yes,No,0,Yes,Electronic check,No,Yes,No,No,No,79.05,Fiber optic,79.05
70.3,10,Yes,1,1,1,Month-to-month,5976-JCJRH,No,No,Male,1,738.2,0-12,10,No,No,No,0,Yes,Electronic check,Yes,Yes,No,No,No,70.3,Fiber optic,70.3
96.1,44,Yes,1,1,1,Month-to-month,5980-NOPLP,No,No,Female,1,4364.1,37-48,44,No,Yes,Yes,0,Yes,Electronic check,Yes,Yes,No,No,Yes,96.1,Fiber optic,96.1
97.1,40,Yes,1,1,1,Month-to-month,5981-ITEMU,No,No,Male,1,3706.95,37-48,40,No,Yes,Yes,0,Yes,Bank transfer (automatic),Yes,Yes,No,No,Yes,97.1,Fiber optic,97.1
56.65,12,Yes,1,1,1,Month-to-month,5995-OIGLP,No,No,Male,1,654.85,0-12,12,Yes,No,No,0,Yes,Mailed check,No,No,Yes,No,No,56.65,DSL,56.65
80.5,26,Yes,1,1,1,Month-to-month,5998-VVEJY,No,No,Male,1,2088.8,25-36,26,Yes,No,No,0,Yes,Electronic check,No,Yes,No,No,Yes,80.5,Fiber optic,80.5
80.8,9,Yes,1,1,1,Month-to-month,6000-APYLU,No,No,Male,1,713.1,0-12,9,No,No,Yes,0,Yes,Electronic check,No,Yes,No,No,No,80.8,Fiber optic,80.8
89.15,26,Yes,1,1,1,Month-to-month,6005-OBZPH,No,No,Female,1,2277.65,25-36,26,No,Yes,No,1,Yes,Electronic check,No,Yes,No,Yes,Yes,89.15,Fiber optic,89.15
83.15,5,Yes,1,1,1,Month-to-month,6015-VVHHE,No,No,Female,1,446.05,0-12,5,No,Yes,No,1,Yes,Credit card (automatic),No,Yes,No,No,Yes,83.15,Fiber optic,83.15
70.45,20,Yes,1,1,1,Month-to-month,6017-PPLPX,Yes,No,Male,1,1470.95,13-24,20,No,No,No,0,Yes,Electronic check,Yes,Yes,No,No,No,70.45,Fiber optic,70.45
74.4,32,Yes,1,1,1,Month-to-month,6022-UGGSO,No,No,Female,1,2276.95,25-36,32,No,No,No,1,Yes,Electronic check,No,Yes,No,Yes,No,74.4,Fiber optic,74.4
100.95,3,Yes,1,1,1,Month-to-month,6023-YEBUP,No,Yes,Male,1,329.95,0-12,3,No,Yes,Yes,0,Yes,Electronic check,No,Yes,No,No,Yes,100.95,Fiber optic,100.95
101.1,37,Yes,1,1,1,Month-to-month,6029-WTIPC,No,Yes,Male,1,3744.05,37-48,37,No,Yes,Yes,1,Yes,Electronic check,No,Yes,No,No,Yes,101.1,Fiber optic,101.1
25.1,1,Yes,1,1,1,Month-to-month,6032-IGALN,No,No,Female,1,25.1,0-12,1,No,No,No,0,No,Mailed check,No,Yes,No,No,No phone service,25.1,DSL,25.1
90.25,30,Yes,1,1,1,Month-to-month,6032-KRXXO,No,No,Male,1,2755.35,25-36,30,No,Yes,Yes,0,Yes,Electronic check,No,Yes,No,No,No,90.25,Fiber optic,90.25
54.15,24,Yes,1,1,1,Month-to-month,6038-GCYEC,No,Yes,Female,1,1240.25,13-24,24,No,Yes,Yes,0,No,Credit card (automatic),No,Yes,No,Yes,No phone service,54.15,DSL,54.15
69.7,5,Yes,1,1,1,Month-to-month,6047-YHPVI,No,No,Male,1,316.9,0-12,5,No,No,No,0,Yes,Electronic check,No,Yes,No,No,No,69.7,Fiber optic,69.7
84.85,5,Yes,1,1,1,Month-to-month,6060-DRTNL,No,Yes,Female,1,415.55,0-12,5,No,Yes,No,1,Yes,Mailed check,No,Yes,No,No,No,84.85,Fiber optic,84.85
80.15,1,Yes,1,1,1,Month-to-month,6086-ESGRL,No,No,Female,1,80.15,0-12,1,No,No,Yes,0,Yes,Credit card (automatic),No,No,No,No,No,80.15,Fiber optic,80.15
88.45,16,Yes,1,1,1,Month-to-month,6087-MVHJH,No,Yes,Female,1,1422.1,13-24,16,No,No,Yes,0,Yes,Electronic check,No,Yes,No,No,Yes,88.45,Fiber optic,88.45
92.55,17,Yes,1,1,1,Month-to-month,6100-QQHEB,Yes,No,Male,1,1515.1,13-24,17,No,Yes,Yes,0,Yes,Electronic check,Yes,Yes,No,No,Yes,92.55,Fiber optic,92.55
94.5,6,Yes,1,1,1,Month-to-month,6101-IMRMM,Yes,Yes,Male,1,575.45,0-12,6,No,Yes,Yes,0,Yes,Mailed check,No,No,No,No,No,94.5,Fiber optic,94.5
97.95,4,Yes,1,1,1,Month-to-month,6108-OQZDQ,Yes,No,Female,1,384.5,0-12,4,No,Yes,Yes,0,Yes,Electronic check,Yes,Yes,No,Yes,Yes,97.95,Fiber optic,97.95
79.25,3,Yes,1,1,1,Month-to-month,6110-OHIHY,No,No,Male,1,267.6,0-12,3,No,Yes,No,0,Yes,Electronic check,No,No,No,No,No,79.25,Fiber optic,79.25
19.1,1,Yes,1,1,1,Month-to-month,6121-VZNQB,No,No,Female,1,19.1,0-12,1,No,No,No,0,Yes,Mailed check,No,Yes,No,No,No,19.1,No,19.1
84.95,16,Yes,1,1,1,Month-to-month,6127-ISGTU,No,No,Female,1,1378.25,13-24,16,No,Yes,No,0,Yes,Electronic check,Yes,Yes,No,No,Yes,84.95,Fiber optic,84.95
45.65,1,Yes,1,1,1,Month-to-month,6128-CZOMY,No,No,Female,1,45.65,0-12,1,No,No,No,0,Yes,Electronic check,No,Yes,No,No,No,45.65,DSL,45.65
71.55,1,Yes,1,1,1,Month-to-month,6140-QNRQQ,No,No,Male,1,71.55,0-12,1,No,No,No,0,Yes,Mailed check,No,Yes,No,No,No,71.55,Fiber optic,71.55
19.65,1,Yes,1,1,1,Month-to-month,6141-OOXUQ,No,No,Male,1,19.65,0-12,1,No,No,No,0,Yes,Mailed check,No,No,No,No,No,19.65,No,19.65
44.35,1,Yes,1,1,1,Month-to-month,6142-VSJQO,Yes,No,Female,1,44.35,0-12,1,No,No,No,0,Yes,Bank transfer (automatic),Yes,Yes,No,No,No,44.35,DSL,44.35
79.9,3,Yes,1,1,1,Month-to-month,6161-UUUTA,No,No,Male,1,260.9,0-12,3,No,Yes,No,1,Yes,Electronic check,No,Yes,No,No,No,79.9,Fiber optic,79.9
69.75,2,Yes,1,1,1,Month-to-month,6166-ILMNY,No,No,Female,1,144.55,0-12,2,No,No,No,0,Yes,Bank transfer (automatic),No,No,No,No,No,69.75,Fiber optic,69.75
70.3,3,Yes,1,1,1,Month-to-month,6168-WFVVF,No,No,Female,1,235.5,0-12,3,No,No,No,1,Yes,Electronic check,No,Yes,No,No,No,70.3,Fiber optic,70.3
84.5,49,Yes,1,1,1,Month-to-month,6172-FECYY,Yes,No,Male,1,4254.85,49-60,49,No,Yes,No,0,Yes,Electronic check,Yes,No,No,No,Yes,84.5,Fiber optic,84.5
83.35,47,Yes,1,1,1,Month-to-month,6173-ITPWD,No,Yes,Male,1,4065,37-48,47,No,No,No,0,Yes,Bank transfer (automatic),Yes,Yes,No,Yes,Yes,83.35,Fiber optic,83.35
78.3,12,Yes,1,1,1,Month-to-month,6178-KFNHS,Yes,No,Female,1,909.25,0-12,12,No,No,No,0,Yes,Electronic check,No,Yes,Yes,No,Yes,78.3,Fiber optic,78.3
108.15,43,Yes,1,1,1,Month-to-month,6179-GJPSO,No,No,Female,1,4600.7,37-48,43,Yes,Yes,Yes,1,Yes,Credit card (automatic),No,Yes,Yes,Yes,No,108.15,Fiber optic,108.15
80.1,3,Yes,1,1,1,Month-to-month,6204-IEUXJ,No,Yes,Female,1,217.55,0-12,3,Yes,No,No,0,Yes,Credit card (automatic),No,No,No,No,No,80.1,Fiber optic,80.1
58.6,25,Yes,1,1,1,Month-to-month,6207-WIOLX,Yes,Yes,Female,1,1502.65,25-36,25,No,Yes,Yes,0,No,Credit card (automatic),Yes,Yes,Yes,Yes,No phone service,58.6,DSL,58.6
99.45,9,Yes,1,1,1,Month-to-month,6210-KBBPI,No,No,Male,1,919.4,0-12,9,No,Yes,Yes,1,Yes,Credit card (automatic),No,Yes,No,Yes,Yes,99.45,Fiber optic,99.45
55.15,22,Yes,1,1,1,Month-to-month,6214-EDAKZ,Yes,No,Female,1,1206.05,13-24,22,Yes,No,No,0,Yes,Electronic check,Yes,No,No,Yes,No,55.15,DSL,55.15
73.25,2,Yes,1,1,1,Month-to-month,6221-AVQYL,No,No,Male,1,131.05,0-12,2,No,No,No,0,Yes,Credit card (automatic),No,Yes,No,No,Yes,73.25,Fiber optic,73.25
69,15,Yes,1,1,1,Month-to-month,6227-HWPWX,Yes,No,Female,1,994.8,13-24,15,No,No,No,0,Yes,Bank transfer (automatic),No,No,No,No,No,69,Fiber optic,69
85,1,Yes,1,1,1,Month-to-month,6230-BSUXY,No,Yes,Female,1,85,0-12,1,No,No,Yes,1,Yes,Electronic check,No,Yes,No,No,No,85,Fiber optic,85
28.45,5,Yes,1,1,1,Month-to-month,6235-VDHOM,No,No,Female,1,131.05,0-12,5,No,No,No,1,No,Electronic check,No,No,No,Yes,No phone service,28.45,DSL,28.45
35,18,Yes,1,1,1,Month-to-month,6240-EURKS,Yes,No,Female,1,553,13-24,18,No,No,Yes,0,No,Electronic check,No,Yes,No,No,No phone service,35,DSL,35
86.2,2,Yes,1,1,1,Month-to-month,6275-YDUVO,No,Yes,Female,1,178.7,0-12,2,No,No,Yes,0,Yes,Mailed check,No,Yes,No,No,No,86.2,Fiber optic,86.2
90.5,22,Yes,1,1,1,Month-to-month,6284-AHOOQ,No,No,Male,1,1910.6,13-24,22,Yes,Yes,No,1,Yes,Bank transfer (automatic),No,Yes,No,No,Yes,90.5,Fiber optic,90.5
79.35,22,Yes,1,1,1,Month-to-month,6298-QDFNH,No,No,Male,1,1730.35,13-24,22,No,No,No,0,Yes,Electronic check,No,Yes,No,Yes,Yes,79.35,Fiber optic,79.35
49.9,3,Yes,1,1,1,Month-to-month,6304-IJFSQ,No,No,Male,1,130.1,0-12,3,No,No,No,0,Yes,Mailed check,No,Yes,No,Yes,No,49.9,DSL,49.9
78.9,29,Yes,1,1,1,Month-to-month,6311-UEUME,No,No,Female,1,2384.15,25-36,29,No,Yes,No,0,Yes,Electronic check,No,Yes,No,No,No,78.9,Fiber optic,78.9
54.45,53,Yes,1,1,1,Month-to-month,6313-GIDIT,No,Yes,Male,1,2854.55,49-60,53,No,Yes,Yes,1,No,Electronic check,No,Yes,No,Yes,No phone service,54.45,DSL,54.45
29.95,1,Yes,1,1,1,Month-to-month,6317-YPKDH,No,No,Female,1,29.95,0-12,1,No,No,No,0,No,Bank transfer (automatic),No,No,No,Yes,No phone service,29.95,DSL,29.95
90.2,20,Yes,1,1,1,Month-to-month,6319-IEJWJ,Yes,No,Male,1,1776.55,13-24,20,No,Yes,Yes,0,Yes,Electronic check,Yes,Yes,No,No,No,90.2,Fiber optic,90.2
100.85,8,Yes,1,1,1,Month-to-month,6326-MTTXK,No,No,Male,1,819.55,0-12,8,No,Yes,Yes,0,Yes,Electronic check,No,No,No,Yes,Yes,100.85,Fiber optic,100.85
95.15,11,Yes,1,1,1,Month-to-month,6328-ZPBGN,No,No,Female,1,997.65,0-12,11,No,Yes,Yes,1,Yes,Bank transfer (automatic),No,Yes,No,No,Yes,95.15,Fiber optic,95.15
80.5,11,Yes,1,1,1,Month-to-month,6330-JKLPC,No,No,Male,1,896.9,0-12,11,No,No,No,0,Yes,Bank transfer (automatic),Yes,Yes,No,Yes,Yes,80.5,Fiber optic,80.5
85.25,20,Yes,1,1,1,Month-to-month,6331-EWIEB,No,No,Male,1,1734.5,13-24,20,No,Yes,No,0,Yes,Electronic check,No,Yes,No,No,Yes,85.25,Fiber optic,85.25
72.15,10,Yes,1,1,1,Month-to-month,6331-LWDTQ,No,No,Male,1,794.25,0-12,10,No,Yes,Yes,0,Yes,Credit card (automatic),No,Yes,No,No,Yes,72.15,DSL,72.15
40.15,3,Yes,1,1,1,Month-to-month,6338-AVWCY,No,Yes,Male,1,130.75,0-12,3,No,Yes,No,0,No,Mailed check,No,Yes,No,No,No phone service,40.15,DSL,40.15
74.15,10,Yes,1,1,1,Month-to-month,6347-DCUIK,No,No,Male,1,811.8,0-12,10,No,No,No,0,Yes,Mailed check,No,Yes,No,No,Yes,74.15,Fiber optic,74.15
86.45,35,Yes,1,1,1,Month-to-month,6352-TWCAU,No,No,Female,1,3029.1,25-36,35,No,Yes,No,0,Yes,Electronic check,No,Yes,No,No,Yes,86.45,Fiber optic,86.45
95.6,1,Yes,1,1,1,Month-to-month,6356-ELRKD,No,No,Female,1,95.6,0-12,1,No,Yes,Yes,0,Yes,Electronic check,No,Yes,Yes,No,No,95.6,Fiber optic,95.6
74.9,1,Yes,1,1,1,Month-to-month,6358-LYNGM,No,No,Male,1,74.9,0-12,1,No,No,No,0,Yes,Electronic check,No,Yes,No,No,Yes,74.9,Fiber optic,74.9
96,24,Yes,1,1,1,Month-to-month,6365-MTGZX,No,No,Male,1,2122.45,13-24,24,Yes,Yes,Yes,0,Yes,Electronic check,No,Yes,No,No,No,96,Fiber optic,96
24.8,1,Yes,1,1,1,Month-to-month,6366-ZGQGL,No,No,Male,1,24.8,0-12,1,No,No,No,0,No,Bank transfer (automatic),No,No,No,No,No phone service,24.8,DSL,24.8
78.8,1,Yes,1,1,1,Month-to-month,6372-RFVNS,No,No,Female,1,78.8,0-12,1,No,Yes,No,0,Yes,Electronic check,Yes,No,No,No,No,78.8,Fiber optic,78.8
77.85,4,Yes,1,1,1,Month-to-month,6376-GAHQE,No,No,Male,1,299.2,0-12,4,No,Yes,No,0,Yes,Electronic check,No,No,No,No,No,77.85,Fiber optic,77.85
70.1,10,Yes,1,1,1,Month-to-month,6379-RXJRQ,No,No,Male,1,659.65,0-12,10,No,No,No,0,Yes,Electronic check,Yes,Yes,No,No,No,70.1,Fiber optic,70.1
73.6,1,Yes,1,1,1,Month-to-month,6390-DSAZX,Yes,No,Female,1,73.6,0-12,1,No,No,No,0,Yes,Mailed check,No,Yes,Yes,No,No,73.6,Fiber optic,73.6
97.65,34,Yes,1,1,1,Month-to-month,6393-WRYZE,No,No,Female,1,3207.55,25-36,34,No,Yes,Yes,0,Yes,Electronic check,Yes,Yes,No,No,Yes,97.65,Fiber optic,97.65
107.4,48,Yes,1,1,1,Month-to-month,6394-MFYNG,No,Yes,Female,1,5121.3,37-48,48,No,Yes,Yes,0,Yes,Bank transfer (automatic),No,Yes,No,Yes,Yes,107.4,Fiber optic,107.4
55.55,43,Yes,1,1,1,Month-to-month,6397-JNZZG,No,Yes,Female,1,2342.2,37-48,43,No,Yes,Yes,1,No,Credit card (automatic),Yes,No,No,Yes,No phone service,55.55,DSL,55.55
79.05,6,Yes,1,1,1,Month-to-month,6400-BWQKW,No,No,Female,1,434.5,0-12,6,No,No,No,0,Yes,Electronic check,No,Yes,Yes,No,Yes,79.05,Fiber optic,79.05
102.8,25,Yes,1,1,1,Month-to-month,6402-ZFPPI,No,No,Female,1,2660.2,25-36,25,No,Yes,Yes,1,Yes,Mailed check,No,Yes,Yes,Yes,Yes,102.8,Fiber optic,102.8
45.15,9,Yes,1,1,1,Month-to-month,6410-LEFEN,No,No,Female,1,416.45,0-12,9,No,No,No,0,Yes,Electronic check,No,No,No,No,No,45.15,DSL,45.15
89.4,17,Yes,1,1,1,Month-to-month,6413-XKKPU,Yes,Yes,Male,1,1539.45,13-24,17,No,Yes,No,0,Yes,Electronic check,Yes,Yes,Yes,No,No,89.4,Fiber optic,89.4
68.5,1,Yes,1,1,1,Month-to-month,6416-TVAIH,Yes,No,Male,1,68.5,0-12,1,No,No,No,0,Yes,Electronic check,Yes,Yes,No,No,No,68.5,Fiber optic,68.5
74.75,3,Yes,1,1,1,Month-to-month,6424-ELEYH,No,No,Female,1,229.5,0-12,3,No,No,No,0,Yes,Credit card (automatic),Yes,Yes,No,No,Yes,74.75,Fiber optic,74.75
85.4,5,Yes,1,1,1,Month-to-month,6432-TWQLB,No,No,Male,1,401.1,0-12,5,Yes,No,No,0,Yes,Electronic check,Yes,Yes,No,Yes,Yes,85.4,Fiber optic,85.4
79.7,7,Yes,1,1,1,Month-to-month,6437-UKHMV,No,No,Female,1,586.05,0-12,7,No,Yes,No,0,Yes,Electronic check,No,Yes,No,No,No,79.7,Fiber optic,79.7
87.25,45,Yes,1,1,1,Month-to-month,6439-GTPCA,No,Yes,Female,1,3941.7,37-48,45,Yes,No,No,0,Yes,Electronic check,No,Yes,No,No,Yes,87.25,Fiber optic,87.25
69.35,1,Yes,1,1,1,Month-to-month,6457-GIRWB,No,No,Male,1,69.35,0-12,1,No,No,No,0,Yes,Electronic check,No,Yes,No,No,No,69.35,Fiber optic,69.35
80.8,1,Yes,1,1,1,Month-to-month,6457-USBER,No,No,Male,1,80.8,0-12,1,No,No,Yes,0,Yes,Electronic check,No,Yes,No,No,No,80.8,Fiber optic,80.8
99.35,47,Yes,1,1,1,Month-to-month,6467-CHFZW,Yes,No,Male,1,4749.15,37-48,47,No,Yes,Yes,0,Yes,Electronic check,Yes,Yes,No,Yes,Yes,99.35,Fiber optic,99.35
86,2,Yes,1,1,1,Month-to-month,6474-FVJLC,No,No,Male,1,165.45,0-12,2,No,No,Yes,0,Yes,Electronic check,No,Yes,No,No,Yes,86,Fiber optic,86
105,3,Yes,1,1,1,Month-to-month,6496-SLWHQ,No,Yes,Male,1,294.45,0-12,3,No,Yes,Yes,1,Yes,Electronic check,No,Yes,No,Yes,Yes,105,Fiber optic,105
94.7,7,Yes,1,1,1,Month-to-month,6502-HCJTI,No,No,Male,1,673.1,0-12,7,No,No,Yes,1,Yes,Credit card (automatic),Yes,Yes,Yes,Yes,Yes,94.7,Fiber optic,94.7
69.6,1,Yes,1,1,1,Month-to-month,6502-MJQAE,No,No,Male,1,69.6,0-12,1,No,No,No,0,Yes,Electronic check,No,Yes,No,No,No,69.6,Fiber optic,69.6
73.55,1,Yes,1,1,1,Month-to-month,6513-EECDB,No,No,Male,1,73.55,0-12,1,No,No,No,1,Yes,Electronic check,Yes,Yes,No,No,Yes,73.55,Fiber optic,73.55
105,38,Yes,1,1,1,Month-to-month,6518-LGAOV,No,Yes,Female,1,4026.4,37-48,38,Yes,Yes,Yes,0,Yes,Electronic check,Yes,Yes,No,No,Yes,105,Fiber optic,105
93.3,1,Yes,1,1,1,Month-to-month,6521-YYTYI,Yes,No,Male,1,93.3,0-12,1,No,Yes,Yes,0,Yes,Electronic check,No,Yes,No,No,Yes,93.3,Fiber optic,93.3
29.95,9,Yes,1,1,1,Month-to-month,6543-CPZMK,Yes,No,Male,1,248.95,0-12,9,No,No,No,0,No,Electronic check,Yes,Yes,No,Yes,No phone service,29.95,DSL,29.95
99.7,30,Yes,1,1,1,Month-to-month,6543-XRMYR,No,No,Female,1,2967.35,25-36,30,No,Yes,Yes,1,Yes,Electronic check,No,Yes,No,Yes,Yes,99.7,Fiber optic,99.7
79.2,1,Yes,1,1,1,Month-to-month,6567-HOOPW,No,No,Female,1,79.2,0-12,1,No,Yes,No,1,Yes,Electronic check,No,Yes,No,No,No,79.2,Fiber optic,79.2
49.95,16,Yes,1,1,1,Month-to-month,6581-NQCBA,No,No,Female,1,810.2,13-24,16,Yes,Yes,Yes,0,No,Electronic check,Yes,Yes,No,No,No phone service,49.95,DSL,49.95
88.05,50,Yes,1,1,1,Month-to-month,6583-QGCSI,No,No,Female,1,4367.35,49-60,50,No,Yes,No,1,Yes,Electronic check,Yes,Yes,No,Yes,Yes,88.05,Fiber optic,88.05
44.45,1,Yes,1,1,1,Month-to-month,6595-COKXZ,No,No,Female,1,44.45,0-12,1,No,No,No,0,Yes,Mailed check,No,Yes,No,No,No,44.45,DSL,44.45
88.95,25,Yes,1,1,1,Month-to-month,6595-YGXIT,No,No,Male,1,2291.2,25-36,25,No,Yes,No,1,Yes,Electronic check,No,Yes,No,Yes,Yes,88.95,Fiber optic,88.95
73.95,34,Yes,1,1,1,Month-to-month,6599-CEBNN,No,No,Female,1,2524.45,25-36,34,No,No,No,0,Yes,Credit card (automatic),No,Yes,No,Yes,No,73.95,Fiber optic,73.95
109.55,47,Yes,1,1,1,Month-to-month,6599-RCLCJ,No,Yes,Male,1,5124.55,37-48,47,Yes,Yes,Yes,0,Yes,Electronic check,Yes,Yes,No,Yes,Yes,109.55,Fiber optic,109.55
50.5,1,Yes,1,1,1,Month-to-month,6608-QQLVK,No,Yes,Male,1,50.5,0-12,1,No,No,No,0,Yes,Electronic check,No,Yes,No,No,No,50.5,DSL,50.5
100.55,14,Yes,1,1,1,Month-to-month,6615-NGGZJ,No,No,Male,1,1415.55,13-24,14,No,Yes,Yes,0,Yes,Electronic check,No,Yes,No,Yes,Yes,100.55,Fiber optic,100.55
19.7,1,Yes,1,1,1,Month-to-month,6615-ZGEDR,No,No,Male,1,19.7,0-12,1,No,No,No,0,Yes,Mailed check,No,No,No,No,No,19.7,No,19.7
79.55,1,Yes,1,1,1,Month-to-month,6618-RYATB,No,Yes,Female,1,79.55,0-12,1,No,No,No,0,Yes,Mailed check,No,Yes,No,No,Yes,79.55,Fiber optic,79.55
55.7,1,Yes,1,1,1,Month-to-month,6629-CZTTH,No,No,Male,1,55.7,0-12,1,No,No,Yes,0,Yes,Mailed check,No,Yes,No,No,No,55.7,DSL,55.7
49.2,5,Yes,1,1,1,Month-to-month,6633-MPWBS,No,No,Male,1,216.9,0-12,5,Yes,No,No,0,Yes,Electronic check,No,Yes,No,No,No,49.2,DSL,49.2
70,34,Yes,1,1,1,Month-to-month,6641-XRPSU,No,No,Female,1,2416.1,25-36,34,No,No,No,0,Yes,Credit card (automatic),No,Yes,No,No,No,70,Fiber optic,70
103.85,53,Yes,1,1,1,Month-to-month,6646-VRFOL,No,Yes,Male,1,5485.5,49-60,53,No,Yes,Yes,1,Yes,Electronic check,Yes,Yes,No,Yes,Yes,103.85,Fiber optic,103.85
99.8,49,Yes,1,1,1,Month-to-month,6651-AZVTJ,Yes,Yes,Male,1,4872.45,49-60,49,No,Yes,Yes,0,Yes,Electronic check,Yes,Yes,No,No,Yes,99.8,Fiber optic,99.8
70.3,1,Yes,1,1,1,Month-to-month,6653-CBBOM,No,No,Female,1,70.3,0-12,1,No,No,No,0,Yes,Electronic check,No,Yes,No,No,No,70.3,Fiber optic,70.3
104.75,42,Yes,1,1,1,Month-to-month,6661-HBGWL,No,Yes,Female,1,4323.45,37-48,42,No,Yes,Yes,1,Yes,Bank transfer (automatic),No,Yes,No,Yes,Yes,104.75,Fiber optic,104.75
74.4,3,Yes,1,1,1,Month-to-month,6680-WKXRZ,No,No,Female,1,215.8,0-12,3,No,No,No,0,Yes,Bank transfer (automatic),No,No,No,No,Yes,74.4,Fiber optic,74.4
55.25,40,Yes,1,1,1,Month-to-month,6682-QJDGB,Yes,No,Male,1,2139.2,37-48,40,No,No,No,0,Yes,Mailed check,No,Yes,Yes,Yes,No,55.25,DSL,55.25
98.55,20,Yes,1,1,1,Month-to-month,6683-VLCTZ,No,Yes,Male,1,1842.8,13-24,20,No,Yes,Yes,1,Yes,Electronic check,No,Yes,No,No,Yes,98.55,Fiber optic,98.55
85.5,47,Yes,1,1,1,Month-to-month,6686-YPGHK,No,No,Male,1,4042.3,37-48,47,No,No,Yes,1,Yes,Mailed check,No,No,Yes,No,No,85.5,Fiber optic,85.5
102,11,Yes,1,1,1,Month-to-month,6688-UZPWD,No,No,Female,1,1145.35,0-12,11,No,Yes,Yes,0,Yes,Electronic check,Yes,Yes,No,Yes,Yes,102,Fiber optic,102
50.55,1,Yes,1,1,1,Month-to-month,6689-KXGBO,No,No,Female,1,50.55,0-12,1,No,No,No,0,Yes,Electronic check,No,No,No,Yes,No,50.55,DSL,50.55
78.95,5,Yes,1,1,1,Month-to-month,6689-TCZHQ,No,No,Female,1,378.4,0-12,5,No,No,Yes,1,Yes,Electronic check,No,No,No,No,No,78.95,Fiber optic,78.95
91.65,14,Yes,1,1,1,Month-to-month,6692-UDPJC,Yes,No,Female,1,1301,13-24,14,Yes,Yes,No,0,Yes,Electronic check,Yes,Yes,No,No,Yes,91.65,Fiber optic,91.65
43.3,1,Yes,1,1,1,Month-to-month,6702-OHFWR,No,Yes,Male,1,43.3,0-12,1,No,No,Yes,1,No,Electronic check,No,Yes,No,Yes,No phone service,43.3,DSL,43.3
74.9,7,Yes,1,1,1,Month-to-month,6711-FLDFB,No,No,Female,1,541.15,0-12,7,No,No,No,0,Yes,Electronic check,No,Yes,No,No,Yes,74.9,Fiber optic,74.9
87.55,36,Yes,1,1,1,Month-to-month,6711-VTNRE,No,Yes,Female,1,3078.1,25-36,36,Yes,No,Yes,0,Yes,Electronic check,No,Yes,No,No,No,87.55,Fiber optic,87.55
91.25,26,Yes,1,1,1,Month-to-month,6712-OAWRH,No,No,Female,1,2351.8,25-36,26,No,Yes,Yes,1,Yes,Electronic check,No,Yes,No,No,No,91.25,Fiber optic,91.25
70.05,5,Yes,1,1,1,Month-to-month,6715-OFDBP,No,Yes,Male,1,346.4,0-12,5,No,Yes,Yes,0,Yes,Electronic check,No,Yes,No,No,No,70.05,DSL,70.05
85,46,Yes,1,1,1,Month-to-month,6769-DYBQN,No,No,Male,1,3969.4,37-48,46,No,No,Yes,1,Yes,Electronic check,No,No,Yes,No,No,85,Fiber optic,85
21,1,Yes,1,1,1,Month-to-month,6770-XUAGN,Yes,No,Female,1,21,0-12,1,No,No,No,0,Yes,Electronic check,Yes,Yes,No,No,No,21,No,21
104.5,57,Yes,1,1,1,Month-to-month,6771-XWBDM,No,Yes,Female,1,5921.35,49-60,57,No,Yes,Yes,0,Yes,Credit card (automatic),Yes,Yes,No,Yes,Yes,104.5,Fiber optic,104.5
81.7,1,Yes,1,1,1,Month-to-month,6772-KSATR,No,No,Male,1,81.7,0-12,1,No,No,No,0,Yes,Electronic check,No,Yes,Yes,No,Yes,81.7,Fiber optic,81.7
19.85,3,Yes,1,1,1,Month-to-month,6776-TLWOI,No,No,Male,1,64.55,0-12,3,No,No,No,0,Yes,Mailed check,No,No,No,No,No,19.85,No,19.85
89.6,68,Yes,1,1,1,Month-to-month,6818-WOBHJ,No,No,Female,1,6127.6,61+,68,No,No,Yes,1,Yes,Bank transfer (automatic),Yes,Yes,No,Yes,Yes,89.6,Fiber optic,89.6
96.65,13,Yes,1,1,1,Month-to-month,6821-BUXUX,No,No,Female,1,1244.5,13-24,13,No,Yes,No,0,Yes,Electronic check,No,Yes,Yes,Yes,Yes,96.65,Fiber optic,96.65
75.6,23,Yes,1,1,1,Month-to-month,6825-UYPFK,No,No,Female,1,1758.6,13-24,23,No,No,No,0,Yes,Bank transfer (automatic),No,No,No,No,Yes,75.6,Fiber optic,75.6
23.9,13,Yes,1,1,1,Month-to-month,6834-NXDCA,No,No,Female,1,300.8,13-24,13,No,No,No,0,No,Electronic check,No,Yes,No,No,No phone service,23.9,DSL,23.9
60.05,26,Yes,1,1,1,Month-to-month,6839-ITVZJ,Yes,No,Female,1,1616.15,25-36,26,Yes,No,No,0,Yes,Electronic check,Yes,Yes,No,Yes,Yes,60.05,DSL,60.05
98.75,47,Yes,1,1,1,Month-to-month,6845-RGTYS,No,Yes,Female,1,4533.7,37-48,47,No,Yes,No,0,Yes,Electronic check,Yes,Yes,Yes,Yes,Yes,98.75,Fiber optic,98.75
19.75,1,Yes,1,1,1,Month-to-month,6849-WLEYG,Yes,No,Male,1,19.75,0-12,1,No,No,No,0,Yes,Mailed check,No,No,No,No,No,19.75,No,19.75
95.65,1,Yes,1,1,1,Month-to-month,6857-VWJDT,No,No,Female,1,95.65,0-12,1,No,Yes,Yes,0,Yes,Mailed check,No,No,No,No,Yes,95.65,Fiber optic,95.65
20.1,11,Yes,1,1,1,Month-to-month,6861-OKBCE,Yes,No,Female,1,221.35,0-12,11,No,No,No,0,Yes,Credit card (automatic),No,No,No,No,No,20.1,No,20.1
99.25,7,Yes,1,1,1,Month-to-month,6861-XWTWQ,No,Yes,Male,1,665.45,0-12,7,No,Yes,Yes,1,Yes,Electronic check,Yes,Yes,No,No,Yes,99.25,Fiber optic,99.25
48.95,1,Yes,1,1,1,Month-to-month,6876-ADESB,Yes,Yes,Male,1,48.95,0-12,1,No,No,No,0,Yes,Electronic check,No,No,No,No,No,48.95,DSL,48.95
78.55,18,Yes,1,1,1,Month-to-month,6877-LGWXO,No,No,Male,1,1422.65,13-24,18,No,No,Yes,1,Yes,Electronic check,Yes,No,No,No,No,78.55,Fiber optic,78.55
84.8,1,Yes,1,1,1,Month-to-month,6877-TJMBR,No,No,Male,1,84.8,0-12,1,Yes,Yes,No,0,Yes,Electronic check,Yes,Yes,No,No,No,84.8,Fiber optic,84.8
91.65,4,Yes,1,1,1,Month-to-month,6892-EZDTG,No,No,Female,1,365.4,0-12,4,No,Yes,No,0,Yes,Electronic check,Yes,Yes,No,Yes,Yes,91.65,Fiber optic,91.65
104.25,24,Yes,1,1,1,Month-to-month,6892-XPFPU,No,Yes,Male,1,2433.9,13-24,24,No,Yes,Yes,1,Yes,Electronic check,Yes,Yes,No,Yes,Yes,104.25,Fiber optic,104.25
75.75,1,Yes,1,1,1,Month-to-month,6894-LFHLY,No,No,Male,1,75.75,0-12,1,No,No,No,1,Yes,Electronic check,No,Yes,No,No,Yes,75.75,Fiber optic,75.75
96.55,37,Yes,1,1,1,Month-to-month,6899-PPEEA,No,No,Female,1,3580.3,37-48,37,No,Yes,Yes,1,Yes,Electronic check,No,Yes,No,No,Yes,96.55,Fiber optic,96.55
105.75,26,Yes,1,1,1,Month-to-month,6900-PXRMS,Yes,Yes,Male,1,2710.25,25-36,26,No,Yes,Yes,1,Yes,Electronic check,Yes,No,No,Yes,Yes,105.75,Fiber optic,105.75
50.65,1,Yes,1,1,1,Month-to-month,6905-NIQIN,No,No,Male,1,50.65,0-12,1,No,No,No,0,Yes,Mailed check,No,No,No,Yes,No,50.65,DSL,50.65
74.9,15,Yes,1,1,1,Month-to-month,6906-ANDWJ,Yes,No,Male,1,1107.25,13-24,15,No,No,No,0,Yes,Bank transfer (automatic),Yes,Yes,No,No,Yes,74.9,Fiber optic,74.9
99.15,36,Yes,1,1,1,Month-to-month,6907-NZZIJ,No,No,Female,1,3615.6,25-36,36,No,Yes,Yes,0,Yes,Electronic check,No,Yes,No,Yes,Yes,99.15,Fiber optic,99.15
76.35,1,Yes,1,1,1,Month-to-month,6910-HADCM,No,Yes,Female,1,76.35,0-12,1,No,No,No,0,Yes,Electronic check,No,No,No,No,No,76.35,Fiber optic,76.35
51.75,4,Yes,1,1,1,Month-to-month,6923-EFPNL,No,No,Male,1,201.1,0-12,4,No,No,No,0,Yes,Credit card (automatic),No,No,No,No,Yes,51.75,DSL,51.75
71.3,20,Yes,1,1,1,Month-to-month,6927-WTFIV,No,No,Male,1,1389.2,13-24,20,No,No,No,1,Yes,Credit card (automatic),No,No,No,No,No,71.3,Fiber optic,71.3
80,5,Yes,1,1,1,Month-to-month,6941-PMGEP,No,No,Female,1,412.5,0-12,5,No,No,Yes,0,Yes,Electronic check,No,Yes,No,No,No,80,Fiber optic,80
99,3,Yes,1,1,1,Month-to-month,6956-SMUCM,No,Yes,Female,1,287.4,0-12,3,No,Yes,Yes,0,Yes,Credit card (automatic),No,Yes,Yes,No,No,99,Fiber optic,99
42.9,1,Yes,1,1,1,Month-to-month,6959-UWKHF,No,No,Male,1,42.9,0-12,1,No,No,No,0,Yes,Electronic check,No,Yes,No,No,No,42.9,DSL,42.9
76,1,Yes,1,1,1,Month-to-month,6960-HVYXR,No,No,Female,1,76,0-12,1,No,No,No,0,Yes,Electronic check,No,No,No,No,Yes,76,Fiber optic,76
80.4,46,Yes,1,1,1,Month-to-month,6961-VCPMC,No,No,Male,1,3605.2,37-48,46,No,No,Yes,1,Yes,Electronic check,Yes,Yes,No,No,No,80.4,Fiber optic,80.4
87.05,8,Yes,1,1,1,Month-to-month,6979-ZNSFF,No,No,Female,1,762.1,0-12,8,No,Yes,No,0,Yes,Electronic check,No,Yes,No,No,Yes,87.05,Fiber optic,87.05
44.4,1,Yes,1,1,1,Month-to-month,6982-SSHFK,No,No,Male,1,44.4,0-12,1,No,No,No,0,Yes,Mailed check,No,No,No,No,No,44.4,DSL,44.4
20.85,1,Yes,1,1,1,Month-to-month,6982-UQZLY,No,No,Female,1,20.85,0-12,1,No,No,No,1,Yes,Mailed check,Yes,Yes,No,No,No,20.85,No,20.85
86.3,39,Yes,1,1,1,Month-to-month,6986-IJDHX,Yes,No,Male,1,3266,37-48,39,No,Yes,No,0,Yes,Mailed check,Yes,Yes,No,Yes,No,86.3,Fiber optic,86.3
79.5,54,Yes,1,1,1,Month-to-month,6987-XQSJT,No,No,Female,1,4370.25,49-60,54,No,No,No,1,Yes,Electronic check,No,Yes,No,Yes,Yes,79.5,Fiber optic,79.5
68.95,2,Yes,1,1,1,Month-to-month,6993-OHLXR,No,No,Female,1,119.75,0-12,2,No,No,No,0,Yes,Electronic check,No,No,No,No,No,68.95,Fiber optic,68.95
74.9,1,Yes,1,1,1,Month-to-month,6996-KNSML,No,Yes,Female,1,74.9,0-12,1,No,No,No,0,Yes,Electronic check,No,Yes,No,No,No,74.9,Fiber optic,74.9
61.6,20,Yes,1,1,1,Month-to-month,7000-WCEVQ,No,No,Female,1,1174.35,13-24,20,No,No,Yes,1,Yes,Mailed check,No,Yes,No,No,Yes,61.6,DSL,61.6
84.4,6,Yes,1,1,1,Month-to-month,7005-CCBKV,No,No,Male,1,556.35,0-12,6,No,No,Yes,0,Yes,Electronic check,No,Yes,No,Yes,No,84.4,Fiber optic,84.4
25.1,29,Yes,1,1,1,Month-to-month,7016-BPGEU,No,No,Female,1,712.85,25-36,29,No,No,No,0,No,Credit card (automatic),No,Yes,No,No,No phone service,25.1,DSL,25.1
93.85,2,Yes,1,1,1,Month-to-month,7024-OHCCK,No,No,Female,1,170.85,0-12,2,No,Yes,Yes,1,Yes,Electronic check,No,Yes,No,No,Yes,93.85,Fiber optic,93.85
99.05,35,Yes,1,1,1,Month-to-month,7028-DVOIQ,No,Yes,Male,1,3395.8,25-36,35,No,Yes,Yes,1,Yes,Electronic check,No,Yes,No,No,Yes,99.05,Fiber optic,99.05
100.45,17,Yes,1,1,1,Month-to-month,7029-RPUAV,No,Yes,Male,1,1622.45,13-24,17,No,Yes,Yes,1,Yes,Credit card (automatic),Yes,Yes,No,No,Yes,100.45,Fiber optic,100.45
45.95,1,Yes,1,1,1,Month-to-month,7054-LGEQW,No,No,Female,1,45.95,0-12,1,No,No,No,0,Yes,Mailed check,No,No,No,No,No,45.95,DSL,45.95
101.9,53,Yes,1,1,1,Month-to-month,7056-IMHCC,No,No,Male,1,5549.4,49-60,53,No,Yes,Yes,1,Yes,Electronic check,Yes,Yes,No,Yes,Yes,101.9,Fiber optic,101.9
45.3,1,Yes,1,1,1,Month-to-month,7065-YUNRY,No,No,Female,1,45.3,0-12,1,No,No,No,0,Yes,Mailed check,No,Yes,No,No,No,45.3,DSL,45.3
79.4,3,Yes,1,1,1,Month-to-month,7074-IEVOJ,No,No,Female,1,205.05,0-12,3,No,No,No,1,Yes,Electronic check,No,Yes,No,Yes,Yes,79.4,Fiber optic,79.4
98.75,24,Yes,1,1,1,Month-to-month,7079-QRCBC,No,Yes,Female,1,2407.3,13-24,24,No,Yes,Yes,0,Yes,Electronic check,No,Yes,No,No,Yes,98.75,Fiber optic,98.75
25.4,15,Yes,1,1,1,Month-to-month,7083-YNSKY,No,No,Female,1,399.6,13-24,15,No,No,No,0,Yes,Credit card (automatic),No,Yes,No,No,Yes,25.4,No,25.4
103.35,8,Yes,1,1,1,Month-to-month,7089-IVVAZ,No,No,Female,1,847.3,0-12,8,Yes,Yes,Yes,0,Yes,Bank transfer (automatic),No,Yes,Yes,No,Yes,103.35,Fiber optic,103.35
68.25,33,Yes,1,1,1,Month-to-month,7112-OPOTK,No,No,Male,1,2171.15,25-36,33,No,No,No,0,Yes,Electronic check,No,No,No,No,No,68.25,Fiber optic,68.25
84.5,1,Yes,1,1,1,Month-to-month,7120-RFMVS,No,No,Male,1,84.5,0-12,1,No,Yes,No,0,Yes,Electronic check,No,No,No,No,Yes,84.5,Fiber optic,84.5
75.75,8,Yes,1,1,1,Month-to-month,7130-VTEWQ,No,No,Female,1,606.25,0-12,8,No,No,No,1,Yes,Electronic check,No,Yes,No,No,Yes,75.75,Fiber optic,75.75
79.85,25,Yes,1,1,1,Month-to-month,7133-VBDCG,No,No,Female,1,2015.35,25-36,25,No,No,No,0,Yes,Bank transfer (automatic),No,Yes,Yes,Yes,No,79.85,Fiber optic,79.85
85.7,37,Yes,1,1,1,Month-to-month,7137-RYLPP,No,No,Male,1,3171.15,37-48,37,No,Yes,No,1,Yes,Electronic check,Yes,Yes,No,No,Yes,85.7,Fiber optic,85.7
103,43,Yes,1,1,1,Month-to-month,7142-HVGBG,No,Yes,Male,1,4414.3,37-48,43,No,Yes,Yes,1,Yes,Electronic check,Yes,Yes,No,Yes,Yes,103,Fiber optic,103
69.95,1,Yes,1,1,1,Month-to-month,7153-OANIO,No,No,Male,1,69.95,0-12,1,No,No,No,0,Yes,Electronic check,No,No,No,No,No,69.95,Fiber optic,69.95
90.5,13,Yes,1,1,1,Month-to-month,7156-MHUGY,No,No,Male,1,1201.15,13-24,13,No,Yes,Yes,1,Yes,Electronic check,No,Yes,No,No,No,90.5,Fiber optic,90.5
74.5,1,Yes,1,1,1,Month-to-month,7180-PISOG,Yes,No,Male,1,74.5,0-12,1,No,No,No,0,Yes,Electronic check,Yes,Yes,No,No,Yes,74.5,Fiber optic,74.5
102.45,1,Yes,1,1,1,Month-to-month,7181-BQYBV,Yes,Yes,Female,1,102.45,0-12,1,No,Yes,Yes,0,Yes,Electronic check,Yes,Yes,Yes,No,Yes,102.45,Fiber optic,102.45
79,2,Yes,1,1,1,Month-to-month,7198-GLXTC,No,No,Male,1,143.65,0-12,2,No,Yes,No,0,Yes,Electronic check,No,No,No,No,No,79,Fiber optic,79
69.25,1,Yes,1,1,1,Month-to-month,7206-GZCDC,No,No,Female,1,69.25,0-12,1,No,No,No,1,Yes,Electronic check,No,Yes,No,No,No,69.25,Fiber optic,69.25
105.5,65,Yes,1,1,1,Month-to-month,7207-RMRDB,Yes,Yes,Female,1,6985.65,61+,65,No,Yes,Yes,0,Yes,Electronic check,Yes,Yes,No,Yes,Yes,105.5,Fiber optic,105.5
94.9,10,Yes,1,1,1,Month-to-month,7209-JCUDS,No,Yes,Male,1,1048.85,0-12,10,No,Yes,Yes,0,Yes,Electronic check,No,Yes,No,No,No,94.9,Fiber optic,94.9
100.8,1,Yes,1,1,1,Month-to-month,7216-EWTRS,No,Yes,Female,1,100.8,0-12,1,No,Yes,Yes,1,Yes,Electronic check,Yes,Yes,No,No,Yes,100.8,Fiber optic,100.8
94.2,2,Yes,1,1,1,Month-to-month,7218-HKQFK,No,No,Male,1,167.5,0-12,2,Yes,Yes,Yes,0,Yes,Electronic check,Yes,Yes,No,No,No,94.2,Fiber optic,94.2
88.45,4,Yes,1,1,1,Month-to-month,7228-OMTPN,No,No,Male,1,370.65,0-12,4,No,Yes,Yes,0,Yes,Electronic check,No,Yes,No,No,No,88.45,Fiber optic,88.45
101.35,8,Yes,1,1,1,Month-to-month,7234-FECYN,No,Yes,Female,1,780.5,0-12,8,No,Yes,Yes,1,Yes,Electronic check,No,No,No,No,Yes,101.35,Fiber optic,101.35
74.85,2,Yes,1,1,1,Month-to-month,7235-NXZCP,No,No,Male,1,156.4,0-12,2,No,No,No,1,Yes,Mailed check,No,Yes,No,No,Yes,74.85,Fiber optic,74.85
19.75,1,Yes,1,1,1,Month-to-month,7239-HZZCX,No,No,Male,1,19.75,0-12,1,No,No,No,0,Yes,Mailed check,No,No,No,No,No,19.75,No,19.75
48.75,9,Yes,1,1,1,Month-to-month,7240-ETPTR,No,Yes,Female,1,442.2,0-12,9,No,Yes,Yes,0,No,Electronic check,Yes,Yes,No,No,No phone service,48.75,DSL,48.75
99.75,18,Yes,1,1,1,Month-to-month,7240-FQLHE,No,No,Female,1,1836.25,13-24,18,Yes,Yes,Yes,1,Yes,Bank transfer (automatic),Yes,No,No,No,Yes,99.75,Fiber optic,99.75
25.3,1,Yes,1,1,1,Month-to-month,7242-QZLXF,Yes,No,Male,1,25.3,0-12,1,No,No,No,0,No,Electronic check,No,Yes,No,No,No phone service,25.3,DSL,25.3
85.2,47,Yes,1,1,1,Month-to-month,7248-VZQLC,No,Yes,Female,1,3969.35,37-48,47,No,No,No,1,Yes,Bank transfer (automatic),No,Yes,No,Yes,Yes,85.2,Fiber optic,85.2
85.6,10,Yes,1,1,1,Month-to-month,7249-WBIYX,No,No,Male,1,813.85,0-12,10,No,Yes,No,0,Yes,Electronic check,Yes,Yes,No,No,Yes,85.6,Fiber optic,85.6
50.45,1,Yes,1,1,1,Month-to-month,7250-EQKIY,Yes,Yes,Female,1,50.45,0-12,1,No,No,No,0,Yes,Mailed check,Yes,No,No,No,No,50.45,DSL,50.45
69.65,1,Yes,1,1,1,Month-to-month,7254-IQWOZ,No,No,Male,1,69.65,0-12,1,No,No,No,0,Yes,Electronic check,No,Yes,No,No,No,69.65,Fiber optic,69.65
90,22,Yes,1,1,1,Month-to-month,7270-BDIOA,No,No,Female,1,1993.8,13-24,22,Yes,Yes,No,0,Yes,Electronic check,No,Yes,No,No,Yes,90,Fiber optic,90
41.15,3,Yes,1,1,1,Month-to-month,7273-TEFQD,No,Yes,Male,1,132.2,0-12,3,No,No,Yes,1,No,Electronic check,No,Yes,No,No,No phone service,41.15,DSL,41.15
90.55,1,Yes,1,1,1,Month-to-month,7274-RTAPZ,No,No,Male,1,90.55,0-12,1,No,Yes,Yes,0,Yes,Electronic check,No,Yes,No,No,No,90.55,Fiber optic,90.55
113.2,41,Yes,1,1,1,Month-to-month,7279-BUYWN,No,Yes,Female,1,4689.5,37-48,41,No,Yes,Yes,1,Yes,Electronic check,No,Yes,Yes,Yes,Yes,113.2,Fiber optic,113.2
90.55,1,Yes,1,1,1,Month-to-month,7294-TMAOP,No,No,Female,1,90.55,0-12,1,No,Yes,Yes,0,Yes,Electronic check,No,No,No,No,No,90.55,Fiber optic,90.55
98.1,4,Yes,1,1,1,Month-to-month,7295-JOMMD,Yes,Yes,Female,1,396.3,0-12,4,Yes,Yes,Yes,0,Yes,Bank transfer (automatic),No,Yes,No,No,No,98.1,Fiber optic,98.1
82,2,Yes,1,1,1,Month-to-month,7314-OXENN,No,No,Male,1,184.65,0-12,2,No,No,No,0,Yes,Electronic check,No,Yes,No,Yes,Yes,82,Fiber optic,82
90.15,11,Yes,1,1,1,Month-to-month,7321-PKUYW,No,No,Female,1,987.95,0-12,11,Yes,Yes,No,0,Yes,Electronic check,No,No,No,No,Yes,90.15,Fiber optic,90.15
90.8,5,Yes,1,1,1,Month-to-month,7330-WZLNC,No,No,Female,1,455.5,0-12,5,No,Yes,No,0,Yes,Electronic check,No,Yes,No,Yes,Yes,90.8,Fiber optic,90.8
74.65,4,Yes,1,1,1,Month-to-month,7341-LXCAF,No,No,Male,1,301.4,0-12,4,No,No,No,0,Yes,Electronic check,Yes,Yes,No,No,Yes,74.65,Fiber optic,74.65
45.75,1,Yes,1,1,1,Month-to-month,7359-PTSXY,No,No,Male,1,45.75,0-12,1,No,No,No,0,Yes,Electronic check,No,No,No,No,No,45.75,DSL,45.75
47.8,2,Yes,1,1,1,Month-to-month,7377-DMMRI,No,No,Male,1,92.45,0-12,2,No,No,No,0,Yes,Electronic check,No,Yes,Yes,No,No,47.8,DSL,47.8
70.3,3,Yes,1,1,1,Month-to-month,7379-POKDZ,No,No,Male,1,208.85,0-12,3,No,No,No,0,Yes,Electronic check,Yes,Yes,No,No,No,70.3,Fiber optic,70.3
35.15,3,Yes,1,1,1,Month-to-month,7384-GHBPI,No,No,Male,1,99.75,0-12,3,No,No,Yes,0,No,Electronic check,Yes,Yes,No,No,No phone service,35.15,DSL,35.15
89.45,9,Yes,1,1,1,Month-to-month,7394-FKDNK,No,No,Female,1,853.1,0-12,9,No,Yes,Yes,0,Yes,Electronic check,Yes,No,No,No,No,89.45,Fiber optic,89.45
81.5,17,Yes,1,1,1,Month-to-month,7395-IGJOS,No,No,Male,1,1329.2,13-24,17,No,No,Yes,1,Yes,Bank transfer (automatic),Yes,No,No,No,No,81.5,Fiber optic,81.5
71,1,Yes,1,1,1,Month-to-month,7409-KIUTL,Yes,No,Female,1,71,0-12,1,No,No,No,1,Yes,Electronic check,No,Yes,No,No,No,71,Fiber optic,71
49.55,18,Yes,1,1,1,Month-to-month,7410-KTVFV,No,Yes,Male,1,878.35,13-24,18,No,No,No,0,Yes,Mailed check,Yes,Yes,No,No,No,49.55,DSL,49.55
75.45,7,Yes,1,1,1,Month-to-month,7410-YTJIK,No,No,Female,1,480.75,0-12,7,No,No,No,0,Yes,Mailed check,No,No,No,No,Yes,75.45,Fiber optic,75.45
20.9,1,Yes,1,1,1,Month-to-month,7434-SHXLS,No,No,Female,1,20.9,0-12,1,No,No,No,0,Yes,Mailed check,No,No,No,No,No,20.9,No,20.9
99.45,12,Yes,1,1,1,Month-to-month,7450-NWRTR,No,Yes,Male,1,1200.15,0-12,12,No,Yes,Yes,1,Yes,Electronic check,No,Yes,No,No,Yes,99.45,Fiber optic,99.45
64.65,15,Yes,1,1,1,Month-to-month,7459-RRWQZ,No,No,Female,1,994.55,13-24,15,No,No,Yes,0,Yes,Bank transfer (automatic),No,Yes,Yes,No,Yes,64.65,DSL,64.65
48.75,13,Yes,1,1,1,Month-to-month,7470-MCQTK,No,Yes,Female,1,633.4,13-24,13,No,Yes,Yes,0,No,Bank transfer (automatic),Yes,Yes,No,No,No phone service,48.75,DSL,48.75
89.35,7,Yes,1,1,1,Month-to-month,7479-NITWS,No,Yes,Male,1,631.85,0-12,7,No,Yes,No,0,Yes,Credit card (automatic),No,Yes,No,No,Yes,89.35,Fiber optic,89.35
95.7,50,Yes,1,1,1,Month-to-month,7480-QNVZJ,No,No,Male,1,4816.7,49-60,50,No,Yes,Yes,1,Yes,Electronic check,No,Yes,No,No,Yes,95.7,Fiber optic,95.7
90.85,49,Yes,1,1,1,Month-to-month,7481-ATQQS,No,Yes,Female,1,4515.85,49-60,49,No,No,Yes,1,Yes,Credit card (automatic),No,Yes,No,No,Yes,90.85,Fiber optic,90.85
85.65,4,Yes,1,1,1,Month-to-month,7488-MXJIV,No,No,Female,1,321.65,0-12,4,No,Yes,No,0,Yes,Electronic check,No,Yes,No,No,Yes,85.65,Fiber optic,85.65
79.15,1,Yes,1,1,1,Month-to-month,7493-TPUWZ,No,No,Male,1,79.15,0-12,1,No,No,No,0,Yes,Electronic check,No,Yes,No,Yes,Yes,79.15,Fiber optic,79.15
80.65,8,Yes,1,1,1,Month-to-month,7495-OOKFY,No,No,Female,1,633.3,0-12,8,No,No,No,1,Yes,Credit card (automatic),Yes,Yes,No,Yes,Yes,80.65,Fiber optic,80.65
74.3,16,Yes,1,1,1,Month-to-month,7503-QQRVF,No,No,Male,1,1178.25,13-24,16,No,No,No,1,Yes,Credit card (automatic),Yes,Yes,No,Yes,No,74.3,Fiber optic,74.3
84.65,1,Yes,1,1,1,Month-to-month,7503-ZGUZJ,No,No,Male,1,84.65,0-12,1,No,Yes,No,0,Yes,Mailed check,No,Yes,No,No,Yes,84.65,Fiber optic,84.65
86.1,14,Yes,1,1,1,Month-to-month,7508-MYBOG,No,No,Male,1,1235.55,13-24,14,No,Yes,No,0,Yes,Electronic check,Yes,Yes,No,No,Yes,86.1,Fiber optic,86.1
45.4,9,Yes,1,1,1,Month-to-month,7511-YMXVQ,No,No,Male,1,418.8,0-12,9,No,Yes,Yes,0,No,Electronic check,No,Yes,No,No,No phone service,45.4,DSL,45.4
73.2,19,Yes,1,1,1,Month-to-month,7517-SAWMO,No,No,Female,1,1441.1,13-24,19,No,No,No,0,Yes,Electronic check,Yes,Yes,Yes,No,No,73.2,Fiber optic,73.2
96.05,12,Yes,1,1,1,Month-to-month,7526-BEZQB,No,No,Male,1,1148.1,0-12,12,No,Yes,Yes,0,Yes,Electronic check,No,Yes,No,No,Yes,96.05,Fiber optic,96.05
84.25,38,Yes,1,1,1,Month-to-month,7530-HDYDS,No,Yes,Female,1,3264.5,37-48,38,Yes,No,No,0,Yes,Credit card (automatic),No,Yes,No,Yes,No,84.25,Fiber optic,84.25
76.1,24,Yes,1,1,1,Month-to-month,7534-BFESC,No,No,Male,1,1712.7,13-24,24,No,No,No,1,Yes,Electronic check,No,Yes,No,No,Yes,76.1,Fiber optic,76.1
69.65,2,Yes,1,1,1,Month-to-month,7538-GWHML,No,No,Female,1,145.15,0-12,2,No,No,No,0,Yes,Electronic check,No,No,No,No,No,69.65,Fiber optic,69.65
95.25,42,Yes,1,1,1,Month-to-month,7547-EKNFS,No,Yes,Male,1,3959.35,37-48,42,No,Yes,No,0,Yes,Bank transfer (automatic),Yes,Yes,No,Yes,Yes,95.25,Fiber optic,95.25
96.25,5,Yes,1,1,1,Month-to-month,7548-SEPYI,No,No,Female,1,512.45,0-12,5,No,Yes,Yes,0,Yes,Electronic check,No,Yes,No,Yes,No,96.25,Fiber optic,96.25
100.55,63,Yes,1,1,1,Month-to-month,7549-MYGPK,Yes,Yes,Female,1,6215.35,61+,63,No,Yes,No,0,Yes,Electronic check,Yes,Yes,Yes,Yes,Yes,100.55,Fiber optic,100.55
55.3,6,Yes,1,1,1,Month-to-month,7551-DACSP,Yes,Yes,Male,1,324.25,0-12,6,No,No,No,0,Yes,Mailed check,Yes,Yes,No,Yes,No,55.3,DSL,55.3
19.5,1,Yes,1,1,1,Month-to-month,7551-JOHTI,No,No,Female,1,19.5,0-12,1,No,No,No,0,Yes,Mailed check,No,No,No,No,No,19.5,No,19.5
93.2,16,Yes,1,1,1,Month-to-month,7562-GSUHK,No,Yes,Female,1,1573.7,13-24,16,No,No,Yes,0,Yes,Credit card (automatic),No,Yes,No,Yes,No,93.2,Fiber optic,93.2
80.6,5,Yes,1,1,1,Month-to-month,7563-BIUPC,No,No,Male,1,415.55,0-12,5,No,Yes,No,0,Yes,Electronic check,No,Yes,No,No,No,80.6,Fiber optic,80.6
45.3,1,Yes,1,1,1,Month-to-month,7568-PODML,No,No,Male,1,45.3,0-12,1,No,Yes,Yes,0,No,Mailed check,No,Yes,No,No,No phone service,45.3,DSL,45.3
74.9,2,Yes,1,1,1,Month-to-month,7571-YXDAD,No,No,Female,1,147.15,0-12,2,No,No,No,0,Yes,Credit card (automatic),No,No,No,No,Yes,74.9,Fiber optic,74.9
76.05,3,Yes,1,1,1,Month-to-month,7576-OYWBN,No,No,Male,1,231.8,0-12,3,No,No,No,1,Yes,Electronic check,No,Yes,No,No,Yes,76.05,Fiber optic,76.05
50.15,2,Yes,1,1,1,Month-to-month,7579-OOPEC,No,No,Female,1,115.1,0-12,2,No,No,No,1,Yes,Credit card (automatic),Yes,No,No,Yes,No,50.15,DSL,50.15
54.85,2,Yes,1,1,1,Month-to-month,7580-UGXNC,No,No,Female,1,104.2,0-12,2,No,No,No,1,Yes,Mailed check,No,No,Yes,Yes,No,54.85,DSL,54.85
43.3,3,Yes,1,1,1,Month-to-month,7587-RZNME,No,No,Male,1,123.65,0-12,3,No,No,No,0,Yes,Electronic check,No,Yes,No,No,No,43.3,DSL,43.3
44.6,6,Yes,1,1,1,Month-to-month,7593-JNWRU,Yes,No,Male,1,260.8,0-12,6,No,No,No,0,Yes,Bank transfer (automatic),Yes,Yes,No,No,No,44.6,DSL,44.6
46.3,1,Yes,1,1,1,Month-to-month,7593-XFKDI,No,No,Male,1,46.3,0-12,1,No,No,No,0,Yes,Mailed check,No,No,No,No,No,46.3,DSL,46.3
79.6,1,Yes,1,1,1,Month-to-month,7594-RQHXR,Yes,No,Female,1,79.6,0-12,1,No,No,Yes,0,Yes,Electronic check,No,Yes,No,No,No,79.6,Fiber optic,79.6
75.8,1,Yes,1,1,1,Month-to-month,7595-EUIVN,No,No,Female,1,75.8,0-12,1,No,No,No,0,Yes,Electronic check,No,No,No,Yes,No,75.8,Fiber optic,75.8
76.4,2,Yes,1,1,1,Month-to-month,7598-UAASY,No,Yes,Male,1,151.8,0-12,2,No,No,No,0,Yes,Electronic check,Yes,No,No,No,No,76.4,Fiber optic,76.4
106.15,42,Yes,1,1,1,Month-to-month,7599-FKVXZ,No,Yes,Male,1,4512.7,37-48,42,Yes,Yes,Yes,0,Yes,Bank transfer (automatic),Yes,Yes,No,No,Yes,106.15,Fiber optic,106.15
73.75,12,Yes,1,1,1,Month-to-month,7603-USHJS,Yes,No,Male,1,871.4,0-12,12,No,No,No,0,Yes,Credit card (automatic),No,Yes,No,No,Yes,73.75,Fiber optic,73.75
84.45,12,Yes,1,1,1,Month-to-month,7613-LLQFO,No,No,Male,1,1059.55,0-12,12,No,Yes,No,0,Yes,Electronic check,No,Yes,No,No,Yes,84.45,Fiber optic,84.45
44.6,2,Yes,1,1,1,Month-to-month,7615-ESMYF,No,No,Female,1,97.1,0-12,2,No,Yes,Yes,0,No,Electronic check,Yes,No,No,No,No phone service,44.6,DSL,44.6
54.75,24,Yes,1,1,1,Month-to-month,7619-ODSGN,Yes,No,Male,1,1338.15,13-24,24,No,No,No,0,Yes,Electronic check,Yes,No,Yes,No,Yes,54.75,DSL,54.75
49.9,1,Yes,1,1,1,Month-to-month,7623-TRNQN,Yes,No,Male,1,49.9,0-12,1,Yes,No,No,0,Yes,Mailed check,No,Yes,No,No,No,49.9,DSL,49.9
76.5,11,Yes,1,1,1,Month-to-month,7625-XCQRH,No,No,Female,1,837.95,0-12,11,No,No,No,0,Yes,Electronic check,No,Yes,No,No,Yes,76.5,Fiber optic,76.5
78.95,37,Yes,1,1,1,Month-to-month,7627-JKIAZ,No,Yes,Female,1,2839.65,37-48,37,No,No,No,0,Yes,Credit card (automatic),Yes,Yes,No,No,Yes,78.95,Fiber optic,78.95
79,7,Yes,1,1,1,Month-to-month,7638-QVMVY,No,No,Female,1,522.95,0-12,7,No,Yes,No,0,Yes,Electronic check,No,Yes,No,No,No,79,Fiber optic,79
48.8,22,Yes,1,1,1,Month-to-month,7639-SUPCW,No,No,Female,1,1054.6,13-24,22,No,No,No,0,Yes,Credit card (automatic),No,Yes,Yes,No,No,48.8,DSL,48.8
100.7,46,Yes,1,1,1,Month-to-month,7641-EUYET,Yes,Yes,Male,1,4541.2,37-48,46,No,Yes,No,1,Yes,Electronic check,Yes,Yes,Yes,Yes,Yes,100.7,Fiber optic,100.7
69.2,1,Yes,1,1,1,Month-to-month,7660-HDPJV,No,No,Female,1,69.2,0-12,1,No,No,No,0,Yes,Electronic check,No,Yes,No,No,No,69.2,Fiber optic,69.2
44.15,1,Yes,1,1,1,Month-to-month,7663-RGWBC,No,No,Male,1,44.15,0-12,1,No,No,No,0,Yes,Mailed check,No,Yes,No,No,No,44.15,DSL,44.15
69.6,1,Yes,1,1,1,Month-to-month,7665-TOALD,No,No,Female,1,69.6,0-12,1,No,No,No,0,Yes,Electronic check,No,Yes,No,No,No,69.6,Fiber optic,69.6
45,3,Yes,1,1,1,Month-to-month,7675-OZCZG,No,No,Female,1,127.1,0-12,3,No,No,No,1,Yes,Electronic check,No,No,No,No,No,45,DSL,45
65.45,14,Yes,1,1,1,Month-to-month,7683-CBDKJ,Yes,No,Male,1,937.6,13-24,14,No,Yes,No,0,Yes,Electronic check,Yes,Yes,Yes,Yes,No,65.45,DSL,65.45
80.15,5,Yes,1,1,1,Month-to-month,7693-LCKZL,Yes,No,Male,1,385,0-12,5,No,No,No,0,Yes,Electronic check,Yes,Yes,No,Yes,Yes,80.15,Fiber optic,80.15
81,23,Yes,1,1,1,Month-to-month,7703-ZEKEF,No,Yes,Male,1,1917.1,13-24,23,No,No,No,0,Yes,Electronic check,No,Yes,No,No,Yes,81,Fiber optic,81
41.05,59,Yes,1,1,1,Month-to-month,7721-JXEAW,No,No,Male,1,2452.7,49-60,59,No,No,Yes,0,No,Bank transfer (automatic),Yes,Yes,No,Yes,No phone service,41.05,DSL,41.05
75.2,43,Yes,1,1,1,Month-to-month,7730-IUTDZ,No,No,Male,1,3198.6,37-48,43,No,No,No,0,Yes,Electronic check,No,Yes,Yes,No,No,75.2,Fiber optic,75.2
40.1,1,Yes,1,1,1,Month-to-month,7734-DBOAI,Yes,No,Female,1,40.1,0-12,1,Yes,Yes,No,0,No,Electronic check,Yes,No,No,No,No phone service,40.1,DSL,40.1
91.05,32,Yes,1,1,1,Month-to-month,7739-LAXOG,Yes,Yes,Female,1,2954.5,25-36,32,No,No,Yes,0,Yes,Bank transfer (automatic),Yes,Yes,No,No,Yes,91.05,Fiber optic,91.05
51.05,8,Yes,1,1,1,Month-to-month,7743-EXURX,Yes,Yes,Male,1,415.05,0-12,8,No,No,No,0,Yes,Electronic check,Yes,Yes,No,No,No,51.05,DSL,51.05
105.9,60,Yes,1,1,1,Month-to-month,7752-XUSCI,No,Yes,Female,1,6396.45,49-60,60,No,Yes,Yes,0,Yes,Electronic check,No,Yes,No,Yes,Yes,105.9,Fiber optic,105.9
29.7,15,Yes,1,1,1,Month-to-month,7758-XKCBS,No,No,Male,1,438.25,13-24,15,Yes,No,No,0,No,Electronic check,No,Yes,No,No,No phone service,29.7,DSL,29.7
80.65,2,Yes,1,1,1,Month-to-month,7760-OYPDY,No,No,Female,1,144.15,0-12,2,No,Yes,No,0,Yes,Electronic check,No,Yes,No,No,No,80.65,Fiber optic,80.65
50.45,1,Yes,1,1,1,Month-to-month,7767-UXAGJ,No,No,Male,1,50.45,0-12,1,No,No,No,0,Yes,Electronic check,No,Yes,No,No,Yes,50.45,DSL,50.45
50.4,30,Yes,1,1,1,Month-to-month,7776-QWNFX,No,No,Male,1,1527.5,25-36,30,No,No,No,1,Yes,Bank transfer (automatic),Yes,Yes,No,Yes,No,50.4,DSL,50.4
86.65,10,Yes,1,1,1,Month-to-month,7779-LGOVN,No,No,Male,1,856.65,0-12,10,No,No,Yes,1,Yes,Electronic check,Yes,Yes,No,No,Yes,86.65,Fiber optic,86.65
99.4,18,Yes,1,1,1,Month-to-month,7780-OTDSO,No,No,Male,1,1742.95,13-24,18,No,Yes,Yes,0,Yes,Electronic check,Yes,Yes,Yes,No,Yes,99.4,Fiber optic,99.4
99.7,12,Yes,1,1,1,Month-to-month,7783-YKGDV,No,Yes,Female,1,1238.45,0-12,12,No,No,Yes,0,Yes,Bank transfer (automatic),No,Yes,Yes,Yes,Yes,99.7,Fiber optic,99.7
77.95,4,Yes,1,1,1,Month-to-month,7786-WBJYI,No,No,Female,1,305.55,0-12,4,No,No,No,0,Yes,Bank transfer (automatic),No,No,No,Yes,Yes,77.95,Fiber optic,77.95
24.95,5,Yes,1,1,1,Month-to-month,7802-EFKNY,No,No,Male,1,100.4,0-12,5,No,No,No,0,No,Electronic check,Yes,Yes,No,No,No phone service,24.95,DSL,24.95
24.1,17,Yes,1,1,1,Month-to-month,7812-FZHPE,Yes,No,Female,1,409.9,13-24,17,No,No,No,0,Yes,Mailed check,Yes,No,No,No,Yes,24.1,No,24.1
75.55,2,Yes,1,1,1,Month-to-month,7817-BOQPW,No,No,Female,1,166.3,0-12,2,No,No,No,0,Yes,Electronic check,No,Yes,No,No,Yes,75.55,Fiber optic,75.55
106.6,19,Yes,1,1,1,Month-to-month,7825-ECJRF,No,Yes,Female,1,1934.45,13-24,19,Yes,Yes,Yes,0,Yes,Electronic check,No,Yes,Yes,No,No,106.6,Fiber optic,106.6
45.8,1,Yes,1,1,1,Month-to-month,7825-GKXMW,No,No,Female,1,45.8,0-12,1,No,No,No,0,Yes,Electronic check,No,No,No,No,No,45.8,DSL,45.8
85.2,18,Yes,1,1,1,Month-to-month,7831-QGOXH,No,No,Female,1,1553.9,13-24,18,No,Yes,No,0,Yes,Electronic check,No,Yes,No,No,Yes,85.2,Fiber optic,85.2
20.2,1,Yes,1,1,1,Month-to-month,7839-QRKXN,No,No,Female,1,20.2,0-12,1,No,No,No,0,Yes,Mailed check,No,Yes,No,No,No,20.2,No,20.2
46,2,Yes,1,1,1,Month-to-month,7841-TZDMQ,No,No,Male,1,84.5,0-12,2,No,No,No,0,Yes,Credit card (automatic),No,Yes,No,No,No,46,DSL,46
20.15,8,Yes,1,1,1,Month-to-month,7845-URHJN,No,No,Female,1,156.25,0-12,8,No,No,No,0,Yes,Bank transfer (automatic),Yes,No,No,No,No,20.15,No,20.15
44.65,1,Yes,1,1,1,Month-to-month,7851-FLGGQ,No,No,Male,1,44.65,0-12,1,Yes,No,Yes,0,No,Mailed check,No,Yes,No,Yes,No phone service,44.65,DSL,44.65
95.15,2,Yes,1,1,1,Month-to-month,7851-WZEKY,No,No,Female,1,196.9,0-12,2,No,Yes,Yes,0,Yes,Electronic check,No,Yes,No,No,Yes,95.15,Fiber optic,95.15
20.15,1,Yes,1,1,1,Month-to-month,7853-GVUDZ,Yes,No,Female,1,20.15,0-12,1,No,No,No,0,Yes,Credit card (automatic),Yes,Yes,No,No,No,20.15,No,20.15
59,22,Yes,1,1,1,Month-to-month,7854-EDSSA,No,No,Male,1,1254.7,13-24,22,No,No,No,0,Yes,Electronic check,No,No,Yes,Yes,Yes,59,DSL,59
19.6,2,Yes,1,1,1,Month-to-month,7854-EKTJL,Yes,No,Female,1,35.85,0-12,2,No,No,No,0,Yes,Electronic check,No,Yes,No,No,No,19.6,No,19.6
35.9,1,Yes,1,1,1,Month-to-month,7854-FOKSF,No,No,Male,1,35.9,0-12,1,No,No,Yes,0,No,Electronic check,No,No,No,No,No phone service,35.9,DSL,35.9
84.3,15,Yes,1,1,1,Month-to-month,7861-UVUFT,No,Yes,Female,1,1308.4,13-24,15,No,Yes,No,0,Yes,Electronic check,Yes,Yes,No,No,No,84.3,Fiber optic,84.3
42.6,2,Yes,1,1,1,Month-to-month,7881-EVUAD,No,No,Female,1,72.4,0-12,2,No,No,Yes,0,No,Electronic check,No,Yes,Yes,Yes,No phone service,42.6,DSL,42.6
100.85,45,Yes,1,1,1,Month-to-month,7881-INRLC,No,No,Male,1,4740,37-48,45,No,Yes,Yes,0,Yes,Credit card (automatic),No,Yes,No,Yes,Yes,100.85,Fiber optic,100.85
36.45,3,Yes,1,1,1,Month-to-month,7890-VYYWG,No,No,Male,1,93.7,0-12,3,No,Yes,No,1,No,Mailed check,Yes,Yes,No,No,No phone service,36.45,DSL,36.45
104.8,28,Yes,1,1,1,Month-to-month,7892-POOKP,No,Yes,Female,1,3046.05,25-36,28,Yes,Yes,Yes,0,Yes,Electronic check,Yes,Yes,No,No,Yes,104.8,Fiber optic,104.8
20.55,1,Yes,1,1,1,Month-to-month,7893-IXHRQ,No,No,Male,1,20.55,0-12,1,No,No,No,0,Yes,Electronic check,No,No,No,No,No,20.55,No,20.55
80.3,1,Yes,1,1,1,Month-to-month,7903-CMPEY,No,No,Male,1,80.3,0-12,1,No,No,No,1,Yes,Electronic check,Yes,Yes,Yes,No,Yes,80.3,Fiber optic,80.3
69.4,1,Yes,1,1,1,Month-to-month,7908-QCBCA,No,No,Female,1,69.4,0-12,1,No,No,No,0,Yes,Mailed check,Yes,Yes,No,No,No,69.4,Fiber optic,69.4
75.1,7,Yes,1,1,1,Month-to-month,7912-SYRQT,No,No,Female,1,552.95,0-12,7,No,No,No,0,Yes,Bank transfer (automatic),No,Yes,No,No,Yes,75.1,Fiber optic,75.1
85.15,30,Yes,1,1,1,Month-to-month,7927-AUXBZ,No,No,Female,1,2555.9,25-36,30,Yes,Yes,No,0,Yes,Electronic check,No,No,No,No,No,85.15,Fiber optic,85.15
24.8,1,Yes,1,1,1,Month-to-month,7932-WPTDS,No,No,Female,1,24.8,0-12,1,No,No,No,1,No,Electronic check,Yes,Yes,No,No,No phone service,24.8,DSL,24.8
98.7,3,Yes,1,1,1,Month-to-month,7938-OUHIO,No,Yes,Male,1,293.65,0-12,3,Yes,Yes,Yes,0,Yes,Electronic check,No,Yes,No,No,No,98.7,Fiber optic,98.7
94.75,9,Yes,1,1,1,Month-to-month,7943-RQCHR,No,No,Female,1,889.9,0-12,9,No,Yes,Yes,0,Yes,Electronic check,No,Yes,No,No,Yes,94.75,Fiber optic,94.75
79.2,40,Yes,1,1,1,Month-to-month,7957-RYHQD,No,No,Female,1,3233.85,37-48,40,No,No,No,1,Yes,Credit card (automatic),No,Yes,Yes,Yes,No,79.2,Fiber optic,79.2
44.3,3,Yes,1,1,1,Month-to-month,7963-GQRMY,Yes,No,Female,1,134.5,0-12,3,No,No,No,0,Yes,Mailed check,Yes,No,No,No,No,44.3,DSL,44.3
97.35,21,Yes,1,1,1,Month-to-month,7969-AULMZ,No,No,Female,1,2119.5,13-24,21,No,Yes,Yes,0,Yes,Electronic check,No,Yes,No,No,Yes,97.35,Fiber optic,97.35
90.55,24,Yes,1,1,1,Month-to-month,7979-CORPM,No,No,Male,1,2282.55,13-24,24,No,Yes,No,0,Yes,Credit card (automatic),No,Yes,No,Yes,Yes,90.55,Fiber optic,90.55
19.6,1,Yes,1,1,1,Month-to-month,7989-CHGTL,No,No,Male,1,19.6,0-12,1,No,No,No,0,Yes,Mailed check,No,Yes,No,No,No,19.6,No,19.6
75,8,Yes,1,1,1,Month-to-month,7993-PYKOF,No,No,Male,1,632.95,0-12,8,No,No,No,0,Yes,Electronic check,Yes,No,Yes,No,No,75,Fiber optic,75
69.95,1,Yes,1,1,1,Month-to-month,8000-REIQB,No,No,Female,1,69.95,0-12,1,No,No,No,1,Yes,Electronic check,No,Yes,No,No,No,69.95,Fiber optic,69.95
50.75,14,Yes,1,1,1,Month-to-month,8008-HAWED,No,Yes,Male,1,712.75,13-24,14,No,Yes,Yes,0,No,Electronic check,No,Yes,No,No,No phone service,50.75,DSL,50.75
80.2,15,Yes,1,1,1,Month-to-month,8010-EZLOU,No,No,Male,1,1217.25,13-24,15,No,No,No,1,Yes,Electronic check,No,Yes,No,Yes,Yes,80.2,Fiber optic,80.2
94.75,23,Yes,1,1,1,Month-to-month,8017-LXHFA,No,No,Female,1,2293.6,13-24,23,No,Yes,Yes,1,Yes,Electronic check,No,Yes,No,Yes,No,94.75,Fiber optic,94.75
99.45,42,Yes,1,1,1,Month-to-month,8019-ENHXU,No,Yes,Male,1,4138.05,37-48,42,Yes,No,Yes,0,Yes,Electronic check,Yes,Yes,No,Yes,Yes,99.45,Fiber optic,99.45
75.3,15,Yes,1,1,1,Month-to-month,8020-BWHYL,No,No,Female,1,1147.45,13-24,15,No,No,No,1,Yes,Credit card (automatic),No,Yes,No,Yes,No,75.3,Fiber optic,75.3
71.35,1,Yes,1,1,1,Month-to-month,8042-JVNFH,No,No,Male,1,71.35,0-12,1,No,No,No,0,Yes,Mailed check,No,Yes,No,No,No,71.35,Fiber optic,71.35
70.55,1,Yes,1,1,1,Month-to-month,8051-HJRLT,No,No,Female,1,70.55,0-12,1,No,No,No,1,Yes,Electronic check,No,Yes,No,No,No,70.55,Fiber optic,70.55
19.5,6,Yes,1,1,1,Month-to-month,8053-WWDRO,No,No,Female,1,146.3,0-12,6,No,No,No,0,Yes,Bank transfer (automatic),Yes,No,No,No,No,19.5,No,19.5
79.65,1,Yes,1,1,1,Month-to-month,8058-INTPH,No,No,Female,1,79.65,0-12,1,No,Yes,No,0,Yes,Electronic check,No,Yes,No,No,No,79.65,Fiber optic,79.65
84.45,9,Yes,1,1,1,Month-to-month,8058-JMEQO,No,No,Female,1,762.5,0-12,9,No,No,Yes,1,Yes,Electronic check,No,Yes,No,No,Yes,84.45,Fiber optic,84.45
69.65,1,Yes,1,1,1,Month-to-month,8062-YBDOE,No,No,Male,1,69.65,0-12,1,No,No,No,1,Yes,Electronic check,No,Yes,No,No,No,69.65,Fiber optic,69.65
85.25,27,Yes,1,1,1,Month-to-month,8063-GBATB,No,No,Female,1,2287.25,25-36,27,No,No,Yes,1,Yes,Electronic check,No,Yes,No,No,Yes,85.25,Fiber optic,85.25
94.25,16,Yes,1,1,1,Month-to-month,8063-RJYNF,No,No,Male,1,1483.25,13-24,16,No,Yes,Yes,0,Yes,Electronic check,No,Yes,Yes,No,No,94.25,Fiber optic,94.25
74.75,10,Yes,1,1,1,Month-to-month,8065-YKXKD,No,No,Female,1,799.65,0-12,10,No,No,No,0,Yes,Electronic check,No,Yes,No,No,Yes,74.75,Fiber optic,74.75
35.1,13,Yes,1,1,1,Month-to-month,8066-POXGX,No,No,Female,1,446.1,13-24,13,No,No,Yes,0,No,Electronic check,No,Yes,No,No,No phone service,35.1,DSL,35.1
20.3,1,Yes,1,1,1,Month-to-month,8073-IJDCM,No,No,Female,1,20.3,0-12,1,No,No,No,0,Yes,Mailed check,No,Yes,No,No,No,20.3,No,20.3
45.1,1,Yes,1,1,1,Month-to-month,8080-DDEMJ,No,No,Male,1,45.1,0-12,1,No,No,No,1,Yes,Electronic check,No,No,No,No,No,45.1,DSL,45.1
74.35,4,Yes,1,1,1,Month-to-month,8083-YTZES,No,No,Male,1,265.35,0-12,4,No,No,No,0,Yes,Electronic check,No,Yes,No,No,Yes,74.35,Fiber optic,74.35
80.2,2,Yes,1,1,1,Month-to-month,8086-OVPWV,No,No,Male,1,181.1,0-12,2,No,No,Yes,0,Yes,Electronic check,No,Yes,No,No,No,80.2,Fiber optic,80.2
95.45,4,Yes,1,1,1,Month-to-month,8098-LLAZX,No,No,Female,1,396.1,0-12,4,No,Yes,Yes,1,Yes,Electronic check,No,Yes,No,No,Yes,95.45,Fiber optic,95.45
72.2,4,Yes,1,1,1,Month-to-month,8111-RKSPX,No,No,Male,1,305.55,0-12,4,No,No,No,0,Yes,Bank transfer (automatic),No,Yes,No,No,Yes,72.2,Fiber optic,72.2
105.65,39,Yes,1,1,1,Month-to-month,8111-SLLHI,No,Yes,Male,1,4284.8,37-48,39,No,Yes,Yes,1,Yes,Electronic check,Yes,Yes,No,Yes,Yes,105.65,Fiber optic,105.65
106.4,23,Yes,1,1,1,Month-to-month,8118-LSUEL,No,Yes,Male,1,2483.5,13-24,23,No,Yes,Yes,1,Yes,Electronic check,No,Yes,No,Yes,Yes,106.4,Fiber optic,106.4
79.65,7,Yes,1,1,1,Month-to-month,8128-YVJRG,No,No,Female,1,604.7,0-12,7,No,No,No,0,Yes,Mailed check,No,Yes,Yes,No,Yes,79.65,Fiber optic,79.65
93.85,1,Yes,1,1,1,Month-to-month,8149-RSOUN,No,No,Female,1,93.85,0-12,1,No,Yes,Yes,0,Yes,Electronic check,No,Yes,No,No,Yes,93.85,Fiber optic,93.85
75.4,24,Yes,1,1,1,Month-to-month,8155-IBNHG,No,No,Female,1,1747.85,13-24,24,No,No,No,0,Yes,Credit card (automatic),Yes,Yes,No,No,Yes,75.4,Fiber optic,75.4
97.85,11,Yes,1,1,1,Month-to-month,8168-UQWWF,No,Yes,Female,1,1105.4,0-12,11,No,Yes,Yes,0,Yes,Bank transfer (automatic),No,Yes,No,No,Yes,97.85,Fiber optic,97.85
93.7,46,Yes,1,1,1,Month-to-month,8178-EYZUO,No,No,Male,1,4154.8,37-48,46,No,No,Yes,0,Yes,Electronic check,No,Yes,Yes,Yes,Yes,93.7,Fiber optic,93.7
89.95,28,Yes,1,1,1,Month-to-month,8182-BJDSI,No,No,Female,1,2625.55,25-36,28,No,No,Yes,0,Yes,Electronic check,No,Yes,No,Yes,Yes,89.95,Fiber optic,89.95
50.25,12,Yes,1,1,1,Month-to-month,8182-PNAGI,No,No,Male,1,593.75,0-12,12,Yes,No,No,0,Yes,Bank transfer (automatic),No,No,No,No,No,50.25,DSL,50.25
80.75,2,Yes,1,1,1,Month-to-month,8183-ONMXC,No,No,Female,1,159.45,0-12,2,No,No,Yes,0,Yes,Electronic check,No,No,No,No,No,80.75,Fiber optic,80.75
75.5,6,Yes,1,1,1,Month-to-month,8185-UPYBR,No,No,Male,1,438,0-12,6,No,No,No,0,Yes,Electronic check,Yes,Yes,No,No,Yes,75.5,Fiber optic,75.5
79.25,10,Yes,1,1,1,Month-to-month,8225-BTJAU,No,No,Male,1,793.55,0-12,10,No,No,Yes,1,Yes,Electronic check,No,Yes,No,No,No,79.25,Fiber optic,79.25
45.3,4,Yes,1,1,1,Month-to-month,8229-TNIQA,No,No,Female,1,196.95,0-12,4,No,No,No,0,Yes,Mailed check,No,Yes,No,No,No,45.3,DSL,45.3
96.4,16,Yes,1,1,1,Month-to-month,8245-UMPYT,No,No,Female,1,1581.2,13-24,16,No,Yes,Yes,1,Yes,Electronic check,No,Yes,No,No,Yes,96.4,Fiber optic,96.4
64.7,14,Yes,1,1,1,Month-to-month,8257-RZAHR,No,No,Female,1,941,13-24,14,No,Yes,No,0,Yes,Bank transfer (automatic),Yes,Yes,Yes,No,Yes,64.7,DSL,64.7
77,3,Yes,1,1,1,Month-to-month,8258-GSTJK,No,No,Male,1,237.75,0-12,3,No,No,No,1,Yes,Electronic check,No,Yes,No,No,Yes,77,Fiber optic,77
25.2,1,Yes,1,1,1,Month-to-month,8260-NGFNY,No,No,Female,1,25.2,0-12,1,No,No,No,0,No,Mailed check,No,No,No,No,No phone service,25.2,DSL,25.2
24.45,2,Yes,1,1,1,Month-to-month,8263-JQAIK,No,No,Male,1,47.5,0-12,2,No,No,No,1,No,Mailed check,No,Yes,No,No,No phone service,24.45,DSL,24.45
97.8,51,Yes,1,1,1,Month-to-month,8276-MQBYC,No,Yes,Male,1,4913.3,49-60,51,No,Yes,Yes,1,Yes,Electronic check,No,Yes,No,No,Yes,97.8,Fiber optic,97.8
50.45,1,Yes,1,1,1,Month-to-month,8280-MQRQN,No,Yes,Female,1,50.45,0-12,1,No,No,No,0,Yes,Mailed check,No,Yes,No,No,No,50.45,DSL,50.45
93.2,32,Yes,1,1,1,Month-to-month,8290-YWKHZ,No,No,Female,1,2931,25-36,32,No,Yes,Yes,1,Yes,Electronic check,Yes,Yes,No,No,Yes,93.2,Fiber optic,93.2
55,19,Yes,1,1,1,Month-to-month,8292-TYSPY,No,Yes,Male,1,1046.5,13-24,19,Yes,No,No,0,Yes,Credit card (automatic),No,Yes,No,No,No,55,DSL,55
20.2,1,Yes,1,1,1,Month-to-month,8305-VHZBZ,No,No,Male,1,20.2,0-12,1,No,No,No,0,Yes,Mailed check,No,Yes,No,No,No,20.2,No,20.2
19.65,1,Yes,1,1,1,Month-to-month,8329-IBCTI,No,No,Female,1,19.65,0-12,1,No,No,No,0,Yes,Mailed check,No,No,No,No,No,19.65,No,19.65
86.3,14,Yes,1,1,1,Month-to-month,8337-MSSXB,No,No,Female,1,1180.95,13-24,14,No,No,Yes,0,Yes,Electronic check,No,Yes,No,Yes,No,86.3,Fiber optic,86.3
89.8,10,Yes,1,1,1,Month-to-month,8337-UPOAQ,No,Yes,Male,1,914.3,0-12,10,No,No,Yes,1,Yes,Electronic check,Yes,Yes,No,No,Yes,89.8,Fiber optic,89.8
49.25,2,Yes,1,1,1,Month-to-month,8348-HFYIV,No,Yes,Male,1,90.35,0-12,2,No,Yes,Yes,0,No,Electronic check,No,Yes,No,No,No phone service,49.25,DSL,49.25
95.35,7,Yes,1,1,1,Month-to-month,8357-EQXFO,No,Yes,Female,1,660.9,0-12,7,No,Yes,Yes,0,Yes,Electronic check,No,Yes,No,No,No,95.35,Fiber optic,95.35
74.4,4,Yes,1,1,1,Month-to-month,8361-LTMKD,No,No,Male,1,306.6,0-12,4,No,No,No,1,Yes,Mailed check,Yes,Yes,No,No,Yes,74.4,Fiber optic,74.4
50.65,3,Yes,1,1,1,Month-to-month,8364-TRMMK,No,No,Female,1,151.3,0-12,3,No,No,No,0,Yes,Mailed check,No,Yes,No,No,Yes,50.65,DSL,50.65
74.35,1,Yes,1,1,1,Month-to-month,8372-JUXUI,Yes,No,Male,1,74.35,0-12,1,No,No,No,0,Yes,Electronic check,No,Yes,No,No,Yes,74.35,Fiber optic,74.35
101,43,Yes,1,1,1,Month-to-month,8374-XGEJJ,No,No,Male,1,4388.4,37-48,43,No,Yes,Yes,1,Yes,Electronic check,Yes,Yes,No,Yes,Yes,101,Fiber optic,101
69.6,1,Yes,1,1,1,Month-to-month,8375-DKEBR,No,No,Female,1,69.6,0-12,1,No,No,No,1,Yes,Electronic check,No,Yes,No,No,No,69.6,Fiber optic,69.6
71.65,1,Yes,1,1,1,Month-to-month,8380-PEFPE,Yes,No,Male,1,71.65,0-12,1,No,No,No,0,Yes,Electronic check,No,Yes,No,No,No,71.65,Fiber optic,71.65
84.9,8,Yes,1,1,1,Month-to-month,8382-SHQEH,No,No,Female,1,764.95,0-12,8,No,No,Yes,0,Yes,Electronic check,Yes,Yes,No,No,Yes,84.9,Fiber optic,84.9
77.95,42,Yes,1,1,1,Month-to-month,8387-MOJJT,Yes,No,Female,1,3384,37-48,42,No,Yes,No,0,Yes,Credit card (automatic),Yes,Yes,No,No,No,77.95,Fiber optic,77.95
95.9,25,Yes,1,1,1,Month-to-month,8393-DLHGA,Yes,No,Male,1,2448.75,25-36,25,No,Yes,Yes,0,Yes,Electronic check,No,Yes,No,Yes,No,95.9,Fiber optic,95.9
100.05,34,Yes,1,1,1,Month-to-month,8397-MVTAZ,No,Yes,Male,1,3480,25-36,34,No,Yes,Yes,0,Yes,Electronic check,Yes,Yes,No,No,Yes,100.05,Fiber optic,100.05
60.05,21,Yes,1,1,1,Month-to-month,8399-YNDCH,No,Yes,Male,1,1236.15,13-24,21,No,Yes,No,1,Yes,Bank transfer (automatic),No,Yes,No,No,No,60.05,DSL,60.05
95.65,2,Yes,1,1,1,Month-to-month,8413-VONUO,No,No,Male,1,167.3,0-12,2,No,Yes,Yes,0,Yes,Electronic check,No,No,No,Yes,No,95.65,Fiber optic,95.65
91.4,5,Yes,1,1,1,Month-to-month,8414-MYSHR,No,No,Male,1,449.75,0-12,5,No,Yes,Yes,1,Yes,Electronic check,No,Yes,No,No,No,91.4,Fiber optic,91.4
83.55,6,Yes,1,1,1,Month-to-month,8417-FMLZI,Yes,No,Male,1,477.55,0-12,6,No,No,Yes,0,Yes,Credit card (automatic),Yes,Yes,No,Yes,No,83.55,Fiber optic,83.55
101.35,22,Yes,1,1,1,Month-to-month,8429-XIBUM,No,No,Male,1,2317.1,13-24,22,No,Yes,Yes,0,Yes,Bank transfer (automatic),No,Yes,Yes,No,Yes,101.35,Fiber optic,101.35
75.7,2,Yes,1,1,1,Month-to-month,8433-WXGNA,No,No,Male,1,189.2,0-12,2,No,No,No,0,Yes,Electronic check,No,Yes,Yes,No,No,75.7,Fiber optic,75.7
83.75,26,Yes,1,1,1,Month-to-month,8436-BJUMM,Yes,No,Male,1,2070.6,25-36,26,No,Yes,No,0,Yes,Electronic check,Yes,Yes,No,No,Yes,83.75,Fiber optic,83.75
99.85,10,Yes,1,1,1,Month-to-month,8443-WVPSS,No,No,Male,1,990.9,0-12,10,Yes,Yes,Yes,0,Yes,Electronic check,Yes,Yes,No,Yes,No,99.85,Fiber optic,99.85
76.05,4,Yes,1,1,1,Month-to-month,8443-ZRDBZ,No,No,Male,1,318.9,0-12,4,No,No,No,0,Yes,Electronic check,No,Yes,No,No,Yes,76.05,Fiber optic,76.05
80.45,66,Yes,1,1,1,Month-to-month,8444-WRIDW,No,No,Female,1,5224.35,61+,66,No,No,No,1,Yes,Credit card (automatic),No,Yes,No,Yes,Yes,80.45,Fiber optic,80.45
56.7,2,Yes,1,1,1,Month-to-month,8450-JOVAH,Yes,No,Male,1,113.55,0-12,2,No,No,No,0,Yes,Mailed check,Yes,No,Yes,No,Yes,56.7,DSL,56.7
73.65,1,Yes,1,1,1,Month-to-month,8473-VUVJN,No,No,Male,1,73.65,0-12,1,No,No,No,1,Yes,Electronic check,No,Yes,No,No,Yes,73.65,Fiber optic,73.65
89.35,5,Yes,1,1,1,Month-to-month,8481-YYXWG,No,No,Female,1,461.7,0-12,5,Yes,No,Yes,0,Yes,Electronic check,No,Yes,No,Yes,No,89.35,Fiber optic,89.35
69.05,5,Yes,1,1,1,Month-to-month,8485-GJCDN,No,No,Female,1,318.5,0-12,5,No,No,No,1,Yes,Mailed check,No,Yes,No,No,No,69.05,Fiber optic,69.05
73.85,19,Yes,1,1,1,Month-to-month,8496-EJAUI,No,No,Male,1,1424.5,13-24,19,No,No,No,0,Yes,Credit card (automatic),No,Yes,No,Yes,No,73.85,Fiber optic,73.85
100.8,13,Yes,1,1,1,Month-to-month,8510-AWCXC,No,No,Female,1,1308.1,13-24,13,No,Yes,Yes,1,Yes,Electronic check,No,Yes,Yes,No,Yes,100.8,Fiber optic,100.8
85.6,15,Yes,1,1,1,Month-to-month,8519-IMDHU,No,No,Male,1,1345.55,13-24,15,No,No,Yes,1,Yes,Bank transfer (automatic),Yes,Yes,No,No,Yes,85.6,Fiber optic,85.6
75.35,14,Yes,1,1,1,Month-to-month,8519-QJGJD,No,Yes,Female,1,1025.95,13-24,14,No,No,No,0,Yes,Electronic check,No,No,No,No,No,75.35,Fiber optic,75.35
89.85,24,Yes,1,1,1,Month-to-month,8565-CLBZW,No,Yes,Male,1,2165.05,13-24,24,No,Yes,No,0,Yes,Mailed check,No,Yes,No,No,Yes,89.85,Fiber optic,89.85
79.1,1,Yes,1,1,1,Month-to-month,8580-AECUZ,No,No,Male,1,79.1,0-12,1,No,Yes,No,1,Yes,Electronic check,No,Yes,No,No,No,79.1,Fiber optic,79.1
85.3,3,Yes,1,1,1,Month-to-month,8593-WHYHV,No,No,Male,1,264.8,0-12,3,No,No,Yes,0,Yes,Electronic check,No,Yes,No,No,Yes,85.3,Fiber optic,85.3
50.6,5,Yes,1,1,1,Month-to-month,8601-QACRS,No,No,Female,1,249.95,0-12,5,No,No,No,0,Yes,Mailed check,No,Yes,No,No,Yes,50.6,DSL,50.6
86.6,1,Yes,1,1,1,Month-to-month,8603-IJWDN,No,No,Male,1,86.6,0-12,1,No,No,Yes,0,Yes,Electronic check,No,Yes,No,No,Yes,86.6,Fiber optic,86.6
95.6,49,Yes,1,1,1,Month-to-month,8610-WFCJF,Yes,No,Female,1,4783.5,49-60,49,No,Yes,Yes,0,Yes,Electronic check,Yes,Yes,No,No,Yes,95.6,Fiber optic,95.6
49.1,15,Yes,1,1,1,Month-to-month,8614-VGMMV,No,No,Female,1,679.55,13-24,15,No,No,No,0,Yes,Electronic check,No,Yes,No,No,Yes,49.1,DSL,49.1
94.25,34,Yes,1,1,1,Month-to-month,8621-MNIHH,No,Yes,Female,1,3217.55,25-36,34,No,No,Yes,1,Yes,Electronic check,Yes,Yes,No,Yes,Yes,94.25,Fiber optic,94.25
84.2,51,Yes,1,1,1,Month-to-month,8623-TMRBY,Yes,Yes,Male,1,4146.05,49-60,51,No,No,No,1,Yes,Electronic check,Yes,Yes,No,Yes,Yes,84.2,Fiber optic,84.2
59.75,49,Yes,1,1,1,Month-to-month,8624-GIOUT,No,No,Female,1,2934.3,49-60,49,No,No,No,0,Yes,Credit card (automatic),No,Yes,Yes,Yes,Yes,59.75,DSL,59.75
104.65,24,Yes,1,1,1,Month-to-month,8625-AZYZY,No,Yes,Male,1,2542.45,13-24,24,No,Yes,Yes,0,Yes,Electronic check,Yes,Yes,No,Yes,Yes,104.65,Fiber optic,104.65
100.05,47,Yes,1,1,1,Month-to-month,8634-MPHTR,No,Yes,Male,1,4871.05,37-48,47,No,Yes,Yes,1,Yes,Electronic check,Yes,Yes,No,No,Yes,100.05,Fiber optic,100.05
78.95,12,Yes,1,1,1,Month-to-month,8637-XJIVR,No,No,Female,1,927.35,0-12,12,No,No,No,0,Yes,Electronic check,No,Yes,Yes,No,Yes,78.95,Fiber optic,78.95
74.4,4,Yes,1,1,1,Month-to-month,8640-SDGKB,No,Yes,Male,1,299.7,0-12,4,Yes,Yes,Yes,0,Yes,Electronic check,No,Yes,No,No,No,74.4,DSL,74.4
79.7,2,Yes,1,1,1,Month-to-month,8642-GVWRF,No,Yes,Female,1,165,0-12,2,No,No,No,0,Yes,Bank transfer (automatic),Yes,No,No,Yes,No,79.7,Fiber optic,79.7
71.65,1,Yes,1,1,1,Month-to-month,8644-XLFBW,No,No,Male,1,71.65,0-12,1,No,No,No,1,Yes,Electronic check,No,Yes,No,No,No,71.65,Fiber optic,71.65
29.65,4,Yes,1,1,1,Month-to-month,8650-RHRKE,No,Yes,Male,1,118.5,0-12,4,No,No,No,0,No,Electronic check,No,Yes,No,No,No phone service,29.65,DSL,29.65
30.2,1,Yes,1,1,1,Month-to-month,8665-UTDHZ,Yes,No,Male,1,30.2,0-12,1,No,No,No,0,No,Electronic check,Yes,No,No,Yes,No phone service,30.2,DSL,30.2
75,3,Yes,1,1,1,Month-to-month,8676-TRMJS,No,No,Male,1,209.1,0-12,3,No,No,No,0,Yes,Mailed check,No,No,No,No,Yes,75,Fiber optic,75
59.4,16,Yes,1,1,1,Month-to-month,8679-JOEVF,No,No,Female,1,1023.9,13-24,16,Yes,Yes,No,1,Yes,Electronic check,No,No,No,No,No,59.4,DSL,59.4
74.4,22,Yes,1,1,1,Month-to-month,8685-WHQPW,No,No,Female,1,1692.6,13-24,22,No,No,No,1,Yes,Bank transfer (automatic),No,Yes,No,No,Yes,74.4,Fiber optic,74.4
76.25,37,Yes,1,1,1,Month-to-month,8696-JKZNU,No,No,Female,1,2841.55,37-48,37,No,No,No,1,Yes,Electronic check,No,Yes,No,No,Yes,76.25,Fiber optic,76.25
74.4,7,Yes,1,1,1,Month-to-month,8699-ASUFO,No,No,Male,1,527.9,0-12,7,No,No,No,1,Yes,Mailed check,Yes,Yes,No,No,Yes,74.4,Fiber optic,74.4
94.2,42,Yes,1,1,1,Month-to-month,8708-XPXHZ,Yes,No,Female,1,4186.3,37-48,42,No,Yes,Yes,0,Yes,Electronic check,Yes,Yes,No,No,Yes,94.2,Fiber optic,94.2
91.15,31,Yes,1,1,1,Month-to-month,8714-EUHJO,Yes,No,Female,1,2995.45,25-36,31,No,No,Yes,0,Yes,Electronic check,Yes,Yes,No,Yes,Yes,91.15,Fiber optic,91.15
31.05,13,Yes,1,1,1,Month-to-month,8718-PTMEZ,No,No,Female,1,347.25,13-24,13,No,No,No,0,No,Electronic check,No,Yes,No,Yes,No phone service,31.05,DSL,31.05
40,5,Yes,1,1,1,Month-to-month,8722-NGNBH,No,Yes,Male,1,223.45,0-12,5,Yes,No,No,0,No,Mailed check,No,No,Yes,No,No phone service,40,DSL,40
89.5,25,Yes,1,1,1,Month-to-month,8739-WWKDU,No,No,Male,1,2196.15,25-36,25,No,Yes,No,1,Yes,Electronic check,No,Yes,No,Yes,Yes,89.5,Fiber optic,89.5
78.95,1,Yes,1,1,1,Month-to-month,8740-CRYFY,No,No,Male,1,78.95,0-12,1,No,Yes,No,0,Yes,Electronic check,No,Yes,No,No,No,78.95,Fiber optic,78.95
43.25,5,Yes,1,1,1,Month-to-month,8740-XLHDR,No,Yes,Male,1,219,0-12,5,Yes,No,No,0,No,Mailed check,No,Yes,Yes,Yes,No phone service,43.25,DSL,43.25
93.8,51,Yes,1,1,1,Month-to-month,8749-JMNKX,No,Yes,Male,1,4750.95,49-60,51,No,Yes,No,1,Yes,Bank transfer (automatic),Yes,Yes,Yes,No,Yes,93.8,Fiber optic,93.8
79,4,Yes,1,1,1,Month-to-month,8752-STIVR,No,No,Female,1,303.15,0-12,4,No,Yes,No,0,Yes,Electronic check,No,Yes,No,No,No,79,Fiber optic,79
100.55,44,Yes,1,1,1,Month-to-month,8761-NSOBC,No,No,Male,1,4398.15,37-48,44,Yes,Yes,Yes,0,Yes,Electronic check,No,No,No,Yes,No,100.55,Fiber optic,100.55
64.7,17,Yes,1,1,1,Month-to-month,8773-HHUOZ,Yes,No,Female,1,1093.1,13-24,17,No,Yes,Yes,0,Yes,Mailed check,No,Yes,No,No,No,64.7,DSL,64.7
44.2,9,Yes,1,1,1,Month-to-month,8775-CEBBJ,No,No,Female,1,403.35,0-12,9,No,No,No,0,Yes,Bank transfer (automatic),No,Yes,No,No,No,44.2,DSL,44.2
90.6,1,Yes,1,1,1,Month-to-month,8775-LHDJH,No,No,Female,1,90.6,0-12,1,No,Yes,No,1,Yes,Electronic check,Yes,Yes,No,Yes,Yes,90.6,Fiber optic,90.6
39.65,1,Yes,1,1,1,Month-to-month,8779-QRDMV,No,Yes,Male,1,39.65,0-12,1,No,No,Yes,1,No,Electronic check,No,Yes,No,No,No phone service,39.65,DSL,39.65
90.1,6,Yes,1,1,1,Month-to-month,8780-IXSTS,No,No,Female,1,521.3,0-12,6,No,Yes,No,0,Yes,Electronic check,No,Yes,No,Yes,Yes,90.1,Fiber optic,90.1
99.85,18,Yes,1,1,1,Month-to-month,8784-CGILN,No,No,Female,1,1776.95,13-24,18,Yes,Yes,Yes,0,Yes,Bank transfer (automatic),No,Yes,No,No,Yes,99.85,Fiber optic,99.85
23.15,11,Yes,1,1,1,Month-to-month,8785-EPNCG,No,No,Male,1,245.2,0-12,11,No,No,No,0,Yes,Credit card (automatic),No,No,No,No,Yes,23.15,No,23.15
83.8,12,Yes,1,1,1,Month-to-month,8802-UNOJF,No,Yes,Male,1,1029.75,0-12,12,Yes,No,No,1,Yes,Mailed check,No,Yes,No,Yes,No,83.8,Fiber optic,83.8
55.15,3,Yes,1,1,1,Month-to-month,8806-EAGWC,No,No,Male,1,159.15,0-12,3,No,Yes,No,0,Yes,Mailed check,No,No,No,No,No,55.15,DSL,55.15
81.25,8,Yes,1,1,1,Month-to-month,8808-ELEHO,No,Yes,Male,1,585.95,0-12,8,No,No,No,1,Yes,Electronic check,No,Yes,No,No,Yes,81.25,Fiber optic,81.25
75.1,1,Yes,1,1,1,Month-to-month,8816-VXNZD,No,No,Female,1,75.1,0-12,1,No,No,No,0,Yes,Electronic check,No,Yes,No,No,Yes,75.1,Fiber optic,75.1
99.55,32,Yes,1,1,1,Month-to-month,8818-XYFCQ,Yes,No,Male,1,3204.65,25-36,32,No,Yes,Yes,0,Yes,Credit card (automatic),Yes,Yes,Yes,No,Yes,99.55,Fiber optic,99.55
80.05,1,Yes,1,1,1,Month-to-month,8821-XNHVZ,Yes,No,Female,1,80.05,0-12,1,No,Yes,No,0,Yes,Mailed check,Yes,Yes,No,No,No,80.05,Fiber optic,80.05
56.15,3,Yes,1,1,1,Month-to-month,8824-RWFXJ,Yes,Yes,Male,1,168.15,0-12,3,No,No,No,0,Yes,Mailed check,Yes,Yes,No,Yes,No,56.15,DSL,56.15
70.7,2,Yes,1,1,1,Month-to-month,8835-VSDSE,No,No,Female,1,141.45,0-12,2,No,No,No,0,Yes,Electronic check,Yes,Yes,No,No,No,70.7,Fiber optic,70.7
84.95,8,Yes,1,1,1,Month-to-month,8837-VVWLQ,No,No,Female,1,668.4,0-12,8,No,Yes,No,0,Yes,Electronic check,No,No,Yes,No,No,84.95,Fiber optic,84.95
100.5,35,Yes,1,1,1,Month-to-month,8840-DQLGN,No,No,Female,1,3653.35,25-36,35,Yes,Yes,No,1,Yes,Bank transfer (automatic),Yes,Yes,Yes,Yes,Yes,100.5,Fiber optic,100.5
96.65,13,Yes,1,1,1,Month-to-month,8844-TONUD,Yes,Yes,Male,1,1162.85,13-24,13,No,Yes,Yes,0,Yes,Mailed check,Yes,Yes,No,No,No,96.65,Fiber optic,96.65
80.65,18,Yes,1,1,1,Month-to-month,8854-CCVSQ,No,No,Male,1,1451.9,13-24,18,No,No,No,0,Yes,Electronic check,No,Yes,No,Yes,Yes,80.65,Fiber optic,80.65
86.45,10,Yes,1,1,1,Month-to-month,8861-HGGKB,No,No,Female,1,830.85,0-12,10,No,No,Yes,0,Yes,Electronic check,No,No,No,No,Yes,86.45,Fiber optic,86.45
105.7,28,Yes,1,1,1,Month-to-month,8868-WOZGU,No,Yes,Male,1,2979.5,25-36,28,No,Yes,Yes,0,Yes,Electronic check,No,Yes,No,Yes,Yes,105.7,Fiber optic,105.7
49.15,3,Yes,1,1,1,Month-to-month,8878-HMWBV,No,Yes,Male,1,169.05,0-12,3,No,No,No,0,Yes,Electronic check,No,Yes,No,No,No,49.15,DSL,49.15
101.95,7,Yes,1,1,1,Month-to-month,8884-ADFVN,No,Yes,Male,1,700.85,0-12,7,No,Yes,Yes,1,Yes,Electronic check,Yes,Yes,No,No,Yes,101.95,Fiber optic,101.95
29.2,12,Yes,1,1,1,Month-to-month,8901-HJXTF,Yes,No,Female,1,309.1,0-12,12,No,No,No,0,No,Mailed check,Yes,No,No,Yes,No phone service,29.2,DSL,29.2
93.8,31,Yes,1,1,1,Month-to-month,8914-RBTSB,No,Yes,Male,1,3019.5,25-36,31,No,Yes,No,0,Yes,Electronic check,Yes,No,No,Yes,Yes,93.8,Fiber optic,93.8
30.35,44,Yes,1,1,1,Month-to-month,8919-FYFQZ,No,No,Male,1,1359.7,37-48,44,No,No,No,1,No,Electronic check,Yes,Yes,No,Yes,No phone service,30.35,DSL,30.35
89.7,25,Yes,1,1,1,Month-to-month,8922-LIEGH,No,No,Female,1,2187.55,25-36,25,No,No,Yes,1,Yes,Electronic check,No,Yes,No,Yes,Yes,89.7,Fiber optic,89.7
83.3,9,Yes,1,1,1,Month-to-month,8931-GJJIQ,No,No,Female,1,803.3,0-12,9,No,No,Yes,0,Yes,Electronic check,No,Yes,No,No,Yes,83.3,Fiber optic,83.3
84.6,1,Yes,1,1,1,Month-to-month,8937-RDTHP,No,No,Male,1,84.6,0-12,1,No,No,Yes,0,Yes,Mailed check,No,Yes,Yes,No,No,84.6,Fiber optic,84.6
106.4,47,Yes,1,1,1,Month-to-month,8938-UMKPI,No,Yes,Female,1,5127.95,37-48,47,No,Yes,Yes,0,Yes,Electronic check,No,Yes,No,Yes,Yes,106.4,Fiber optic,106.4
79.65,2,Yes,1,1,1,Month-to-month,8943-URTMR,No,No,Female,1,152.7,0-12,2,No,Yes,No,0,Yes,Mailed check,No,Yes,No,No,No,79.65,Fiber optic,79.65
78.65,1,Yes,1,1,1,Month-to-month,8945-GRKHX,Yes,No,Female,1,78.65,0-12,1,No,No,Yes,0,Yes,Electronic check,No,No,No,No,No,78.65,Fiber optic,78.65
98.6,29,Yes,1,1,1,Month-to-month,8949-JTMAY,No,Yes,Female,1,2933.2,25-36,29,No,Yes,Yes,0,Yes,Credit card (automatic),No,Yes,No,No,Yes,98.6,Fiber optic,98.6
84.55,7,Yes,1,1,1,Month-to-month,8972-HJWNV,No,No,Female,1,646.85,0-12,7,No,No,Yes,1,Yes,Electronic check,Yes,Yes,No,No,Yes,84.55,Fiber optic,84.55
56.5,4,Yes,1,1,1,Month-to-month,8976-OQHGT,Yes,No,Female,1,235.1,0-12,4,Yes,No,No,0,Yes,Mailed check,Yes,No,No,Yes,No,56.5,DSL,56.5
79.6,34,Yes,1,1,1,Month-to-month,8988-ECPJR,Yes,No,Female,1,2718.3,25-36,34,No,No,No,1,Yes,Mailed check,Yes,Yes,No,Yes,Yes,79.6,Fiber optic,79.6
50.35,1,Yes,1,1,1,Month-to-month,8992-JQYUN,No,Yes,Male,1,50.35,0-12,1,No,Yes,Yes,0,No,Electronic check,Yes,Yes,No,No,No phone service,50.35,DSL,50.35
25.25,3,Yes,1,1,1,Month-to-month,8993-PHFWD,No,No,Female,1,58.9,0-12,3,No,No,No,0,No,Electronic check,No,No,No,No,No phone service,25.25,DSL,25.25
89.7,11,Yes,1,1,1,Month-to-month,8999-BOHSE,No,No,Female,1,1047.7,0-12,11,No,Yes,Yes,1,Yes,Bank transfer (automatic),No,No,No,No,No,89.7,Fiber optic,89.7
79.55,1,Yes,1,1,1,Month-to-month,9019-QVLZD,No,No,Female,1,79.55,0-12,1,No,Yes,No,0,Yes,Electronic check,No,No,No,No,No,79.55,Fiber optic,79.55
93.55,6,Yes,1,1,1,Month-to-month,9025-AOMKI,No,No,Female,1,536.4,0-12,6,No,Yes,Yes,0,Yes,Bank transfer (automatic),No,Yes,No,No,Yes,93.55,Fiber optic,93.55
18.95,9,Yes,1,1,1,Month-to-month,9025-ZRPVR,No,No,Male,1,185.6,0-12,9,No,No,No,0,Yes,Mailed check,No,Yes,No,No,No,18.95,No,18.95
50.35,5,Yes,1,1,1,Month-to-month,9026-RNUJS,No,Yes,Male,1,237.25,0-12,5,No,No,No,1,Yes,Electronic check,No,No,No,No,No,50.35,DSL,50.35
48.95,39,Yes,1,1,1,Month-to-month,9039-RBEEE,No,No,Male,1,1880.85,37-48,39,Yes,Yes,No,0,No,Credit card (automatic),No,Yes,Yes,Yes,No phone service,48.95,DSL,48.95
69.35,3,Yes,1,1,1,Month-to-month,9048-JVYVF,No,No,Male,1,191.35,0-12,3,Yes,Yes,Yes,0,Yes,Electronic check,No,Yes,No,No,No,69.35,DSL,69.35
90.7,18,Yes,1,1,1,Month-to-month,9050-QLROH,No,Yes,Male,1,1597.25,13-24,18,No,No,Yes,0,Yes,Credit card (automatic),No,Yes,No,No,Yes,90.7,Fiber optic,90.7
30.75,27,Yes,1,1,1,Month-to-month,9057-MSWCO,No,No,Male,1,805.1,25-36,27,No,No,No,1,No,Credit card (automatic),Yes,No,Yes,No,No phone service,30.75,DSL,30.75
96.6,3,Yes,1,1,1,Month-to-month,9057-SIHCH,No,No,Female,1,291.9,0-12,3,No,Yes,Yes,0,Yes,Electronic check,No,Yes,No,No,Yes,96.6,Fiber optic,96.6
50.55,1,Yes,1,1,1,Month-to-month,9058-CBREO,No,No,Female,1,50.55,0-12,1,No,No,No,1,Yes,Mailed check,No,No,No,No,Yes,50.55,DSL,50.55
95.25,13,Yes,1,1,1,Month-to-month,9061-TIHDA,No,No,Male,1,1233.65,13-24,13,No,Yes,Yes,1,Yes,Electronic check,Yes,Yes,No,No,Yes,95.25,Fiber optic,95.25
19.4,61,Yes,1,1,1,Month-to-month,9063-ZGTUY,Yes,No,Female,1,1182.55,61+,61,No,No,No,0,Yes,Mailed check,Yes,Yes,No,No,No,19.4,No,19.4
111.1,54,Yes,1,1,1,Month-to-month,9079-YEXQJ,No,Yes,Female,1,6014.85,49-60,54,Yes,Yes,Yes,0,Yes,Electronic check,No,No,No,Yes,Yes,111.1,Fiber optic,111.1
105.3,68,Yes,1,1,1,Month-to-month,9090-SGQXL,No,Yes,Male,1,7299.65,61+,68,No,Yes,Yes,1,Yes,Electronic check,Yes,Yes,No,Yes,Yes,105.3,Fiber optic,105.3
81,5,Yes,1,1,1,Month-to-month,9095-HFAFX,No,No,Female,1,389.6,0-12,5,No,Yes,No,0,Yes,Credit card (automatic),No,Yes,No,No,No,81,Fiber optic,81
85.45,17,Yes,1,1,1,Month-to-month,9102-IAYHT,Yes,No,Female,1,1451.6,13-24,17,No,No,Yes,0,Yes,Electronic check,Yes,Yes,No,No,Yes,85.45,Fiber optic,85.45
55.7,15,Yes,1,1,1,Month-to-month,9103-TCIHJ,No,No,Female,1,899.8,13-24,15,No,No,No,0,Yes,Mailed check,No,Yes,Yes,No,Yes,55.7,DSL,55.7
45.7,1,Yes,1,1,1,Month-to-month,9117-SHLZX,No,No,Male,1,45.7,0-12,1,No,No,No,0,Yes,Mailed check,No,Yes,No,No,No,45.7,DSL,45.7
85.45,1,Yes,1,1,1,Month-to-month,9124-LHCJQ,No,No,Female,1,85.45,0-12,1,No,No,Yes,0,Yes,Mailed check,No,Yes,No,No,Yes,85.45,Fiber optic,85.45
89.5,7,Yes,1,1,1,Month-to-month,9134-CEQMF,No,No,Male,1,676.7,0-12,7,No,Yes,Yes,1,Yes,Electronic check,Yes,Yes,No,No,No,89.5,Fiber optic,89.5
24.45,1,Yes,1,1,1,Month-to-month,9136-ALYBR,No,No,Male,1,24.45,0-12,1,No,No,No,0,No,Mailed check,No,Yes,No,No,No phone service,24.45,DSL,24.45
113.6,41,Yes,1,1,1,Month-to-month,9158-VCTQB,No,Yes,Female,1,4594.95,37-48,41,Yes,Yes,Yes,0,Yes,Bank transfer (automatic),Yes,Yes,Yes,Yes,Yes,113.6,Fiber optic,113.6
90.2,17,Yes,1,1,1,Month-to-month,9170-CCKOU,No,Yes,Male,1,1454.15,13-24,17,No,No,No,0,Yes,Credit card (automatic),Yes,No,Yes,Yes,Yes,90.2,Fiber optic,90.2
79.9,41,Yes,1,1,1,Month-to-month,9170-GYZJC,Yes,Yes,Female,1,3326.2,37-48,41,Yes,No,Yes,0,Yes,Credit card (automatic),Yes,No,Yes,Yes,Yes,79.9,DSL,79.9
98.7,10,Yes,1,1,1,Month-to-month,9172-ANCRX,No,No,Female,1,973.25,0-12,10,No,Yes,Yes,0,Yes,Electronic check,No,Yes,Yes,No,Yes,98.7,Fiber optic,98.7
90.8,26,Yes,1,1,1,Month-to-month,9172-JITSM,Yes,No,Female,1,2361.8,25-36,26,No,Yes,Yes,0,Yes,Electronic check,Yes,Yes,No,No,No,90.8,Fiber optic,90.8
19.45,1,Yes,1,1,1,Month-to-month,9174-FKWZE,No,No,Female,1,19.45,0-12,1,No,No,No,1,Yes,Electronic check,No,Yes,No,No,No,19.45,No,19.45
85.15,14,Yes,1,1,1,Month-to-month,9185-TQCVP,No,No,Male,1,1139.2,13-24,14,No,No,Yes,0,Yes,Electronic check,Yes,Yes,No,No,Yes,85.15,Fiber optic,85.15
93.55,24,Yes,1,1,1,Month-to-month,9189-JWSHV,No,No,Female,1,2264.05,13-24,24,No,Yes,Yes,1,Yes,Electronic check,Yes,Yes,No,No,Yes,93.55,Fiber optic,93.55
95.9,19,Yes,1,1,1,Month-to-month,9190-MFJLN,No,Yes,Male,1,1777.9,13-24,19,No,Yes,Yes,1,Yes,Credit card (automatic),No,Yes,No,No,No,95.9,Fiber optic,95.9
75.15,7,Yes,1,1,1,Month-to-month,9191-MYQKX,No,Yes,Female,1,496.9,0-12,7,No,No,No,0,Yes,Bank transfer (automatic),Yes,Yes,No,No,No,75.15,Fiber optic,75.15
54.45,13,Yes,1,1,1,Month-to-month,9206-GVPEQ,No,No,Male,1,706.85,13-24,13,Yes,Yes,Yes,0,No,Electronic check,Yes,Yes,Yes,No,No phone service,54.45,DSL,54.45
70.75,7,Yes,1,1,1,Month-to-month,9210-IAHGH,No,No,Female,1,450.8,0-12,7,Yes,Yes,Yes,0,Yes,Credit card (automatic),No,Yes,No,No,No,70.75,DSL,70.75
104.85,14,Yes,1,1,1,Month-to-month,9221-OTIVJ,No,Yes,Female,1,1531.4,13-24,14,No,Yes,Yes,1,Yes,Electronic check,No,Yes,No,Yes,Yes,104.85,Fiber optic,104.85
94.4,1,Yes,1,1,1,Month-to-month,9223-UCPVT,No,Yes,Female,1,94.4,0-12,1,No,Yes,Yes,0,Yes,Electronic check,No,No,No,No,No,94.4,Fiber optic,94.4
24.6,1,Yes,1,1,1,Month-to-month,9227-LUNBG,No,No,Female,1,24.6,0-12,1,No,No,No,0,No,Electronic check,No,No,No,No,No phone service,24.6,DSL,24.6
78.85,4,Yes,1,1,1,Month-to-month,9231-ZJYAM,No,No,Female,1,292.8,0-12,4,No,Yes,No,1,Yes,Electronic check,No,Yes,No,No,No,78.85,Fiber optic,78.85
70.7,2,Yes,1,1,1,Month-to-month,9237-HQITU,No,No,Female,1,151.65,0-12,2,No,No,No,0,Yes,Electronic check,No,Yes,No,No,No,70.7,Fiber optic,70.7
47.95,6,Yes,1,1,1,Month-to-month,9239-ZBZZV,No,Yes,Female,1,305.1,0-12,6,No,Yes,Yes,0,No,Electronic check,No,Yes,No,No,No phone service,47.95,DSL,47.95
76.45,1,Yes,1,1,1,Month-to-month,9248-OJYKK,No,No,Male,1,76.45,0-12,1,No,No,No,1,Yes,Electronic check,No,Yes,No,No,Yes,76.45,Fiber optic,76.45
75.55,5,Yes,1,1,1,Month-to-month,9250-WYPLL,No,No,Female,1,413.65,0-12,5,No,No,No,0,Yes,Electronic check,No,No,No,No,Yes,75.55,Fiber optic,75.55
94.45,29,Yes,1,1,1,Month-to-month,9253-QXKBE,No,No,Male,1,2653.65,25-36,29,No,Yes,Yes,1,Yes,Electronic check,Yes,Yes,No,No,Yes,94.45,Fiber optic,94.45
62.65,34,Yes,1,1,1,Month-to-month,9259-PACGQ,No,No,Female,1,2274.9,25-36,34,Yes,No,No,0,Yes,Electronic check,Yes,No,Yes,Yes,Yes,62.65,DSL,62.65
54.7,3,Yes,1,1,1,Month-to-month,9269-CQOOL,Yes,No,Male,1,169.45,0-12,3,No,Yes,No,0,Yes,Credit card (automatic),No,Yes,No,No,No,54.7,DSL,54.7
74.95,4,Yes,1,1,1,Month-to-month,9274-CNFMO,No,No,Male,1,308.7,0-12,4,No,No,No,1,Yes,Electronic check,Yes,No,No,No,Yes,74.95,Fiber optic,74.95
85,1,Yes,1,1,1,Month-to-month,9282-IZGQK,No,No,Female,1,85,0-12,1,No,No,Yes,0,Yes,Electronic check,No,Yes,No,No,Yes,85,Fiber optic,85
74.4,13,Yes,1,1,1,Month-to-month,9283-LZQOH,Yes,No,Male,1,896.75,13-24,13,No,No,No,0,Yes,Credit card (automatic),Yes,Yes,No,No,Yes,74.4,Fiber optic,74.4
74.95,38,Yes,1,1,1,Month-to-month,9286-DOJGF,No,No,Female,1,2869.85,37-48,38,No,No,No,1,Yes,Bank transfer (automatic),Yes,Yes,No,No,Yes,74.95,Fiber optic,74.95
94,1,Yes,1,1,1,Month-to-month,9300-AGZNL,No,No,Male,1,94,0-12,1,No,Yes,Yes,1,Yes,Electronic check,No,Yes,No,No,Yes,94,Fiber optic,94
79.95,1,Yes,1,1,1,Month-to-month,9300-RENDD,No,No,Male,1,79.95,0-12,1,No,Yes,No,0,Yes,Electronic check,No,Yes,No,No,No,79.95,Fiber optic,79.95
99.65,8,Yes,1,1,1,Month-to-month,9305-CDSKC,No,Yes,Female,1,820.5,0-12,8,No,Yes,Yes,0,Yes,Electronic check,No,Yes,No,No,Yes,99.65,Fiber optic,99.65
74.25,3,Yes,1,1,1,Month-to-month,9306-CPCBC,No,No,Female,1,210.3,0-12,3,No,No,No,0,Yes,Electronic check,No,Yes,No,No,Yes,74.25,Fiber optic,74.25
79.75,2,Yes,1,1,1,Month-to-month,9317-WZPGV,No,No,Female,1,159.4,0-12,2,No,No,Yes,1,Yes,Bank transfer (automatic),No,Yes,No,No,No,79.75,Fiber optic,79.75
18.85,1,Yes,1,1,1,Month-to-month,9318-NKNFC,No,No,Male,1,18.85,0-12,1,No,No,No,0,Yes,Mailed check,No,Yes,No,No,No,18.85,No,18.85
100.35,13,Yes,1,1,1,Month-to-month,9330-IJWIO,No,No,Female,1,1358.85,13-24,13,No,Yes,Yes,0,Yes,Electronic check,No,Yes,Yes,No,Yes,100.35,Fiber optic,100.35
84.5,8,Yes,1,1,1,Month-to-month,9367-WXLCH,No,No,Male,1,662.65,0-12,8,No,No,Yes,0,Yes,Bank transfer (automatic),No,No,No,No,Yes,84.5,Fiber optic,84.5
80.6,33,Yes,1,1,1,Month-to-month,9369-XFEHK,No,No,Female,1,2656.5,25-36,33,No,No,No,1,Yes,Bank transfer (automatic),Yes,Yes,No,Yes,Yes,80.6,Fiber optic,80.6
40.65,24,Yes,1,1,1,Month-to-month,9381-NDKME,No,Yes,Female,1,933.3,13-24,24,No,No,Yes,1,No,Credit card (automatic),Yes,Yes,No,No,No phone service,40.65,DSL,40.65
80.45,12,Yes,1,1,1,Month-to-month,9391-EOYLI,No,No,Male,1,950.2,0-12,12,No,No,Yes,1,Yes,Electronic check,Yes,Yes,No,No,No,80.45,Fiber optic,80.45
74.7,1,Yes,1,1,1,Month-to-month,9399-APLBT,Yes,No,Female,1,74.7,0-12,1,No,No,No,0,Yes,Electronic check,Yes,Yes,No,Yes,No,74.7,Fiber optic,74.7
70.15,4,Yes,1,1,1,Month-to-month,9408-SSNVZ,No,No,Female,1,268.35,0-12,4,No,No,No,0,Yes,Electronic check,No,Yes,No,No,No,70.15,Fiber optic,70.15
104.8,40,Yes,1,1,1,Month-to-month,9412-GHEEC,No,Yes,Male,1,4131.95,37-48,40,Yes,Yes,Yes,0,Yes,Bank transfer (automatic),No,No,No,No,Yes,104.8,Fiber optic,104.8
88.35,18,Yes,1,1,1,Month-to-month,9415-DPEWS,No,No,Female,1,1639.3,13-24,18,Yes,Yes,No,0,Yes,Electronic check,No,Yes,No,No,Yes,88.35,Fiber optic,88.35
99.1,15,Yes,1,1,1,Month-to-month,9420-LOJKX,No,No,Female,1,1426.4,13-24,15,No,Yes,Yes,0,Yes,Credit card (automatic),No,Yes,Yes,Yes,No,99.1,Fiber optic,99.1
87.1,4,Yes,1,1,1,Month-to-month,9430-FRQOC,Yes,Yes,Female,1,341.45,0-12,4,Yes,No,No,0,Yes,Mailed check,No,Yes,No,No,Yes,87.1,Fiber optic,87.1
89.95,14,Yes,1,1,1,Month-to-month,9436-ZBZCT,No,No,Male,1,1178.4,13-24,14,Yes,Yes,No,0,Yes,Electronic check,No,Yes,No,No,Yes,89.95,Fiber optic,89.95
76.2,1,Yes,1,1,1,Month-to-month,9444-JTXHZ,No,Yes,Male,1,76.2,0-12,1,No,No,No,0,Yes,Electronic check,Yes,No,No,No,No,76.2,Fiber optic,76.2
97.35,36,Yes,1,1,1,Month-to-month,9445-SZLCH,Yes,Yes,Female,1,3457.9,25-36,36,No,Yes,No,0,Yes,Bank transfer (automatic),Yes,Yes,No,Yes,Yes,97.35,Fiber optic,97.35
44.7,1,Yes,1,1,1,Month-to-month,9448-REEVD,No,No,Male,1,44.7,0-12,1,No,No,No,0,Yes,Credit card (automatic),Yes,No,No,No,No,44.7,DSL,44.7
86.8,7,Yes,1,1,1,Month-to-month,9451-LPGOO,No,No,Male,1,620.35,0-12,7,No,No,Yes,0,Yes,Electronic check,No,Yes,No,No,Yes,86.8,Fiber optic,86.8
50.4,4,Yes,1,1,1,Month-to-month,9462-MJUAW,No,No,Male,1,206.6,0-12,4,No,No,No,0,Yes,Mailed check,No,No,No,No,Yes,50.4,DSL,50.4
78.9,32,Yes,1,1,1,Month-to-month,9465-RWMXL,No,Yes,Male,1,2447.95,25-36,32,No,No,No,0,Yes,Electronic check,Yes,Yes,No,No,Yes,78.9,Fiber optic,78.9
59.45,15,Yes,1,1,1,Month-to-month,9474-PHLYD,No,Yes,Female,1,892.65,13-24,15,No,No,Yes,0,Yes,Electronic check,No,Yes,No,No,No,59.45,DSL,59.45
71.15,1,Yes,1,1,1,Month-to-month,9488-HGMJH,No,No,Female,1,71.15,0-12,1,No,No,No,1,Yes,Electronic check,No,Yes,No,No,No,71.15,Fiber optic,71.15
84.65,42,Yes,1,1,1,Month-to-month,9490-DFPMD,No,No,Female,1,3541.35,37-48,42,No,Yes,No,1,Yes,Electronic check,No,Yes,No,No,Yes,84.65,Fiber optic,84.65
90,18,Yes,1,1,1,Month-to-month,9492-TOKRI,No,No,Female,1,1527.35,13-24,18,No,Yes,No,0,Yes,Credit card (automatic),No,Yes,No,Yes,Yes,90,Fiber optic,90
93.55,1,Yes,1,1,1,Month-to-month,9497-QCMMS,No,No,Male,1,93.55,0-12,1,No,Yes,Yes,1,Yes,Electronic check,No,Yes,No,No,Yes,93.55,Fiber optic,93.55
79.35,1,Yes,1,1,1,Month-to-month,9507-EXLTT,No,No,Female,1,79.35,0-12,1,No,Yes,No,0,Yes,Bank transfer (automatic),Yes,Yes,No,No,No,79.35,Fiber optic,79.35
95.15,18,Yes,1,1,1,Month-to-month,9512-UIBFX,Yes,Yes,Male,1,1779.95,13-24,18,No,Yes,Yes,0,Yes,Mailed check,Yes,No,No,No,No,95.15,Fiber optic,95.15
40.2,1,Yes,1,1,1,Month-to-month,9514-JDSKI,No,No,Male,1,40.2,0-12,1,No,Yes,No,1,No,Electronic check,Yes,No,No,Yes,No phone service,40.2,DSL,40.2
90.1,18,Yes,1,1,1,Month-to-month,9524-EGPJC,No,No,Female,1,1612.75,13-24,18,Yes,No,Yes,0,Yes,Electronic check,No,Yes,No,No,Yes,90.1,Fiber optic,90.1
29.7,1,Yes,1,1,1,Month-to-month,9526-BIHHD,No,No,Male,1,29.7,0-12,1,No,No,No,0,No,Mailed check,No,No,Yes,No,No phone service,29.7,DSL,29.7
89.8,26,Yes,1,1,1,Month-to-month,9526-JAWYF,No,Yes,Male,1,2335.3,25-36,26,No,Yes,No,0,Yes,Electronic check,No,No,No,Yes,No,89.8,Fiber optic,89.8
53.75,11,Yes,1,1,1,Month-to-month,9530-EHPOH,No,Yes,Male,1,608,0-12,11,No,No,No,0,Yes,Electronic check,No,No,No,No,Yes,53.75,DSL,53.75
70.1,8,Yes,1,1,1,Month-to-month,9540-JYROE,No,No,Male,1,551.35,0-12,8,No,No,No,0,Yes,Mailed check,No,Yes,No,No,No,70.1,Fiber optic,70.1
91.4,2,Yes,1,1,1,Month-to-month,9546-CQJSU,No,Yes,Female,1,193.6,0-12,2,No,Yes,No,0,Yes,Electronic check,No,Yes,No,No,Yes,91.4,Fiber optic,91.4
81,16,Yes,1,1,1,Month-to-month,9560-ARGQJ,Yes,No,Female,1,1312.15,13-24,16,No,Yes,No,0,Yes,Electronic check,No,Yes,No,No,No,81,Fiber optic,81
51.25,1,Yes,1,1,1,Month-to-month,9564-KCLHR,No,No,Male,1,51.25,0-12,1,Yes,No,No,0,Yes,Mailed check,No,No,No,No,No,51.25,DSL,51.25
89.6,4,Yes,1,1,1,Month-to-month,9565-DJPIB,Yes,No,Female,1,365.65,0-12,4,No,Yes,No,0,Yes,Mailed check,No,No,No,Yes,Yes,89.6,Fiber optic,89.6
106.75,59,Yes,1,1,1,Month-to-month,9572-MTILT,No,Yes,Male,1,6252.9,49-60,59,Yes,Yes,No,0,Yes,Electronic check,Yes,Yes,Yes,Yes,Yes,106.75,Fiber optic,106.75
94.4,30,Yes,1,1,1,Month-to-month,9574-RKJIF,Yes,No,Male,1,2838.7,25-36,30,No,Yes,No,0,Yes,Electronic check,Yes,Yes,Yes,Yes,Yes,94.4,Fiber optic,94.4
69.55,3,Yes,1,1,1,Month-to-month,9576-ANLXO,No,No,Female,1,222.3,0-12,3,No,No,No,0,Yes,Bank transfer (automatic),No,Yes,No,No,No,69.55,Fiber optic,69.55
65.2,16,Yes,1,1,1,Month-to-month,9578-VRMNM,No,Yes,Female,1,1043.35,13-24,16,No,No,Yes,0,Yes,Credit card (automatic),No,Yes,No,No,Yes,65.2,DSL,65.2
101.4,43,Yes,1,1,1,Month-to-month,9600-NAXZN,No,No,Male,1,4528,37-48,43,No,Yes,Yes,0,Yes,Electronic check,No,Yes,No,Yes,Yes,101.4,Fiber optic,101.4
94.05,30,Yes,1,1,1,Month-to-month,9600-UDOPK,No,No,Male,1,2866.45,25-36,30,No,Yes,Yes,0,Yes,Credit card (automatic),Yes,Yes,No,No,Yes,94.05,Fiber optic,94.05
104.95,25,Yes,1,1,1,Month-to-month,9601-BRXPO,No,Yes,Female,1,2566.5,25-36,25,Yes,Yes,Yes,0,Yes,Bank transfer (automatic),Yes,Yes,No,No,Yes,104.95,Fiber optic,104.95
85,32,Yes,1,1,1,Month-to-month,9606-PBKBQ,No,No,Male,1,2642.05,25-36,32,No,No,Yes,1,Yes,Electronic check,Yes,Yes,No,No,Yes,85,Fiber optic,85
89.45,3,Yes,1,1,1,Month-to-month,9611-CTWIH,No,No,Female,1,240.45,0-12,3,No,Yes,Yes,0,Yes,Electronic check,No,Yes,No,No,No,89.45,Fiber optic,89.45
91.85,65,Yes,1,1,1,Month-to-month,9614-RMGHA,No,No,Male,1,5940.85,61+,65,No,Yes,No,0,Yes,Bank transfer (automatic),Yes,Yes,No,Yes,Yes,91.85,Fiber optic,91.85
81.15,13,Yes,1,1,1,Month-to-month,9625-QSTYE,No,Yes,Female,1,952.3,13-24,13,No,No,No,0,Yes,Electronic check,No,Yes,No,Yes,No,81.15,Fiber optic,81.15
50.8,1,Yes,1,1,1,Month-to-month,9637-EIHEQ,No,No,Female,1,50.8,0-12,1,Yes,No,No,0,Yes,Electronic check,No,Yes,No,No,No,50.8,DSL,50.8
100.05,30,Yes,1,1,1,Month-to-month,9647-ERGBE,Yes,Yes,Female,1,3046.15,25-36,30,No,Yes,Yes,0,Yes,Electronic check,Yes,Yes,No,No,Yes,100.05,Fiber optic,100.05
94.4,17,Yes,1,1,1,Month-to-month,9658-WYUFB,No,No,Female,1,1617.5,13-24,17,No,Yes,No,0,Yes,Electronic check,No,Yes,Yes,Yes,Yes,94.4,Fiber optic,94.4
105.2,42,Yes,1,1,1,Month-to-month,9661-ACXBS,No,Yes,Female,1,4400.75,37-48,42,No,Yes,Yes,0,Yes,Electronic check,No,Yes,Yes,No,Yes,105.2,Fiber optic,105.2
49.25,1,Yes,1,1,1,Month-to-month,9661-MHUMO,Yes,No,Male,1,49.25,0-12,1,Yes,No,No,1,Yes,Credit card (automatic),Yes,Yes,No,No,No,49.25,DSL,49.25
40.3,30,Yes,1,1,1,Month-to-month,9667-EQRXU,No,Yes,Female,1,1172.95,25-36,30,No,Yes,No,1,No,Electronic check,No,Yes,No,No,No phone service,40.3,DSL,40.3
100.5,5,Yes,1,1,1,Month-to-month,9681-OXGVC,No,Yes,Female,1,514,0-12,5,No,Yes,Yes,0,Yes,Electronic check,No,Yes,No,No,Yes,100.5,Fiber optic,100.5
74.95,14,Yes,1,1,1,Month-to-month,9685-WKZGT,No,No,Male,1,1036.75,13-24,14,No,No,No,1,Yes,Electronic check,No,Yes,No,No,Yes,74.95,Fiber optic,74.95
80.25,2,Yes,1,1,1,Month-to-month,9689-PTNPG,No,No,Male,1,144.55,0-12,2,No,Yes,No,0,Yes,Electronic check,No,Yes,No,No,No,80.25,Fiber optic,80.25
96.05,18,Yes,1,1,1,Month-to-month,9692-TUSXH,No,No,Female,1,1740.7,13-24,18,No,Yes,Yes,0,Yes,Electronic check,No,Yes,Yes,No,No,96.05,Fiber optic,96.05
106.75,37,Yes,1,1,1,Month-to-month,9710-ZUSHQ,No,No,Female,1,4056.75,37-48,37,No,Yes,Yes,1,Yes,Bank transfer (automatic),No,Yes,Yes,Yes,Yes,106.75,Fiber optic,106.75
70.75,29,Yes,1,1,1,Month-to-month,9722-UJOJR,Yes,No,Male,1,1974.8,25-36,29,No,No,No,0,Yes,Electronic check,Yes,Yes,No,No,No,70.75,Fiber optic,70.75
90.85,1,Yes,1,1,1,Month-to-month,9725-SCPZG,Yes,No,Male,1,90.85,0-12,1,No,Yes,Yes,0,Yes,Electronic check,No,Yes,No,No,No,90.85,Fiber optic,90.85
69.2,1,Yes,1,1,1,Month-to-month,9728-FTTVZ,No,No,Female,1,69.2,0-12,1,No,No,No,0,Yes,Electronic check,No,Yes,No,No,No,69.2,Fiber optic,69.2
53.95,1,Yes,1,1,1,Month-to-month,9732-KPKBW,No,No,Male,1,53.95,0-12,1,Yes,No,No,0,Yes,Electronic check,No,Yes,Yes,No,No,53.95,DSL,53.95
49.4,2,Yes,1,1,1,Month-to-month,9734-UYXQI,No,No,Female,1,106.55,0-12,2,No,No,No,0,Yes,Electronic check,No,Yes,No,No,Yes,49.4,DSL,49.4
98.3,9,Yes,1,1,1,Month-to-month,9734-YWGEX,No,Yes,Female,1,923.5,0-12,9,No,Yes,Yes,0,Yes,Credit card (automatic),No,No,No,No,Yes,98.3,Fiber optic,98.3
73.5,1,Yes,1,1,1,Month-to-month,9747-DDZOS,No,Yes,Female,1,73.5,0-12,1,No,No,No,0,Yes,Bank transfer (automatic),No,No,No,No,No,73.5,Fiber optic,73.5
94.4,4,Yes,1,1,1,Month-to-month,9763-PDTKK,No,Yes,Female,1,387.2,0-12,4,Yes,No,Yes,0,Yes,Bank transfer (automatic),No,Yes,Yes,No,No,94.4,Fiber optic,94.4
77.5,51,Yes,1,1,1,Month-to-month,9776-CLUJA,No,No,Female,1,3807.35,49-60,51,No,No,No,1,Yes,Electronic check,Yes,Yes,Yes,No,Yes,77.5,Fiber optic,77.5
75.3,1,Yes,1,1,1,Month-to-month,9787-XVQIU,No,No,Male,1,75.3,0-12,1,No,No,No,0,Yes,Electronic check,No,Yes,No,No,Yes,75.3,Fiber optic,75.3
103.45,39,Yes,1,1,1,Month-to-month,9801-GDWGV,No,Yes,Female,1,3994.45,37-48,39,No,Yes,Yes,0,Yes,Electronic check,No,Yes,No,Yes,Yes,103.45,Fiber optic,103.45
69.9,1,Yes,1,1,1,Month-to-month,9804-ICWBG,No,No,Male,1,69.9,0-12,1,No,No,No,0,Yes,Electronic check,No,Yes,No,No,No,69.9,Fiber optic,69.9
96.7,22,Yes,1,1,1,Month-to-month,9809-IMGCQ,No,No,Male,1,2082.95,13-24,22,No,Yes,Yes,1,Yes,Electronic check,No,Yes,No,No,Yes,96.7,Fiber optic,96.7
48.55,11,Yes,1,1,1,Month-to-month,9820-RMCQV,No,No,Female,1,501,0-12,11,No,No,No,0,Yes,Credit card (automatic),No,No,Yes,No,No,48.55,DSL,48.55
75.2,35,Yes,1,1,1,Month-to-month,9821-POOTN,No,No,Male,1,2576.2,25-36,35,No,No,No,0,Yes,Electronic check,Yes,Yes,No,No,Yes,75.2,Fiber optic,75.2
69,17,Yes,1,1,1,Month-to-month,9824-BEMCV,Yes,No,Male,1,1149.65,13-24,17,No,No,No,0,Yes,Electronic check,Yes,Yes,No,No,No,69,Fiber optic,69
45.7,1,Yes,1,1,1,Month-to-month,9828-AOQLM,Yes,No,Female,1,45.7,0-12,1,No,No,No,0,Yes,Electronic check,Yes,Yes,No,No,No,45.7,DSL,45.7
78.5,3,Yes,1,1,1,Month-to-month,9837-BMCLM,No,No,Male,1,242.05,0-12,3,No,Yes,No,0,Yes,Electronic check,No,Yes,No,No,No,78.5,Fiber optic,78.5
80.5,6,Yes,1,1,1,Month-to-month,9840-DVNDC,No,No,Male,1,463.05,0-12,6,No,Yes,No,0,Yes,Credit card (automatic),No,Yes,No,No,No,80.5,Fiber optic,80.5
90.8,9,Yes,1,1,1,Month-to-month,9846-GKXAS,No,No,Female,1,809.75,0-12,9,No,Yes,Yes,0,Yes,Bank transfer (automatic),No,Yes,No,No,No,90.8,Fiber optic,90.8
74.1,3,Yes,1,1,1,Month-to-month,9850-OWRHQ,No,No,Female,1,228,0-12,3,No,No,No,0,Yes,Credit card (automatic),Yes,Yes,No,No,Yes,74.1,Fiber optic,74.1
110.1,10,Yes,1,1,1,Month-to-month,9851-KIELU,No,Yes,Male,1,1043.3,0-12,10,Yes,Yes,Yes,0,Yes,Electronic check,No,Yes,Yes,Yes,No,110.1,Fiber optic,110.1
104.7,41,Yes,1,1,1,Month-to-month,9851-QXEEQ,No,Yes,Male,1,4346.4,37-48,41,No,Yes,Yes,0,Yes,Electronic check,No,Yes,No,Yes,Yes,104.7,Fiber optic,104.7
55,35,Yes,1,1,1,Month-to-month,9863-JZAIC,No,No,Male,1,2010.55,25-36,35,No,Yes,No,0,Yes,Mailed check,No,No,No,No,No,55,DSL,55
86,19,Yes,1,1,1,Month-to-month,9866-QEVEE,No,No,Male,1,1532.45,13-24,19,No,No,Yes,0,Yes,Bank transfer (automatic),No,Yes,No,No,Yes,86,Fiber optic,86
104.2,17,Yes,1,1,1,Month-to-month,9874-QLCLH,Yes,Yes,Female,1,1743.5,13-24,17,No,Yes,Yes,0,Yes,Electronic check,Yes,Yes,Yes,No,Yes,104.2,Fiber optic,104.2
80.95,2,Yes,1,1,1,Month-to-month,9878-TNQGW,No,No,Male,1,171.15,0-12,2,No,No,Yes,0,Yes,Electronic check,No,Yes,No,No,No,80.95,Fiber optic,80.95
78.45,1,Yes,1,1,1,Month-to-month,9885-CSMWE,No,No,Female,1,78.45,0-12,1,No,Yes,No,1,Yes,Electronic check,No,No,No,No,No,78.45,Fiber optic,78.45
100.3,8,Yes,1,1,1,Month-to-month,9889-TMAHG,No,No,Male,1,832.35,0-12,8,Yes,Yes,Yes,1,Yes,Credit card (automatic),No,No,Yes,No,No,100.3,Fiber optic,100.3
74.3,1,Yes,1,1,1,Month-to-month,9894-EZEWG,No,No,Female,1,74.3,0-12,1,No,No,No,0,Yes,Credit card (automatic),No,Yes,No,Yes,No,74.3,Fiber optic,74.3
80.3,3,Yes,1,1,1,Month-to-month,9897-KXHCM,Yes,No,Female,1,250.05,0-12,3,No,No,Yes,0,Yes,Electronic check,Yes,Yes,No,No,No,80.3,Fiber optic,80.3
94.55,40,Yes,1,1,1,Month-to-month,9898-KZQDZ,Yes,No,Female,1,3640.45,37-48,40,No,Yes,Yes,1,Yes,Credit card (automatic),Yes,Yes,No,No,Yes,94.55,Fiber optic,94.55
25.05,1,Yes,1,1,1,Month-to-month,9907-SWKKF,No,No,Female,1,25.05,0-12,1,No,No,No,1,No,Mailed check,No,No,No,No,No phone service,25.05,DSL,25.05
93.85,26,Yes,1,1,1,Month-to-month,9912-GVSEQ,No,Yes,Female,1,2381.55,25-36,26,No,No,Yes,1,Yes,Electronic check,Yes,Yes,No,Yes,Yes,93.85,Fiber optic,93.85
80.45,14,Yes,1,1,1,Month-to-month,9921-ZVRHG,No,Yes,Female,1,1072,13-24,14,No,No,No,0,Yes,Electronic check,No,Yes,No,No,Yes,80.45,Fiber optic,80.45
91.75,9,Yes,1,1,1,Month-to-month,9940-HPQPG,No,Yes,Female,1,865.8,0-12,9,No,No,No,0,Yes,Bank transfer (automatic),Yes,No,Yes,Yes,Yes,91.75,Fiber optic,91.75
75.3,1,Yes,1,1,1,Month-to-month,9940-RHLFB,No,Yes,Female,1,75.3,0-12,1,No,No,No,0,Yes,Electronic check,No,No,No,No,No,75.3,Fiber optic,75.3
95.1,3,Yes,1,1,1,Month-to-month,9944-HKVVB,No,No,Female,1,307.4,0-12,3,No,Yes,Yes,0,Yes,Electronic check,No,Yes,No,Yes,No,95.1,Fiber optic,95.1
74.4,15,Yes,1,1,1,Month-to-month,9947-OTFQU,No,No,Male,1,1074.3,13-24,15,No,No,No,1,Yes,Electronic check,No,Yes,No,Yes,No,74.4,Fiber optic,74.4
79.45,38,Yes,1,1,1,Month-to-month,9948-YPTDG,No,No,Male,1,3013.05,37-48,38,No,No,No,0,Yes,Electronic check,Yes,Yes,Yes,Yes,No,79.45,Fiber optic,79.45
96.8,21,Yes,1,1,1,Month-to-month,9961-JBNMK,No,Yes,Male,1,2030.3,13-24,21,No,Yes,Yes,1,Yes,Bank transfer (automatic),No,Yes,No,No,No,96.8,Fiber optic,96.8
83.85,9,Yes,1,1,1,Month-to-month,9965-YOKZB,No,No,Male,1,790.15,0-12,9,No,No,Yes,1,Yes,Electronic check,No,Yes,No,No,Yes,83.85,Fiber optic,83.85
70.15,1,Yes,1,1,1,Month-to-month,9985-MWVIX,No,No,Female,1,70.15,0-12,1,No,No,No,0,Yes,Mailed check,No,Yes,No,No,No,70.15,Fiber optic,70.15
20.95,4,Yes,1,1,1,Month-to-month,9986-BONCE,No,No,Female,1,85.5,0-12,4,No,No,No,0,Yes,Bank transfer (automatic),No,No,No,No,No,20.95,No,20.95
85.1,22,Yes,1,1,1,Month-to-month,9992-RRAMN,No,No,Male,1,1873.7,13-24,22,No,No,Yes,0,Yes,Electronic check,Yes,Yes,No,No,Yes,85.1,Fiber optic,85.1
62.7,45,Yes,1,1,1,One year,0022-TCJCI,No,Yes,Male,1,2791.5,37-48,45,No,No,Yes,1,Yes,Credit card (automatic),No,No,Yes,No,No,62.7,DSL,62.7
84.35,49,Yes,1,1,1,One year,0112-QWPNC,No,Yes,Male,1,4059.35,49-60,49,Yes,Yes,Yes,0,Yes,Electronic check,Yes,No,Yes,No,Yes,84.35,DSL,84.35
105.5,58,Yes,1,1,1,One year,0193-ESZXP,No,No,Female,1,6205.5,49-60,58,Yes,Yes,Yes,1,Yes,Credit card (automatic),Yes,Yes,Yes,Yes,No,105.5,Fiber optic,105.5
115.55,70,Yes,1,1,1,One year,0201-OAMXR,No,Yes,Female,1,8127.6,61+,70,Yes,Yes,Yes,0,Yes,Credit card (automatic),No,No,Yes,Yes,Yes,115.55,Fiber optic,115.55
25.3,25,Yes,1,1,1,One year,0203-HHYIJ,No,No,Male,1,676.35,25-36,25,No,No,No,0,Yes,Bank transfer (automatic),No,No,No,No,Yes,25.3,No,25.3
60.3,58,Yes,1,1,1,One year,0378-XSZPU,No,Yes,Male,1,3563.8,49-60,58,No,No,No,0,Yes,Credit card (automatic),Yes,No,Yes,Yes,No,60.3,DSL,60.3
101.5,54,Yes,1,1,1,One year,0406-BPDVR,No,No,Female,1,5373.1,49-60,54,No,Yes,Yes,1,Yes,Credit card (automatic),Yes,Yes,No,Yes,Yes,101.5,Fiber optic,101.5
90.1,28,Yes,1,1,1,One year,0431-APWVY,Yes,No,Female,1,2598.95,25-36,28,No,Yes,Yes,0,Yes,Bank transfer (automatic),Yes,Yes,No,No,No,90.1,Fiber optic,90.1
73,41,Yes,1,1,1,One year,0471-LVHGK,No,Yes,Male,1,3001.2,37-48,41,No,Yes,Yes,0,Yes,Electronic check,Yes,Yes,No,No,Yes,73,DSL,73
20.15,18,Yes,1,1,1,One year,0516-VRYBW,Yes,No,Female,1,390.85,13-24,18,No,No,No,0,Yes,Bank transfer (automatic),No,No,No,No,No,20.15,No,20.15
102.35,35,Yes,1,1,1,One year,0520-FDVVT,No,Yes,Male,1,3626.1,25-36,35,No,Yes,Yes,0,Yes,Bank transfer (automatic),No,Yes,No,Yes,No,102.35,Fiber optic,102.35
78.6,69,Yes,1,1,1,One year,0565-IYCGT,No,Yes,Male,1,5356.45,61+,69,Yes,No,Yes,0,Yes,Credit card (automatic),No,Yes,Yes,Yes,Yes,78.6,DSL,78.6
67.5,22,Yes,1,1,1,One year,0628-CNQRM,Yes,Yes,Male,1,1544.05,13-24,22,Yes,Yes,No,0,Yes,Bank transfer (automatic),Yes,Yes,Yes,No,No,67.5,DSL,67.5
72.45,65,Yes,1,1,1,One year,0687-ZVTHB,Yes,Yes,Male,1,4653.85,61+,65,No,No,Yes,0,Yes,Credit card (automatic),Yes,No,Yes,Yes,Yes,72.45,DSL,72.45
110,46,Yes,1,1,1,One year,0691-IFBQW,No,Yes,Female,1,4874.8,37-48,46,No,Yes,Yes,1,Yes,Electronic check,No,Yes,Yes,Yes,Yes,110,Fiber optic,110
94.85,53,Yes,1,1,1,One year,0691-JVSYA,No,Yes,Female,1,5000.2,49-60,53,No,Yes,Yes,0,Yes,Bank transfer (automatic),Yes,Yes,No,No,No,94.85,Fiber optic,94.85
100,55,Yes,1,1,1,One year,0727-BMPLR,No,Yes,Female,1,5509.3,49-60,55,No,Yes,Yes,1,Yes,Electronic check,No,Yes,No,No,Yes,100,Fiber optic,100
109.5,70,Yes,1,1,1,One year,0748-RDGGM,No,Yes,Male,1,7534.65,61+,70,Yes,Yes,Yes,0,Yes,Bank transfer (automatic),Yes,Yes,Yes,Yes,No,109.5,Fiber optic,109.5
64.4,34,Yes,1,1,1,One year,0866-QLSIR,No,No,Female,1,2088.75,25-36,34,Yes,No,No,0,Yes,Mailed check,No,Yes,Yes,Yes,Yes,64.4,DSL,64.4
103.95,54,Yes,1,1,1,One year,0877-SDMBN,No,Yes,Female,1,5639.05,49-60,54,No,Yes,Yes,0,Yes,Bank transfer (automatic),No,Yes,Yes,No,Yes,103.95,Fiber optic,103.95
19.8,12,Yes,1,1,1,One year,1038-ZAGBI,Yes,No,Female,1,229.6,0-12,12,No,No,No,0,Yes,Bank transfer (automatic),Yes,No,No,No,No,19.8,No,19.8
105.95,14,Yes,1,1,1,One year,1113-IUJYX,No,No,Female,1,1348.9,13-24,14,Yes,Yes,Yes,0,Yes,Mailed check,Yes,No,Yes,Yes,No,105.95,Fiber optic,105.95
48.35,23,Yes,1,1,1,One year,1208-DNHLN,Yes,No,Male,1,1067.15,13-24,23,No,No,No,0,Yes,Credit card (automatic),Yes,Yes,No,No,Yes,48.35,DSL,48.35
96.55,68,Yes,1,1,1,One year,1265-XTECC,No,No,Female,1,6581.9,61+,68,No,No,Yes,1,Yes,Credit card (automatic),Yes,Yes,Yes,Yes,Yes,96.55,Fiber optic,96.55
115.65,70,Yes,1,1,1,One year,1444-VVSGW,No,Yes,Male,1,7968.85,61+,70,Yes,Yes,Yes,0,Yes,Credit card (automatic),Yes,No,Yes,Yes,Yes,115.65,Fiber optic,115.65
106.45,58,Yes,1,1,1,One year,1502-XFCVR,No,Yes,Female,1,6145.85,49-60,58,No,Yes,Yes,0,Yes,Electronic check,No,Yes,Yes,Yes,No,106.45,Fiber optic,106.45
33.55,42,Yes,1,1,1,One year,1623-NLDOT,No,No,Female,1,1445.3,37-48,42,Yes,No,No,0,No,Mailed check,Yes,No,No,Yes,No phone service,33.55,DSL,33.55
83,68,Yes,1,1,1,One year,1625-JAIIY,Yes,No,Female,1,5685.8,61+,68,No,Yes,No,0,Yes,Electronic check,Yes,Yes,No,No,Yes,83,Fiber optic,83
93.8,33,Yes,1,1,1,One year,1644-IRKSF,Yes,Yes,Female,1,3124.5,25-36,33,No,Yes,Yes,0,Yes,Electronic check,Yes,Yes,No,No,No,93.8,Fiber optic,93.8
59.8,12,Yes,1,1,1,One year,1699-HPSBG,No,No,Male,1,727.8,0-12,12,Yes,Yes,No,0,Yes,Electronic check,No,Yes,No,No,No,59.8,DSL,59.8
106.1,48,Yes,1,1,1,One year,1899-VXWXM,No,Yes,Male,1,5082.8,37-48,48,No,Yes,Yes,0,Yes,Credit card (automatic),No,Yes,No,Yes,Yes,106.1,Fiber optic,106.1
109.5,70,Yes,1,1,1,One year,1984-FCOWB,No,Yes,Female,1,7674.55,61+,70,Yes,Yes,Yes,0,Yes,Electronic check,Yes,Yes,No,Yes,Yes,109.5,Fiber optic,109.5
95.8,33,Yes,1,1,1,One year,2037-XJFUP,No,Yes,Male,1,3036.75,25-36,33,No,Yes,Yes,0,Yes,Electronic check,Yes,Yes,No,No,No,95.8,Fiber optic,95.8
99.2,37,Yes,1,1,1,One year,2153-MREFK,No,Yes,Female,1,3754.6,37-48,37,Yes,No,Yes,0,Yes,Electronic check,Yes,Yes,Yes,No,Yes,99.2,Fiber optic,99.2
75.3,13,Yes,1,1,1,One year,2157-MXBJS,No,Yes,Male,1,989.45,13-24,13,No,Yes,Yes,0,Yes,Mailed check,Yes,Yes,No,No,Yes,75.3,DSL,75.3
105.2,46,Yes,1,1,1,One year,2165-VOEGB,Yes,No,Female,1,4822.85,37-48,46,Yes,Yes,Yes,0,Yes,Bank transfer (automatic),No,Yes,Yes,Yes,No,105.2,Fiber optic,105.2
95.55,39,Yes,1,1,1,One year,2237-ZFSMY,No,Yes,Female,1,3692.85,37-48,39,Yes,Yes,No,0,Yes,Electronic check,No,Yes,Yes,No,No,95.55,Fiber optic,95.55
103.25,58,Yes,1,1,1,One year,2239-JALAW,No,Yes,Male,1,6017.65,49-60,58,No,Yes,Yes,0,Yes,Bank transfer (automatic),No,Yes,No,Yes,Yes,103.25,Fiber optic,103.25
80.3,38,Yes,1,1,1,One year,2321-OMBXY,Yes,No,Female,1,3058.65,37-48,38,Yes,Yes,Yes,0,Yes,Credit card (automatic),Yes,No,Yes,Yes,No,80.3,DSL,80.3
70.1,57,Yes,1,1,1,One year,2325-ZUSFD,Yes,No,Female,1,3913.3,49-60,57,No,Yes,Yes,0,Yes,Bank transfer (automatic),Yes,Yes,Yes,No,No,70.1,DSL,70.1
104.7,39,Yes,1,1,1,One year,2359-QWQUL,No,Yes,Female,1,4134.85,37-48,39,Yes,Yes,Yes,0,Yes,Credit card (automatic),Yes,Yes,Yes,No,No,104.7,Fiber optic,104.7
100.15,62,Yes,1,1,1,One year,2382-BCKQJ,Yes,Yes,Female,1,6413.65,61+,62,No,Yes,Yes,0,Yes,Electronic check,No,Yes,No,No,Yes,100.15,Fiber optic,100.15
111.95,41,Yes,1,1,1,One year,2403-BCASL,Yes,Yes,Male,1,4534.9,37-48,41,Yes,Yes,Yes,1,Yes,Electronic check,Yes,Yes,No,Yes,Yes,111.95,Fiber optic,111.95
110.15,59,Yes,1,1,1,One year,2408-TZMJL,No,Yes,Male,1,6448.05,49-60,59,No,Yes,Yes,0,Yes,Electronic check,Yes,Yes,Yes,Yes,Yes,110.15,Fiber optic,110.15
60.05,53,Yes,1,1,1,One year,2634-HCZGT,No,No,Male,1,3229.65,49-60,53,Yes,No,No,1,Yes,Electronic check,Yes,Yes,Yes,No,Yes,60.05,DSL,60.05
111.3,67,Yes,1,1,1,One year,2659-VXMWZ,Yes,Yes,Male,1,7482.1,61+,67,No,Yes,Yes,0,Yes,Electronic check,Yes,Yes,Yes,Yes,Yes,111.3,Fiber optic,111.3
19.75,8,Yes,1,1,1,One year,2667-WYLWJ,Yes,No,Female,1,145,0-12,8,No,No,No,0,Yes,Mailed check,Yes,Yes,No,No,No,19.75,No,19.75
105.65,64,Yes,1,1,1,One year,2722-VOJQL,No,No,Male,1,6903.1,61+,64,Yes,Yes,Yes,0,Yes,Credit card (automatic),No,Yes,No,Yes,Yes,105.65,Fiber optic,105.65
99.9,63,Yes,1,1,1,One year,2748-MYRVK,No,No,Female,1,6137,61+,63,No,Yes,Yes,0,Yes,Bank transfer (automatic),No,No,No,Yes,Yes,99.9,Fiber optic,99.9
60.45,53,Yes,1,1,1,One year,2794-XIMMO,No,Yes,Male,1,3184.25,49-60,53,Yes,Yes,Yes,0,No,Electronic check,Yes,Yes,No,Yes,No phone service,60.45,DSL,60.45
55.85,17,Yes,1,1,1,One year,2858-MOFSQ,Yes,Yes,Female,1,937.5,13-24,17,No,No,No,0,Yes,Mailed check,No,Yes,No,No,Yes,55.85,DSL,55.85
107.5,63,Yes,1,1,1,One year,2886-KEFUM,No,Yes,Female,1,6873.75,61+,63,No,Yes,Yes,0,Yes,Electronic check,Yes,Yes,No,Yes,Yes,107.5,Fiber optic,107.5
117.8,72,Yes,1,1,1,One year,2889-FPWRM,No,Yes,Male,1,8684.8,61+,72,Yes,Yes,Yes,0,Yes,Bank transfer (automatic),Yes,Yes,Yes,Yes,Yes,117.8,Fiber optic,117.8
55.95,21,Yes,1,1,1,One year,2898-LSJGD,Yes,Yes,Female,1,1157.05,13-24,21,No,Yes,Yes,0,No,Electronic check,Yes,Yes,Yes,No,No phone service,55.95,DSL,55.95
98.25,56,Yes,1,1,1,One year,2929-QNSRW,No,No,Female,1,5508.35,49-60,56,No,Yes,Yes,0,Yes,Electronic check,Yes,Yes,No,Yes,Yes,98.25,Fiber optic,98.25
99.2,40,Yes,1,1,1,One year,2995-UPRYS,No,No,Female,1,4062.2,37-48,40,Yes,Yes,Yes,1,Yes,Credit card (automatic),Yes,Yes,No,Yes,No,99.2,Fiber optic,99.2
96.75,62,Yes,1,1,1,One year,3009-JWMPU,No,Yes,Male,1,6125.4,61+,62,No,Yes,Yes,0,Yes,Electronic check,No,Yes,No,No,Yes,96.75,Fiber optic,96.75
34.7,48,Yes,1,1,1,One year,3034-ZBEQN,No,Yes,Female,1,1604.5,37-48,48,No,No,No,0,No,Mailed check,Yes,No,No,Yes,No phone service,34.7,DSL,34.7
102.6,41,Yes,1,1,1,One year,3058-HJCUY,Yes,Yes,Male,1,4213.35,37-48,41,Yes,Yes,Yes,0,Yes,Electronic check,Yes,Yes,No,No,Yes,102.6,Fiber optic,102.6
87.4,67,Yes,1,1,1,One year,3092-IGHWF,Yes,Yes,Male,1,5918.8,61+,67,No,No,No,0,Yes,Electronic check,Yes,No,No,Yes,Yes,87.4,Fiber optic,87.4
90.95,60,Yes,1,1,1,One year,3104-OWCGK,Yes,Yes,Male,1,5453.4,49-60,60,No,Yes,No,0,Yes,Electronic check,Yes,No,No,Yes,No,90.95,Fiber optic,90.95
70,5,Yes,1,1,1,One year,3164-AALRN,No,Yes,Male,1,347.4,0-12,5,No,Yes,Yes,0,Yes,Mailed check,No,Yes,No,No,No,70,DSL,70
100.6,49,Yes,1,1,1,One year,3190-XFANI,Yes,No,Male,1,5069.65,49-60,49,Yes,Yes,Yes,0,Yes,Bank transfer (automatic),No,Yes,No,No,Yes,100.6,Fiber optic,100.6
82,18,Yes,1,1,1,One year,3230-WYKIR,No,Yes,Male,1,1425.45,13-24,18,Yes,Yes,Yes,0,Yes,Credit card (automatic),No,Yes,No,No,Yes,82,DSL,82
85.55,59,Yes,1,1,1,One year,3313-QKNKB,No,No,Male,1,5084.65,49-60,59,No,No,Yes,0,Yes,Electronic check,Yes,No,No,No,Yes,85.55,Fiber optic,85.55
106.1,28,Yes,1,1,1,One year,3325-FUYCG,Yes,No,Male,1,2847.4,25-36,28,No,Yes,Yes,0,Yes,Electronic check,Yes,No,Yes,Yes,Yes,106.1,Fiber optic,106.1
94.35,67,Yes,1,1,1,One year,3351-NQLDI,Yes,No,Female,1,6341.45,61+,67,Yes,No,Yes,0,Yes,Credit card (automatic),Yes,Yes,Yes,No,Yes,94.35,Fiber optic,94.35
108.85,58,Yes,1,1,1,One year,3424-NMNBO,No,Yes,Male,1,6287.25,49-60,58,No,Yes,Yes,1,Yes,Electronic check,Yes,Yes,Yes,Yes,Yes,108.85,Fiber optic,108.85
69.5,22,Yes,1,1,1,One year,3523-QRQLL,Yes,No,Female,1,1498.2,13-24,22,No,Yes,Yes,0,Yes,Bank transfer (automatic),Yes,Yes,No,Yes,No,69.5,DSL,69.5
85.95,35,Yes,1,1,1,One year,3594-UVONA,No,Yes,Female,1,3110.1,25-36,35,Yes,Yes,Yes,0,Yes,Credit card (automatic),No,Yes,Yes,No,Yes,85.95,DSL,85.95
104.65,58,Yes,1,1,1,One year,3685-YLCMQ,No,Yes,Male,1,6219.6,49-60,58,Yes,Yes,Yes,0,Yes,Electronic check,No,Yes,No,No,Yes,104.65,Fiber optic,104.65
20.4,45,Yes,1,1,1,One year,3705-PSNGL,No,No,Male,1,930.45,37-48,45,No,No,No,0,Yes,Electronic check,No,Yes,No,No,No,20.4,No,20.4
84.05,32,Yes,1,1,1,One year,3707-LRWZD,No,No,Female,1,2781.85,25-36,32,No,Yes,No,0,Yes,Electronic check,No,No,No,No,Yes,84.05,Fiber optic,84.05
104.05,66,Yes,1,1,1,One year,3763-GCZHZ,No,No,Male,1,6890,61+,66,Yes,Yes,Yes,0,Yes,Electronic check,Yes,Yes,No,Yes,Yes,104.05,Fiber optic,104.05
53.65,12,Yes,1,1,1,One year,3863-IUBJR,Yes,No,Male,1,696.35,0-12,12,No,No,Yes,0,Yes,Credit card (automatic),Yes,No,No,No,No,53.65,DSL,53.65
110.35,54,Yes,1,1,1,One year,3870-MQAMG,No,Yes,Female,1,5893.15,49-60,54,Yes,Yes,Yes,0,Yes,Electronic check,Yes,No,No,Yes,Yes,110.35,Fiber optic,110.35
109.25,72,Yes,1,1,1,One year,3886-CERTZ,No,Yes,Female,1,8109.8,61+,72,Yes,Yes,Yes,0,Yes,Electronic check,Yes,Yes,No,Yes,Yes,109.25,Fiber optic,109.25
94.25,53,Yes,1,1,1,One year,3927-NLNRY,No,No,Male,1,4867.95,49-60,53,No,Yes,Yes,0,Yes,Bank transfer (automatic),Yes,Yes,No,Yes,No,94.25,Fiber optic,94.25
105.65,4,Yes,1,1,1,One year,3932-CMDTD,No,Yes,Female,1,443.9,0-12,4,Yes,Yes,Yes,0,Yes,Electronic check,No,Yes,No,Yes,No,105.65,Fiber optic,105.65
44.85,19,Yes,1,1,1,One year,4081-DYXAV,No,No,Female,1,893.55,13-24,19,No,Yes,Yes,0,No,Credit card (automatic),No,Yes,No,No,No phone service,44.85,DSL,44.85
104.15,55,Yes,1,1,1,One year,4088-YLDSU,No,Yes,Male,1,5743.05,49-60,55,Yes,Yes,Yes,0,Yes,Electronic check,Yes,Yes,No,No,Yes,104.15,Fiber optic,104.15
80,39,Yes,1,1,1,One year,4106-HADHQ,Yes,Yes,Male,1,3182.95,37-48,39,Yes,Yes,Yes,0,Yes,Credit card (automatic),Yes,No,Yes,No,No,80,DSL,80
66.5,41,Yes,1,1,1,One year,4174-LPGTI,Yes,No,Female,1,2728.6,37-48,41,Yes,No,Yes,0,Yes,Bank transfer (automatic),Yes,Yes,No,Yes,No,66.5,DSL,66.5
95.25,46,Yes,1,1,1,One year,4187-CINZD,No,No,Female,1,4424.2,37-48,46,No,Yes,Yes,1,Yes,Credit card (automatic),No,No,No,Yes,No,95.25,Fiber optic,95.25
108.45,68,Yes,1,1,1,One year,4250-ZBWLV,No,Yes,Male,1,7176.55,61+,68,Yes,Yes,Yes,0,Yes,Electronic check,No,No,No,Yes,Yes,108.45,Fiber optic,108.45
75.8,68,Yes,1,1,1,One year,4322-RCYMT,Yes,Yes,Male,1,5293.95,61+,68,Yes,No,Yes,0,Yes,Bank transfer (automatic),Yes,Yes,No,Yes,Yes,75.8,DSL,75.8
74.3,25,Yes,1,1,1,One year,4404-HIBDJ,No,Yes,Female,1,1863.8,25-36,25,Yes,Yes,No,0,Yes,Mailed check,No,No,Yes,Yes,No,74.3,DSL,74.3
19.85,2,Yes,1,1,1,One year,4464-JCOLN,Yes,No,Male,1,35.9,0-12,2,No,No,No,0,Yes,Mailed check,Yes,No,No,No,No,19.85,No,19.85
55.15,22,Yes,1,1,1,One year,4576-CSAJH,No,No,Male,1,1193.05,13-24,22,Yes,No,No,0,Yes,Credit card (automatic),No,Yes,No,Yes,No,55.15,DSL,55.15
24.9,56,Yes,1,1,1,One year,4597-ELFTS,No,No,Male,1,1334,49-60,56,No,No,No,0,Yes,Electronic check,No,No,No,No,Yes,24.9,No,24.9
90.4,25,Yes,1,1,1,One year,4607-CHPCA,Yes,No,Male,1,2178.6,25-36,25,No,Yes,Yes,0,Yes,Electronic check,Yes,Yes,No,No,No,90.4,Fiber optic,90.4
104.75,56,Yes,1,1,1,One year,4612-THJBS,No,Yes,Female,1,5510.65,49-60,56,No,Yes,Yes,1,Yes,Bank transfer (automatic),No,Yes,No,Yes,Yes,104.75,Fiber optic,104.75
85.15,35,Yes,1,1,1,One year,4628-WQCQQ,Yes,Yes,Male,1,3030.6,25-36,35,No,Yes,No,0,Yes,Electronic check,No,Yes,No,No,No,85.15,Fiber optic,85.15
100.3,56,Yes,1,1,1,One year,4710-FDUIZ,No,No,Male,1,5614.45,49-60,56,No,Yes,Yes,0,Yes,Credit card (automatic),Yes,No,No,Yes,Yes,100.3,Fiber optic,100.3
59.9,46,Yes,1,1,1,One year,4785-QRJHC,No,Yes,Male,1,2816.65,37-48,46,Yes,Yes,Yes,1,No,Bank transfer (automatic),Yes,Yes,No,Yes,No phone service,59.9,DSL,59.9
110.85,47,Yes,1,1,1,One year,4789-KWMXN,No,Yes,Male,1,5275.8,37-48,47,Yes,Yes,Yes,0,Yes,Credit card (automatic),Yes,Yes,Yes,No,Yes,110.85,Fiber optic,110.85
99.5,59,Yes,1,1,1,One year,4791-QRGMF,No,Yes,Male,1,5961.1,49-60,59,No,Yes,Yes,0,Yes,Bank transfer (automatic),Yes,Yes,No,No,Yes,99.5,Fiber optic,99.5
103.25,48,Yes,1,1,1,One year,4800-CZMPC,Yes,No,Female,1,5037.55,37-48,48,No,Yes,Yes,0,Yes,Credit card (automatic),Yes,Yes,Yes,Yes,Yes,103.25,Fiber optic,103.25
41.6,11,Yes,1,1,1,One year,4905-JEFDW,No,Yes,Male,1,470.6,0-12,11,No,Yes,No,0,No,Electronic check,No,Yes,No,No,No phone service,41.6,DSL,41.6
104.55,56,Yes,1,1,1,One year,4913-EHYUI,Yes,Yes,Male,1,5794.65,49-60,56,No,Yes,Yes,1,Yes,Bank transfer (automatic),Yes,Yes,Yes,No,Yes,104.55,Fiber optic,104.55
82.45,54,Yes,1,1,1,One year,5020-ZSTTY,No,No,Female,1,4350.1,49-60,54,Yes,Yes,Yes,1,Yes,Bank transfer (automatic),No,No,Yes,Yes,Yes,82.45,DSL,82.45
103.7,33,Yes,1,1,1,One year,5136-KCKGI,Yes,Yes,Female,1,3467,25-36,33,No,Yes,Yes,0,Yes,Mailed check,Yes,Yes,Yes,No,Yes,103.7,Fiber optic,103.7
59.3,51,Yes,1,1,1,One year,5294-CDGWY,Yes,Yes,Male,1,3014.65,49-60,51,No,Yes,Yes,0,No,Electronic check,Yes,No,Yes,Yes,No phone service,59.3,DSL,59.3
102,62,Yes,1,1,1,One year,5445-PZWGX,No,No,Male,1,6529.25,61+,62,Yes,No,Yes,0,Yes,Electronic check,No,No,Yes,Yes,Yes,102,Fiber optic,102
106,61,Yes,1,1,1,One year,5469-CTCWN,Yes,No,Male,1,6547.7,61+,61,No,Yes,Yes,0,Yes,Electronic check,Yes,Yes,Yes,Yes,Yes,106,Fiber optic,106
95.5,12,Yes,1,1,1,One year,5649-VUKMC,No,Yes,Female,1,1115.15,0-12,12,No,Yes,Yes,0,Yes,Mailed check,No,No,No,No,No,95.5,Fiber optic,95.5
100.95,19,Yes,1,1,1,One year,5828-AVIPD,Yes,No,Male,1,1875.55,13-24,19,Yes,Yes,Yes,0,Yes,Electronic check,Yes,Yes,No,No,Yes,100.95,Fiber optic,100.95
54.15,45,Yes,1,1,1,One year,5906-CVLHP,Yes,No,Female,1,2319.8,37-48,45,Yes,No,No,0,Yes,Credit card (automatic),Yes,Yes,No,Yes,No,54.15,DSL,54.15
102.45,66,Yes,1,1,1,One year,6097-EQISJ,Yes,Yes,Female,1,6615.15,61+,66,No,Yes,Yes,0,Yes,Credit card (automatic),Yes,Yes,No,Yes,Yes,102.45,Fiber optic,102.45
24.1,9,Yes,1,1,1,One year,6158-DWPZT,No,No,Male,1,259.8,0-12,9,No,No,No,0,No,Bank transfer (automatic),Yes,No,No,No,No phone service,24.1,DSL,24.1
73.9,42,Yes,1,1,1,One year,6261-RCVNS,No,Yes,Female,1,3160.55,37-48,42,Yes,No,Yes,0,Yes,Credit card (automatic),No,No,Yes,Yes,No,73.9,DSL,73.9
94.4,60,Yes,1,1,1,One year,6270-OMFIW,No,No,Male,1,5610.25,49-60,60,No,Yes,Yes,0,Yes,Electronic check,Yes,Yes,No,Yes,No,94.4,Fiber optic,94.4
73.9,33,Yes,1,1,1,One year,6289-CPNLD,Yes,Yes,Male,1,2405.05,25-36,33,Yes,Yes,Yes,0,Yes,Mailed check,Yes,Yes,No,No,No,73.9,DSL,73.9
79.45,31,Yes,1,1,1,One year,6302-JGYRJ,Yes,No,Male,1,2587.7,25-36,31,Yes,Yes,Yes,0,Yes,Mailed check,No,Yes,No,Yes,Yes,79.45,DSL,79.45
104.05,69,Yes,1,1,1,One year,6305-YLBMM,No,Yes,Male,1,7262,61+,69,Yes,Yes,Yes,0,Yes,Bank transfer (automatic),No,Yes,No,Yes,No,104.05,Fiber optic,104.05
88.4,44,Yes,1,1,1,One year,6345-ULYRW,No,No,Male,1,3912.9,37-48,44,No,No,Yes,1,Yes,Mailed check,Yes,No,No,Yes,Yes,88.4,Fiber optic,88.4
105.95,66,Yes,1,1,1,One year,6425-YQLLO,No,Yes,Female,1,6975.25,61+,66,Yes,Yes,Yes,1,Yes,Credit card (automatic),Yes,Yes,No,No,Yes,105.95,Fiber optic,105.95
90.6,67,Yes,1,1,1,One year,6481-OGDOO,No,No,Male,1,6056.15,61+,67,No,No,Yes,0,Yes,Credit card (automatic),Yes,Yes,Yes,Yes,No,90.6,Fiber optic,90.6
20.8,53,Yes,1,1,1,One year,6532-YLWSI,No,No,Female,1,1021.8,49-60,53,No,No,No,0,Yes,Bank transfer (automatic),Yes,No,No,No,No,20.8,No,20.8
19.3,2,Yes,1,1,1,One year,6598-RFFVI,No,No,Male,1,28.3,0-12,2,No,No,No,0,Yes,Credit card (automatic),No,No,No,No,No,19.3,No,19.3
85.35,30,Yes,1,1,1,One year,6635-MYYYZ,No,Yes,Female,1,2530.4,25-36,30,Yes,Yes,Yes,0,Yes,Bank transfer (automatic),No,No,Yes,Yes,No,85.35,DSL,85.35
103.75,62,Yes,1,1,1,One year,6646-QVXLR,No,Yes,Male,1,6383.35,61+,62,No,Yes,Yes,1,Yes,Electronic check,Yes,Yes,No,Yes,Yes,103.75,Fiber optic,103.75
111.95,56,Yes,1,1,1,One year,6664-FPDAC,No,Yes,Female,1,6418.9,49-60,56,Yes,Yes,Yes,1,Yes,Electronic check,No,Yes,No,Yes,Yes,111.95,Fiber optic,111.95
105,52,Yes,1,1,1,One year,6769-DCQLI,No,Yes,Male,1,5426.85,49-60,52,Yes,Yes,Yes,0,Yes,Bank transfer (automatic),No,Yes,No,Yes,No,105,Fiber optic,105
106.95,53,Yes,1,1,1,One year,6777-TGHTM,No,Yes,Female,1,5785.5,49-60,53,No,Yes,Yes,0,Yes,Credit card (automatic),No,Yes,Yes,No,Yes,106.95,Fiber optic,106.95
100,19,Yes,1,1,1,One year,6849-OYAMU,Yes,No,Male,1,1888.65,13-24,19,Yes,Yes,Yes,0,Yes,Bank transfer (automatic),Yes,No,No,Yes,No,100,Fiber optic,100
89.05,25,Yes,1,1,1,One year,6946-LMSQS,No,No,Male,1,2177.45,25-36,25,No,No,Yes,1,Yes,Electronic check,Yes,Yes,Yes,No,Yes,89.05,Fiber optic,89.05
105.4,54,Yes,1,1,1,One year,7055-VKGDA,No,No,Male,1,5643.4,49-60,54,Yes,Yes,Yes,0,Yes,Credit card (automatic),No,Yes,Yes,Yes,No,105.4,Fiber optic,105.4
106.25,65,Yes,1,1,1,One year,7067-KSAZT,No,Yes,Female,1,6979.8,61+,65,No,Yes,Yes,1,Yes,Electronic check,Yes,Yes,No,Yes,Yes,106.25,Fiber optic,106.25
104.4,61,Yes,1,1,1,One year,7124-UGSUR,No,Yes,Female,1,6405,61+,61,No,Yes,Yes,1,Yes,Credit card (automatic),Yes,Yes,No,Yes,Yes,104.4,Fiber optic,104.4
45.25,70,Yes,1,1,1,One year,7136-RVDTZ,No,No,Male,1,3264.45,61+,70,No,Yes,Yes,1,No,Electronic check,No,Yes,No,No,No phone service,45.25,DSL,45.25
100,43,Yes,1,1,1,One year,7486-KSRVI,No,No,Male,1,4211.55,37-48,43,Yes,Yes,Yes,0,Yes,Electronic check,No,Yes,No,No,Yes,100,Fiber optic,100
65.4,36,Yes,1,1,1,One year,7541-YLXCL,No,No,Male,1,2498.4,25-36,36,Yes,No,Yes,0,Yes,Mailed check,No,Yes,No,Yes,No,65.4,DSL,65.4
51.8,49,Yes,1,1,1,One year,7614-QVWQL,Yes,No,Male,1,2541.25,49-60,49,No,Yes,Yes,0,No,Bank transfer (automatic),Yes,Yes,No,Yes,No phone service,51.8,DSL,51.8
110.9,66,Yes,1,1,1,One year,7632-MNYOY,No,Yes,Male,1,7432.05,61+,66,Yes,Yes,Yes,1,Yes,Credit card (automatic),No,No,No,Yes,Yes,110.9,Fiber optic,110.9
70.15,38,Yes,1,1,1,One year,7657-DYEPJ,No,Yes,Male,1,2497.35,37-48,38,Yes,Yes,No,1,Yes,Credit card (automatic),No,Yes,No,Yes,No,70.15,DSL,70.15
104.1,67,Yes,1,1,1,One year,7694-VLBWQ,No,Yes,Male,1,7040.85,61+,67,No,Yes,Yes,0,Yes,Electronic check,Yes,No,No,Yes,Yes,104.1,Fiber optic,104.1
82.05,48,Yes,1,1,1,One year,7716-YTYHG,Yes,No,Female,1,4029.95,37-48,48,No,No,Yes,0,Yes,Mailed check,Yes,Yes,No,No,Yes,82.05,Fiber optic,82.05
103.45,31,Yes,1,1,1,One year,7774-OJSXI,No,Yes,Male,1,3066.45,25-36,31,No,Yes,Yes,0,Yes,Electronic check,No,Yes,No,Yes,Yes,103.45,Fiber optic,103.45
62.3,38,Yes,1,1,1,One year,7931-PXHFC,No,Yes,Male,1,2354.8,37-48,38,Yes,No,Yes,0,Yes,Mailed check,No,Yes,No,No,No,62.3,DSL,62.3
42.35,40,Yes,1,1,1,One year,8035-BUYVG,No,Yes,Male,1,1716.45,37-48,40,No,No,No,0,No,Electronic check,Yes,Yes,Yes,Yes,No phone service,42.35,DSL,42.35
89.75,65,Yes,1,1,1,One year,8079-XRJRS,No,Yes,Male,1,5769.6,61+,65,No,No,No,0,Yes,Electronic check,Yes,No,Yes,Yes,Yes,89.75,Fiber optic,89.75
118.35,67,Yes,1,1,1,One year,8199-ZLLSA,No,Yes,Male,1,7804.15,61+,67,Yes,Yes,Yes,0,Yes,Bank transfer (automatic),No,Yes,Yes,Yes,Yes,118.35,Fiber optic,118.35
43.75,22,Yes,1,1,1,One year,8205-OTCHB,No,Yes,Male,1,903.6,13-24,22,No,No,Yes,0,No,Bank transfer (automatic),No,Yes,No,Yes,No phone service,43.75,DSL,43.75
103.75,33,Yes,1,1,1,One year,8267-ZNYVZ,No,Yes,Female,1,3361.05,25-36,33,Yes,Yes,Yes,0,Yes,Electronic check,Yes,Yes,Yes,No,No,103.75,Fiber optic,103.75
107.55,43,Yes,1,1,1,One year,8327-LZKAS,No,Yes,Female,1,4533.9,37-48,43,Yes,Yes,Yes,1,Yes,Electronic check,Yes,Yes,No,No,Yes,107.55,Fiber optic,107.55
77.5,21,Yes,1,1,1,One year,8559-CIZFV,Yes,No,Male,1,1625,13-24,21,Yes,Yes,No,0,Yes,Mailed check,Yes,No,Yes,Yes,Yes,77.5,DSL,77.5
49.75,7,Yes,1,1,1,One year,8563-IIOXK,Yes,No,Male,1,331.3,0-12,7,No,No,No,0,Yes,Electronic check,Yes,Yes,Yes,No,No,49.75,DSL,49.75
53.95,44,Yes,1,1,1,One year,8627-EHGIP,No,Yes,Male,1,2375.4,37-48,44,No,Yes,Yes,0,No,Mailed check,No,Yes,No,Yes,No phone service,53.95,DSL,53.95
104.7,69,Yes,1,1,1,One year,8634-CILSZ,No,No,Male,1,7220.35,61+,69,Yes,Yes,Yes,0,Yes,Bank transfer (automatic),No,Yes,No,Yes,Yes,104.7,Fiber optic,104.7
106,60,Yes,1,1,1,One year,8651-ENBZX,No,Yes,Female,1,6441.4,49-60,60,Yes,Yes,Yes,1,Yes,Electronic check,No,Yes,No,No,Yes,106,Fiber optic,106
106.55,54,Yes,1,1,1,One year,8849-GYOKR,No,No,Female,1,5763.3,49-60,54,No,Yes,Yes,0,Yes,Bank transfer (automatic),Yes,No,Yes,Yes,Yes,106.55,Fiber optic,106.55
60.35,48,Yes,1,1,1,One year,8869-TORSS,No,Yes,Female,1,2896.4,37-48,48,Yes,No,No,0,Yes,Credit card (automatic),No,Yes,Yes,No,No,60.35,DSL,60.35
94.8,51,Yes,1,1,1,One year,8945-MUQUF,No,No,Male,1,4837.6,49-60,51,No,Yes,No,0,Yes,Electronic check,No,Yes,Yes,Yes,Yes,94.8,Fiber optic,94.8
74.05,12,Yes,1,1,1,One year,9033-EOXWV,No,No,Female,1,872.65,0-12,12,Yes,Yes,Yes,0,Yes,Mailed check,No,No,No,No,Yes,74.05,DSL,74.05
108.55,50,Yes,1,1,1,One year,9101-BWFSS,No,No,Female,1,5610.7,49-60,50,Yes,Yes,Yes,0,Yes,Electronic check,Yes,No,Yes,Yes,Yes,108.55,Fiber optic,108.55
100.45,49,Yes,1,1,1,One year,9139-WQQDY,Yes,No,Female,1,4941.8,49-60,49,No,Yes,Yes,0,Yes,Mailed check,Yes,No,No,Yes,Yes,100.45,Fiber optic,100.45
111.25,52,Yes,1,1,1,One year,9249-FXSCK,No,No,Female,1,5916.45,49-60,52,Yes,Yes,Yes,0,Yes,Credit card (automatic),No,Yes,Yes,Yes,Yes,111.25,Fiber optic,111.25
98.6,17,Yes,1,1,1,One year,9254-RBFON,Yes,Yes,Female,1,1704.95,13-24,17,Yes,Yes,Yes,0,Yes,Bank transfer (automatic),Yes,No,No,No,No,98.6,Fiber optic,98.6
109.55,43,Yes,1,1,1,One year,9360-AHGNL,No,Yes,Female,1,4830.25,37-48,43,Yes,Yes,Yes,1,Yes,Mailed check,Yes,Yes,Yes,No,Yes,109.55,Fiber optic,109.55
70.15,54,Yes,1,1,1,One year,9378-FXTIZ,No,No,Female,1,3715.65,49-60,54,No,Yes,Yes,0,Yes,Credit card (automatic),Yes,Yes,No,No,Yes,70.15,DSL,70.15
100.05,64,Yes,1,1,1,One year,9518-RWHZL,No,Yes,Female,1,6254.2,61+,64,No,Yes,Yes,0,Yes,Credit card (automatic),No,Yes,No,No,Yes,100.05,Fiber optic,100.05
70.45,38,Yes,1,1,1,One year,9565-JSNFM,No,No,Male,1,2597.6,37-48,38,No,No,No,0,Yes,Bank transfer (automatic),No,Yes,No,No,No,70.45,Fiber optic,70.45
106.1,53,Yes,1,1,1,One year,9651-GTSAQ,No,Yes,Female,1,5769.75,49-60,53,No,Yes,Yes,0,Yes,Bank transfer (automatic),Yes,Yes,Yes,Yes,No,106.1,Fiber optic,106.1
89.55,39,Yes,1,1,1,One year,9831-BPFRI,Yes,Yes,Female,1,3474.45,37-48,39,Yes,No,No,0,Yes,Electronic check,Yes,Yes,No,Yes,Yes,89.55,Fiber optic,89.55
110.85,66,Yes,1,1,1,One year,9835-ZIITK,No,Yes,Male,1,7491.75,61+,66,Yes,Yes,Yes,1,Yes,Electronic check,Yes,Yes,No,Yes,Yes,110.85,Fiber optic,110.85
19.75,53,Yes,1,1,1,Two year,0607-DAAHE,Yes,No,Male,1,1052.35,49-60,53,No,No,No,0,Yes,Bank transfer (automatic),No,No,No,No,No,19.75,No,19.75
47.85,64,Yes,1,1,1,Two year,0617-AQNWT,No,Yes,Female,1,3147.5,61+,64,Yes,No,Yes,0,No,Electronic check,Yes,No,Yes,No,No phone service,47.85,DSL,47.85
104.15,72,Yes,1,1,1,Two year,0917-EZOLA,No,Yes,Male,1,7689.95,61+,72,No,Yes,Yes,1,Yes,Bank transfer (automatic),Yes,Yes,No,Yes,Yes,104.15,Fiber optic,104.15
25.15,56,Yes,1,1,1,Two year,1043-YCUTE,No,No,Male,1,1327.15,49-60,56,No,No,No,0,Yes,Credit card (automatic),Yes,Yes,No,No,Yes,25.15,No,25.15
108.75,67,Yes,1,1,1,Two year,1150-WFARN,Yes,Yes,Female,1,7156.2,61+,67,Yes,Yes,Yes,0,Yes,Credit card (automatic),Yes,Yes,Yes,No,Yes,108.75,Fiber optic,108.75
95.25,57,Yes,1,1,1,Two year,1447-PJGGA,No,Yes,Female,1,5464.65,49-60,57,No,Yes,Yes,0,Yes,Electronic check,No,Yes,No,No,No,95.25,Fiber optic,95.25
96.25,52,Yes,1,1,1,Two year,1527-SXDPN,Yes,Yes,Male,1,4990.25,49-60,52,Yes,No,Yes,0,Yes,Bank transfer (automatic),Yes,Yes,No,No,Yes,96.25,Fiber optic,96.25
114.2,70,Yes,1,1,1,Two year,1555-DJEQW,Yes,Yes,Female,1,7723.9,61+,70,Yes,Yes,Yes,0,Yes,Bank transfer (automatic),Yes,Yes,Yes,Yes,Yes,114.2,Fiber optic,114.2
109.75,54,Yes,1,1,1,Two year,1725-IQNIY,No,Yes,Male,1,6110.2,49-60,54,Yes,Yes,Yes,0,Yes,Bank transfer (automatic),Yes,No,Yes,Yes,No,109.75,Fiber optic,109.75
93.9,70,Yes,1,1,1,Two year,2225-ZRGSG,Yes,Yes,Female,1,6579.05,61+,70,Yes,No,No,0,Yes,Bank transfer (automatic),Yes,No,Yes,Yes,Yes,93.9,Fiber optic,93.9
93.7,71,Yes,1,1,1,Two year,2530-ENDWQ,No,No,Female,1,6585.35,61+,71,No,Yes,Yes,0,Yes,Bank transfer (automatic),Yes,Yes,No,No,Yes,93.7,Fiber optic,93.7
94.1,61,Yes,1,1,1,Two year,2533-QVMSK,No,No,Male,1,5638.3,61+,61,Yes,Yes,No,0,Yes,Electronic check,Yes,Yes,No,Yes,Yes,94.1,Fiber optic,94.1
108.05,71,Yes,1,1,1,Two year,2834-JRTUA,No,Yes,Male,1,7532.15,61+,71,Yes,Yes,Yes,0,Yes,Electronic check,No,Yes,Yes,No,Yes,108.05,Fiber optic,108.05
111.6,61,Yes,1,1,1,Two year,3090-HAWSU,No,Yes,Male,1,6876.05,61+,61,Yes,Yes,Yes,0,Yes,Credit card (automatic),No,Yes,Yes,No,Yes,111.6,Fiber optic,111.6
110,68,Yes,1,1,1,Two year,3192-NQECA,No,Yes,Male,1,7611.85,61+,68,Yes,Yes,Yes,0,Yes,Bank transfer (automatic),Yes,Yes,No,Yes,Yes,110,Fiber optic,110
106,71,Yes,1,1,1,Two year,3259-FDWOY,Yes,Yes,Male,1,7723.7,61+,71,No,Yes,Yes,0,Yes,Bank transfer (automatic),Yes,Yes,No,Yes,Yes,106,Fiber optic,106
57.55,55,Yes,1,1,1,Two year,3400-ESFUW,Yes,No,Male,1,3046.4,49-60,55,Yes,No,No,0,Yes,Bank transfer (automatic),Yes,No,Yes,Yes,No,57.55,DSL,57.55
65.3,70,Yes,1,1,1,Two year,3512-IZIKN,No,Yes,Female,1,4759.75,61+,70,Yes,No,No,0,Yes,Credit card (automatic),Yes,No,Yes,No,Yes,65.3,DSL,65.3
79.7,67,Yes,1,1,1,Two year,4355-HBJHH,Yes,Yes,Male,1,5293.4,61+,67,No,Yes,Yes,0,Yes,Electronic check,Yes,Yes,Yes,No,Yes,79.7,DSL,79.7
104,70,Yes,1,1,1,Two year,4853-RULSV,No,No,Male,1,7250.15,61+,70,Yes,Yes,Yes,0,Yes,Credit card (automatic),No,Yes,Yes,No,Yes,104,Fiber optic,104
109.65,50,Yes,1,1,1,Two year,5013-SBUIH,No,No,Female,1,5551.15,49-60,50,Yes,Yes,Yes,0,Yes,Electronic check,No,Yes,Yes,Yes,Yes,109.65,Fiber optic,109.65
109.45,58,Yes,1,1,1,Two year,5089-IFSDP,No,Yes,Female,1,6144.55,49-60,58,No,Yes,Yes,0,Yes,Bank transfer (automatic),Yes,Yes,Yes,Yes,Yes,109.45,Fiber optic,109.45
112.95,57,Yes,1,1,1,Two year,5236-PERKL,No,Yes,Female,1,6465,49-60,57,No,Yes,Yes,0,Yes,Bank transfer (automatic),No,Yes,Yes,Yes,Yes,112.95,Fiber optic,112.95
113.15,68,Yes,1,1,1,Two year,5271-YNWVR,Yes,Yes,Male,1,7856,61+,68,Yes,Yes,Yes,0,Yes,Electronic check,Yes,Yes,Yes,Yes,Yes,113.15,Fiber optic,113.15
108.4,69,Yes,1,1,1,Two year,5440-FLBQG,No,Yes,Male,1,7318.2,61+,69,Yes,Yes,Yes,1,Yes,Bank transfer (automatic),Yes,Yes,No,Yes,Yes,108.4,Fiber optic,108.4
74.8,65,Yes,1,1,1,Two year,5458-CQJTA,Yes,No,Male,1,4820.15,61+,65,Yes,Yes,Yes,0,Yes,Bank transfer (automatic),Yes,Yes,Yes,No,No,74.8,DSL,74.8
106.5,69,Yes,1,1,1,Two year,5748-RNCJT,No,Yes,Male,1,7348.8,61+,69,Yes,Yes,Yes,0,Yes,Bank transfer (automatic),No,Yes,No,No,Yes,106.5,Fiber optic,106.5
54.2,72,Yes,1,1,1,Two year,6034-ZRYCV,No,Yes,Female,1,3937.45,61+,72,No,Yes,Yes,0,No,Electronic check,Yes,Yes,No,Yes,No phone service,54.2,DSL,54.2
19.35,59,Yes,1,1,1,Two year,6323-AYBRX,No,No,Male,1,1099.6,49-60,59,No,No,No,0,Yes,Mailed check,No,No,No,No,No,19.35,No,19.35
107.95,49,Yes,1,1,1,Two year,6386-SZZKH,Yes,Yes,Female,1,5293.2,49-60,49,Yes,Yes,Yes,0,Yes,Bank transfer (automatic),Yes,Yes,No,Yes,Yes,107.95,Fiber optic,107.95
49.35,71,Yes,1,1,1,Two year,6559-ILWKJ,No,No,Male,1,3515.25,61+,71,No,Yes,Yes,0,No,Electronic check,Yes,No,No,Yes,No phone service,49.35,DSL,49.35
104.6,43,Yes,1,1,1,Two year,6680-NENYN,No,Yes,Female,1,4759.85,37-48,43,No,Yes,Yes,0,Yes,Electronic check,No,Yes,No,Yes,Yes,104.6,Fiber optic,104.6
98.3,70,Yes,1,1,1,Two year,6797-LNAQX,Yes,No,Male,1,6859.5,61+,70,No,Yes,Yes,0,Yes,Bank transfer (automatic),Yes,No,No,Yes,Yes,98.3,Fiber optic,98.3
106.6,61,Yes,1,1,1,Two year,6804-GDMOI,No,Yes,Female,1,6428.4,61+,61,Yes,Yes,Yes,0,Yes,Electronic check,No,Yes,No,No,Yes,106.6,Fiber optic,106.6
108.65,65,Yes,1,1,1,Two year,6990-YNRIO,Yes,Yes,Male,1,6937.95,61+,65,Yes,Yes,Yes,0,Yes,Bank transfer (automatic),Yes,No,Yes,No,Yes,108.65,Fiber optic,108.65
54.35,46,Yes,1,1,1,Two year,7253-UVNDW,No,Yes,Female,1,2460.15,37-48,46,Yes,No,No,0,Yes,Credit card (automatic),No,No,No,No,No,54.35,DSL,54.35
108.6,71,Yes,1,1,1,Two year,7317-GGVPB,No,Yes,Male,1,7690.9,61+,71,Yes,Yes,Yes,0,Yes,Credit card (automatic),Yes,Yes,No,Yes,Yes,108.6,Fiber optic,108.6
70.2,64,Yes,1,1,1,Two year,7359-SSBJK,No,No,Female,1,4481,61+,64,Yes,Yes,No,1,Yes,Credit card (automatic),No,Yes,Yes,Yes,No,70.2,DSL,70.2
80.45,39,Yes,1,1,1,Two year,7666-WKRON,No,Yes,Female,1,3201.55,37-48,39,Yes,No,No,0,Yes,Electronic check,No,Yes,No,No,No,80.45,Fiber optic,80.45
106.05,66,Yes,1,1,1,Two year,7762-URZQH,No,Yes,Male,1,6981.35,61+,66,No,Yes,Yes,0,Yes,Credit card (automatic),Yes,Yes,Yes,No,Yes,106.05,Fiber optic,106.05
24.5,33,Yes,1,1,1,Two year,7951-QKZPL,Yes,No,Female,1,740.3,25-36,33,No,No,No,0,Yes,Mailed check,Yes,Yes,No,No,Yes,24.5,No,24.5
80.55,66,Yes,1,1,1,Two year,8166-ZZTFS,No,Yes,Female,1,5265.1,61+,66,No,Yes,Yes,1,Yes,Bank transfer (automatic),Yes,Yes,No,Yes,Yes,80.55,DSL,80.55
24.75,25,Yes,1,1,1,Two year,8515-OCTJS,No,No,Female,1,692.1,25-36,25,No,No,No,0,Yes,Credit card (automatic),No,No,No,No,Yes,24.75,No,24.75
92.45,72,Yes,1,1,1,Two year,8580-QVLOC,Yes,Yes,Female,1,6440.25,61+,72,Yes,Yes,Yes,1,Yes,Credit card (automatic),Yes,No,Yes,Yes,Yes,92.45,DSL,92.45
79.4,66,Yes,1,1,1,Two year,8631-NBHFZ,Yes,Yes,Male,1,5154.6,61+,66,Yes,Yes,No,1,Yes,Credit card (automatic),Yes,No,Yes,Yes,Yes,79.4,DSL,79.4
103.4,72,Yes,1,1,1,Two year,8809-RIHDD,Yes,Yes,Male,1,7372.65,61+,72,No,Yes,Yes,0,Yes,Electronic check,Yes,Yes,No,Yes,Yes,103.4,Fiber optic,103.4
116.2,67,Yes,1,1,1,Two year,9053-JZFKV,No,Yes,Male,1,7752.3,61+,67,Yes,Yes,Yes,0,Yes,Credit card (automatic),No,No,Yes,Yes,Yes,116.2,Fiber optic,116.2
95.5,48,Yes,1,1,1,Two year,9412-ARGBX,Yes,Yes,Female,1,4627.85,37-48,48,Yes,Yes,No,0,Yes,Mailed check,No,Yes,No,Yes,No,95.5,Fiber optic,95.5
